,같고,같네요,같다,같습니다,같아,같아서,같아요,같은,같은데,굉장히,그런,그런지,기대하고,넘치는,많아서,많은,멋지고,멋진,새로운,솔직히,아깝지,아니,아니라,아닌,아름다운,아쉬운,아쉬워요,아쉽네요,어떤,어떻게,엄청난,없고,없네요,없는,없다,없어,없어서,없을,여전히,예쁘고,완벽한,유명한,이런,입니다,있게,있고,있네요,있는,있는데,있다,있다면,있습니다,있어,있어서,있어요,있었는데,있었다,있었던,있었습니다,있었어요,있었지만,있을,있지만,재미있게,재미있어요,재미있었어요,재밌게,재밌고,재밌는,재밌습니다,재밌어요,재밌었습니다,재밌었어요,좋겠습니다,좋겠어요,좋고,좋네요,좋다,좋습니다,좋아,좋아서,좋아요,좋아하는,좋았고,좋았구요,좋았다,좋았던,좋았습니다,좋았어요,좋았지만,좋은,좋을,즐거운,즐겁게,추합니다,행복한,행복했습니다,화려하고,화려한,훌륭한
0,0.02120311,0.025666923,0.050217893,0.118291037,0.027898829,0.023435017,0.251089465,0.174088695,0.014507391,0.023435017,0.046870033,0.063609331,0.015623344,0.021659109,0.032362642,0.078116722,0.018631688,0.14395796,0.035710502,0.032362642,0.009315844,0.014507391,0.044638127,0.037942408,0.077000769,0.041290268,0.013391438,0.025666923,0.039058361,0.034594548,0.006695719,0.042406221,0.020087157,0.09150816,0.007979672,0.013391438,0.02455097,0.012275485,0.016739298,0.010043579,0.015623344,0.029165146,0.04575408,0.311350936,0.040174314,0.069189097,0.014507391,0.340365719,0.023435017,0.023435017,0.014507391,0.030130736,0.058029565,0.133914381,0.017855251,0.02455097,0.020087157,0.044638127,0.060261472,0.027898829,0.03305864,0.026782876,0.015623344,0.072536956,0.011159532,0.030130736,0.097087926,0.02120311,0.014507391,0.003419859,0.031246689,0.025666923,0.041290268,0.022319064,0.02455097,0.179668461,0.044638127,0.023435017,0.023435017,0.015623344,0.055797659,0.110479364,0.072536956,0.113827224,0.023435017,0.04910194,0.034594548,0.33367,0.257785184,0.019379203,0.513338461,0.041290268,0.111595318,0.071421003,0.018971204,0.093740067,0.040174314,0.007945046,0.017843388,0.020087157
1,0.020779196,0.035826201,0.040125345,0.104254243,0.022928768,0.028302698,0.243976425,0.16623357,0.0179131,0.03045227,0.055888873,0.075951545,0.022570506,0.024885747,0.031527056,0.089207239,0.027664239,0.207075439,0.048007109,0.030094008,0.024299669,0.012180908,0.051589729,0.023645292,0.031168794,0.051231467,0.016480052,0.02686965,0.02866096,0.053381039,0.008240026,0.029019222,0.017554838,0.104970767,0.005489503,0.011464384,0.02507834,0.018987886,0.033318366,0.00716524,0.026153126,0.027308996,0.051947991,0.394446468,0.039767083,0.076668069,0.022212244,0.247200783,0.02686965,0.015405266,0.020062672,0.046215799,0.046932323,0.112852532,0.025436602,0.031885318,0.017554838,0.032601842,0.052664515,0.027944436,0.035498786,0.0179131,0.031168794,0.074518497,0.024361816,0.024720078,0.124675178,0.045141013,0.027227912,0.013540774,0.043707965,0.01970441,0.047290585,0.022212244,0.033318366,0.213165893,0.067353257,0.0179131,0.044782751,0.017554838,0.073443711,0.186654505,0.088848977,0.127541274,0.040841869,0.043707965,0.042991441,0.329242783,0.279444364,0.030741216,0.433497026,0.02686965,0.079892427,0.069502829,0.02328703,0.048007109,0.035826201,0.008927282,0.033988409,0.02507834
2,0.017723742,0.04608173,0.033675111,0.115204326,0.1169767,0.030130362,0.260539013,0.115204326,0.024813239,0.053171227,0.102797706,0.079756841,0.023040865,0.068798669,0.051398853,0.081529215,0.029591138,0.106342454,0.049626479,0.037219859,0.014795569,0.014178994,0.049626479,0.053171227,0.008861871,0.049626479,0.001772374,0.040764608,0.037219859,0.05848835,0.014178994,0.040764608,0.023040865,0.132928068,0.007241965,0.024813239,0.021268491,0.019496117,0.023040865,0.024813239,0.01240662,0.131241528,0.063805473,0.320799737,0.054943601,0.095708209,0.015951368,0.407646075,0.028357988,0.023040865,0.023040865,0.04608173,0.067350221,0.145334688,0.030130362,0.028357988,0.017723742,0.044309356,0.076212092,0.049626479,0.036209826,0.049626479,0.04608173,0.127610945,0.030130362,0.051398853,0.198505915,0.074439718,0.056715976,0.01448393,0.047854104,0.054943601,0.076212092,0.024813239,0.015951368,0.125838571,0.026585614,0.008861871,0.038992233,0.021268491,0.040764608,0.081529215,0.035447485,0.101025332,0.037219859,0.023040865,0.033675111,0.20914016,0.235725774,0.01448393,0.331433983,0.060260724,0.232181025,0.219774406,0.040764608,0.051398853,0.010634245,0.037855339,0.073681781,0.01240662
3,0.007263038,0.006408563,0.011108175,0.024352538,0.021789113,0.017943975,0.049132313,0.054259163,0.007690275,0.007690275,0.023498063,0.004699613,0.004272375,0.000872852,0.00512685,0.035460713,0.003120712,0.015807788,0.019652925,0.007263038,0.000891632,0.007690275,0.015807788,0.014526075,0.045714413,0.013244363,0.0102537,0.010680938,0.019225688,0.014526075,0.001281713,0.005981325,0.003845138,0.025207013,0.004800683,0.004699613,0.002136188,0.002990663,0.009399225,0.023070825,0.0068358,0.000930478,0.026488725,0.079038938,0.012389888,0.012817125,0.004272375,0.085447501,0.012389888,0.007690275,0.002990663,0.015807788,0.033324525,0.040587563,0.008971988,0.008971988,0.0068358,0.012817125,0.0136716,0.008117513,0.006546386,0.016235025,0.009826463,0.00854475,0.0136716,0.002990663,0.0444327,0.004272375,0.00170895,0.004364258,0.026061488,0.002990663,0.012389888,0.014098838,0.025207013,0.096555676,0.032042813,0.010680938,0.022643588,0.018371213,0.028197675,0.942913171,0.012817125,0.033324525,0.002990663,0.026915963,0.022643588,0.140561139,0.118344789,0.005673535,0.156796164,0.009399225,0.004699613,0.002990663,0.000427238,0.009826463,0.014526075,0,0.000910834,0.003845138
4,0.02680191,0.043967178,0.05420611,0.116241992,0.036137407,0.035836262,0.302048493,0.15599314,0.02499504,0.060229012,0.074081684,0.062337027,0.028307635,0.026147831,0.022284734,0.084019471,0.044622135,0.189721386,0.05420611,0.031319086,0.038023087,0.032824811,0.070166798,0.039751148,0.085826341,0.061433592,0.035535117,0.056012981,0.041558018,0.0761897,0.029813361,0.049086644,0.044268324,0.175266424,0.029224047,0.025296185,0.032824811,0.031319086,0.031921376,0.012346947,0.08040573,0.015412764,0.073479394,0.456535908,0.044569469,0.041558018,0.031921376,0.217426732,0.037341987,0.021682444,0.035233972,0.036137407,0.035535117,0.101184739,0.040955728,0.031017941,0.02860878,0.02680191,0.055410691,0.029813361,0.043989881,0.029211071,0.037341987,0.046677484,0.016864123,0.012648092,0.107809931,0.022284734,0.014454963,0.012304862,0.085525196,0.019875574,0.040955728,0.031319086,0.039751148,0.188215661,0.070166798,0.025296185,0.039148858,0.020176719,0.096667564,0.260490475,0.060530157,0.097872144,0.030114506,0.045774049,0.037341987,0.276451163,0.272235132,0.023686859,0.301446203,0.021080154,0.036438552,0.030114506,0.022887024,0.049086644,0.036739697,0.048954826,0.083783081,0.037944277
5,0.026772237,0.022310197,0.033465296,0.037927335,0.122706085,0.051313454,0.232026051,0.16063342,0.033465296,0.044620394,0.093702828,0.015617138,0.033465296,0.004558001,0.029003256,0.147247302,0.006984108,0.024541217,0.069161611,0.031234276,0.004656072,0.020079177,0.040158355,0.053544473,0.044620394,0.073623651,0.020079177,0.037927335,0.049082434,0.060237532,0.006693059,0.008924079,0.011155099,0.064699572,0,0.008924079,0.004462039,0.011155099,0.07808569,0.053544473,0.013386118,0,0.089240789,0.211946874,0.060237532,0.055775493,0.020079177,0.303418682,0.015617138,0.013386118,0.022310197,0.031234276,0.033465296,0.109319966,0.029003256,0.037927335,0.024541217,0.031234276,0.026772237,0.042389375,0.043301009,0.064699572,0.060237532,0.133861183,0.042389375,0.022310197,0.156171381,0.033465296,0.017848158,0.015953003,0.131630164,0.024541217,0.07808569,0.022310197,0.055775493,0.171788519,0.073623651,0.015617138,0.024541217,0.015617138,0.07808569,0.252105229,0.024541217,0.109319966,0.008924079,0.035696316,0.060237532,0.187405657,0.336883978,0.013674003,0.517596575,0.035696316,0.033465296,0.017848158,0.008924079,0.147247302,0.033465296,0.002647297,0,0.011155099
6,0.0108661,0.01521254,0.017696219,0.045327159,0.044706239,0.017696219,0.101830877,0.068922118,0.01210794,0.01459162,0.038807499,0.023594959,0.00714058,0.006025599,0.01272886,0.042222559,0.002915643,0.029493699,0.028562319,0.0077615,0.001943762,0.01334978,0.01272886,0.0139707,0.104314557,0.023905419,0.027320479,0.031666919,0.019558979,0.036634279,0.00558828,0.017696219,0.020179899,0.071716258,0.014588293,0.026078639,0.018317139,0.01148702,0.022353119,0.021111279,0.01210794,0.001690373,0.033219219,0.183481855,0.01490208,0.021111279,0.00900334,0.117664337,0.019558979,0.01459162,0.00900334,0.025147259,0.024526339,0.049052679,0.024526339,0.015523,0.00714058,0.0108661,0.01490208,0.01645438,0.01395402,0.018627599,0.022974039,0.037255199,0.038186579,0.01645438,0.086928797,0.01490208,0.01614392,0.034885049,0.370378769,0.018627599,0.241537873,0.023594959,0.032287839,0.201178074,0.105556397,0.033529679,0.064886138,0.040980719,0.095621677,0.457307567,0.027320479,0.061160618,0.00807196,0.034771519,0.029183239,0.218563834,0.392731888,0.005708463,0.443336867,0.01428116,0.019869439,0.0139707,0.00527782,0.021111279,0.018317139,0.000368387,0.000992812,0.00496736
7,0.019232027,0.014793867,0.020711414,0.045121295,0.066572402,0.032546508,0.127227258,0.126487565,0.008136627,0.022190801,0.047340375,0.018492334,0.014054174,0.017378831,0.025149574,0.122049404,0.019296475,0.096160137,0.029587734,0.01331448,0.009262308,0.019232027,0.049559455,0.059915162,0.018492334,0.031806814,0.021451107,0.030327428,0.037724361,0.036984668,0.010355707,0.033286201,0.014054174,0.098379217,0.012845223,0.018492334,0.014793867,0.020711414,0.028848041,0.021451107,0.060654855,0.006443898,0.099858604,0.291439184,0.048819762,0.073969336,0.0110954,0.302534584,0.025149574,0.021451107,0.010355707,0.030327428,0.050299148,0.09468075,0.028848041,0.022190801,0.012574787,0.019971721,0.023670188,0.024409881,0.014356426,0.036984668,0.020711414,0.057696082,0.034765588,0.022930494,0.152376832,0.075448723,0.035505281,0.021912439,0.159773766,0.017752641,0.205634754,0.034025895,0.08358535,0.324725385,0.067312096,0.025889268,0.047340375,0.034025895,0.093201363,0.274426236,0.037724361,0.084325043,0.007396934,0.029587734,0.033286201,0.199717207,0.297356731,0.015867628,0.471924363,0.021451107,0.056216695,0.041422828,0.026628961,0.082105963,0.045121295,0.00087771,0.002365446,0.019232027
8,0.019620218,0.042373076,0.054573883,0.107169258,0.027534255,0.023906988,0.235112864,0.200983577,0.020609473,0.041548697,0.057211896,0.050451989,0.035448293,0.04025277,0.015992951,0.083262269,0.044387719,0.208073235,0.051935871,0.032150777,0.0469684,0.016157827,0.054738759,0.033304908,0.024896243,0.048308604,0.017147081,0.031161523,0.052265623,0.053090001,0.035283417,0.038910684,0.033634659,0.1742737,0.024252715,0.018136336,0.029018137,0.032480529,0.039405312,0.014014441,0.067763946,0.034292344,0.058530902,0.54474958,0.039735063,0.04962761,0.02423674,0.237091373,0.025885498,0.027204504,0.019290466,0.039735063,0.037097051,0.091011431,0.026050373,0.029183013,0.028688386,0.021268976,0.05391438,0.022752858,0.037221181,0.028193759,0.025720622,0.073039971,0.019620218,0.017641709,0.098925469,0.028688386,0.017311957,0.009600033,0.04649497,0.024896243,0.038745809,0.015003696,0.019290466,0.118875438,0.055398262,0.020279721,0.034953666,0.019620218,0.053254877,0.196202179,0.065950312,0.091176307,0.034129287,0.040064815,0.035118541,0.265614883,0.298260288,0.030484316,0.322826779,0.015003696,0.049957362,0.036932175,0.032480529,0.041548697,0.019455342,0.019563929,0.042180157,0.045670591
9,0.026173458,0.058036799,0.05462287,0.10924574,0.138833127,0.037553223,0.201421832,0.177524327,0.037553223,0.040967152,0.16045468,0.076244422,0.025035482,0.04533555,0.05120894,0.161592656,0.016624461,0.128591339,0.036415247,0.056898823,0.011874615,0.023897506,0.066002634,0.073968469,0.026173458,0.076244422,0.017069647,0.030725364,0.066002634,0.061450728,0.020483576,0.078520375,0.021621553,0.152488845,0.0162743,0.05120894,0.038691199,0.026173458,0.037553223,0.006827859,0.020483576,0.100374924,0.122901457,0.306115666,0.043243105,0.08648621,0.026173458,0.398291759,0.060312752,0.043243105,0.026173458,0.062588705,0.078520375,0.145660986,0.027311435,0.044381082,0.027311435,0.042105129,0.085348234,0.048932987,0.0511478,0.059174776,0.052346917,0.060312752,0.009103812,0.022759529,0.19573195,0.0193456,0.011379765,0.0116245,0.061450728,0.01593167,0.043243105,0.033001317,0.036415247,0.169558492,0.055760846,0.021621553,0.038691199,0.030725364,0.076244422,0.158178727,0.066002634,0.097865975,0.030725364,0.038691199,0.046657035,0.242388985,0.23100922,0.0278988,0.35618663,0.052346917,0.047795011,0.05462287,0.013655717,0.050070964,0.027311435,0.005401228,0.020621596,0.031863341
10,0.006186301,0.004418786,0.004418786,0.014140116,0.024745203,0.00972133,0.024745203,0.031815261,0.011488844,0.002651272,0.007953815,0.007070058,0.000883757,0.004513818,0.010605087,0.016791388,0.008299688,0.021210174,0.012372602,0.004418786,0.002766563,0.007953815,0.005302544,0.001767515,0.003535029,0.00972133,0.011488844,0.011488844,0.007953815,0.006186301,0.003535029,0.014140116,0.007070058,0.01944266,0.006319345,0.007070058,0.005302544,0.004418786,0.018558902,0.000883757,0.005302544,0.000962365,0.014140116,0.056560464,0.010605087,0.022977689,0.007070058,0.086608211,0.005302544,0.004418786,0.007070058,0.011488844,0.013256359,0.028280232,0.023861446,0.003535029,0.001767515,0.002651272,0.006186301,0.006186301,0.009027635,0.010605087,0.006186301,0.031815261,0.052141678,0.012372602,0.08042191,0.007953815,0.004418786,0.005416581,0.088375726,0.881105983,0.383550649,0.008837573,0.013256359,0.051257921,0.023861446,0.005302544,0.01944266,0.007070058,0.038001562,0.139633646,0.016791388,0.010605087,0.000883757,0.004418786,0.006186301,0.042420348,0.083956939,0.005416581,0.052141678,0.007070058,0.008837573,0.013256359,0.006186301,0.003535029,0.006186301,0.012583847,0.037681924,0.002651272
11,0.021729721,0.043459441,0.053443367,0.128616455,0.037586544,0.031713646,0.273089732,0.135076642,0.025253459,0.044634021,0.067538321,0.080458695,0.02349159,0.029996006,0.02407888,0.112759631,0.034931202,0.238439637,0.036411964,0.042872152,0.029415749,0.008809346,0.055205236,0.049919628,0.071062059,0.056967105,0.02231701,0.038761123,0.038173834,0.052856077,0.017618692,0.055792526,0.025840749,0.166790288,0.017997604,0.021729721,0.033475516,0.017618692,0.024666169,0.014094954,0.041110282,0.01662772,0.053443367,0.32477123,0.045221311,0.054030657,0.021142431,0.238439637,0.027602618,0.018205982,0.021729721,0.029364487,0.041697572,0.098077388,0.02349159,0.037586544,0.0229043,0.031713646,0.04757047,0.029951777,0.034195447,0.024666169,0.028777198,0.091029911,0.02231701,0.028777198,0.095140939,0.021729721,0.007047477,0.006599121,0.086331593,0.019380562,0.032888226,0.014682244,0.02407888,0.138013091,0.0458086,0.012333085,0.034062805,0.014094954,0.057554395,0.234328609,0.057554395,0.082807854,0.021142431,0.042872152,0.039935703,0.25547104,0.257820199,0.034795367,0.357659456,0.014094954,0.094553649,0.041110282,0.019380562,0.041697572,0.015856823,0.152614479,0.34306235,0.053443367
12,0.010990759,0.034346121,0.061823018,0.079683002,0.094795295,0.041215346,0.140132175,0.120898347,0.017859983,0.019233828,0.105786054,0.023355363,0.013738449,0.012630519,0.012364604,0.157992158,0.015769453,0.09067376,0.043963035,0.016486138,0.00430076,0.015112293,0.076935312,0.122272192,0.020607673,0.05083226,0.015112293,0.024729207,0.04808457,0.038467656,0.021981518,0.053579949,0.010990759,0.109907588,0.021050866,0.028850742,0.026103052,0.019233828,0.024729207,0.010990759,0.027476897,0.004488135,0.131889106,0.302245868,0.049458415,0.043963035,0.009616914,0.303619713,0.032972277,0.034346121,0.012364604,0.031598432,0.082430691,0.142879865,0.030224587,0.041215346,0.020607673,0.049458415,0.038467656,0.020607673,0.025261039,0.043963035,0.030224587,0.041215346,0.039841501,0.013738449,0.126393727,0.028850742,0.008243069,0.01403391,0.083804536,0.015112293,0.032972277,0.071439932,0.111281433,0.136010641,0.04533688,0.023355363,0.035719966,0.023355363,0.078309157,0.241796694,0.042589191,0.103038364,0.016486138,0.070066088,0.031598432,0.32834892,0.324227386,0.016840693,0.479471854,0.026103052,0.009616914,0.010990759,0.012364604,0.021981518,0.042589191,0,0.004393383,0.031598432
13,0.029823427,0.033332065,0.024560469,0.103504834,0.108767792,0.031577746,0.168414646,0.129819623,0.024560469,0.035086385,0.054383896,0.061401173,0.021051831,0.034048912,0.033332065,0.06841845,0.049426362,0.15788873,0.036840704,0.02280615,0.029289696,0.015788873,0.042103661,0.035086385,0.008771596,0.057892534,0.005262958,0.026314788,0.033332065,0.052629577,0.028069108,0.02280615,0.007017277,0.108767792,0.014336384,0.014034554,0.021051831,0.02280615,0.038595023,0.010525915,0.033332065,0.07641446,0.064909811,0.382441591,0.056138215,0.056138215,0.024560469,0.377178634,0.026314788,0.033332065,0.024560469,0.047366619,0.078944365,0.156134411,0.014034554,0.021051831,0.021051831,0.038595023,0.075435727,0.056138215,0.046593247,0.047366619,0.043857981,0.073681408,0.019297511,0.035086385,0.171923284,0.078944365,0.036840704,0.012544336,0.056138215,0.021051831,0.082453004,0.021051831,0.014034554,0.101750515,0.036840704,0.015788873,0.012280235,0.031577746,0.050875258,0.056138215,0.057892534,0.085961642,0.02280615,0.024560469,0.028069108,0.256130607,0.27191948,0.010752288,0.422790934,0.043857981,0.196483753,0.175431923,0.031577746,0.11403075,0.057892534,0.004163301,0.026180428,0.029823427
14,0.014743134,0.018428917,0.038700726,0.071872776,0.070029885,0.040543617,0.138216878,0.15111712,0.009214459,0.012900242,0.123473744,0.0221147,0.001842892,0.005647576,0.01105735,0.160331578,0,0.036857834,0.020271809,0.003685783,0.00384606,0.020271809,0.040543617,0.029486267,0.027643376,0.027643376,0.016586025,0.0221147,0.033172051,0.058972534,0.003685783,0.029486267,0.01105735,0.090301693,0.011295152,0.012900242,0.003685783,0.014743134,0.025800484,0.01105735,0.01105735,0.012040874,0.053443859,0.322506048,0.071872776,0.090301693,0.0221147,0.390693041,0.014743134,0.035014942,0.012900242,0.018428917,0.070029885,0.079244343,0.035014942,0.016586025,0.025800484,0.023957592,0.0221147,0.033172051,0.022590304,0.047915184,0.023957592,0.062658318,0.01105735,0.018428917,0.088458802,0.038700726,0.01105735,0.016942728,0.068186993,0.027643376,0.035014942,0.016586025,0.057129643,0.210089654,0.077401452,0.029486267,0.018428917,0.025800484,0.033172051,0.381478582,0.035014942,0.058972534,0.023957592,0.047915184,0.031329159,0.186132062,0.189817845,0.009412627,0.527067027,0.036857834,0.038700726,0.027643376,0.009214459,0.029486267,0.035014942,0,0.00392889,0.009214459
15,0.033317301,0.045192774,0.065974853,0.122383352,0.038595289,0.039914786,0.27775413,0.167906,0.033647175,0.042883654,0.076200955,0.079829572,0.035956295,0.021229022,0.031008181,0.151742161,0.028570167,0.195615439,0.10292077,0.037275792,0.037519858,0.020782079,0.069273595,0.058387745,0.056738373,0.080819195,0.021771701,0.046182397,0.055089002,0.073891835,0.025070444,0.060696865,0.034966672,0.163617635,0.024935677,0.033317301,0.024080821,0.027709438,0.049151265,0.010226102,0.057068248,0.037358438,0.084777686,0.445660131,0.042223906,0.050800637,0.031667929,0.24443683,0.029028935,0.031667929,0.034306923,0.04255378,0.052450008,0.108198759,0.029358809,0.029688684,0.04717202,0.032657552,0.053439631,0.039914786,0.059980412,0.029028935,0.046512271,0.032657552,0.007916982,0.012865096,0.063995607,0.014844342,0.008906605,0.005391498,0.026060067,0.011545599,0.027709438,0.028699061,0.023750947,0.134918574,0.076200955,0.021111953,0.031338055,0.016823587,0.089066051,0.187038708,0.066964476,0.093684291,0.034636798,0.04024466,0.037605666,0.26686828,0.26686828,0.036729578,0.381004775,0.013194971,0.035626421,0.031997804,0.022101576,0.051460385,0.038925163,0.03757672,0.054151343,0.046512271
16,0.014275156,0.028550313,0.017130188,0.057100625,0.065665719,0.008565094,0.077085844,0.094216032,0.02284025,0.037115406,0.042825469,0.008565094,0.008565094,0.026247889,0.011420125,0.171301876,0.038729374,0.211272313,0.051390563,0.005710063,0.008937548,0.031405344,0.048535531,0.028550313,0.017130188,0.059955656,0.059955656,0.077085844,0.037115406,0.051390563,0.085650938,0.025695281,0.071375781,0.154171688,0.034997186,0.042825469,0.102781125,0.017130188,0.014275156,0.002855031,0.042825469,0.006217958,0.354023876,0.36258897,0.037115406,0.059955656,0.014275156,0.328328595,0.014275156,0.019985219,0.057100625,0.031405344,0.054245594,0.165591813,0.025695281,0.014275156,0.014275156,0.034260375,0.042825469,0.048535531,0.011665729,0.025695281,0.034260375,0.02284025,0.079940875,0.002855031,0.0456805,0.005710063,0.005710063,0.020415025,0.079940875,0.005710063,0.031405344,0.1370415,0.196997157,0.071375781,0.019985219,0.025695281,0.031405344,0.02284025,0.054245594,0.239822626,0.014275156,0.065665719,0.005710063,0.034260375,0.031405344,0.27122797,0.282648095,0.011665729,0.311198407,0.02284025,0.005710063,0.002855031,0.02284025,0.039970438,0.034260375,0,0.015216717,0.039970438
17,0.025340323,0.045612582,0.045612582,0.12061994,0.03446284,0.030408388,0.229076524,0.202722588,0.021285872,0.032435614,0.070952906,0.05169426,0.015204194,0.008283295,0.008108904,0.061830389,0.01586535,0.111497423,0.025340323,0.026353936,0.0105769,0.010136129,0.055748712,0.031422001,0.170286974,0.036490066,0.015204194,0.043585356,0.026353936,0.050680647,0.011149742,0.030408388,0.026353936,0.156096393,0.011389531,0.030408388,0.029394775,0.021285872,0.0861571,0.044598969,0.05169426,0.023179196,0.052707873,0.434839951,0.043585356,0.031422001,0.029394775,0.220967621,0.026353936,0.015204194,0.013176968,0.024326711,0.03446284,0.10338852,0.022299485,0.013176968,0.022299485,0.030408388,0.052707873,0.028381162,0.030026945,0.022299485,0.046626195,0.028381162,0.019258646,0.010136129,0.047639808,0.005068065,0.008108904,0.004141648,0.04155813,0.007095291,0.023313098,0.023313098,0.029394775,0.165218909,0.083116261,0.018245033,0.055748712,0.015204194,0.064871228,0.296988591,0.05169426,0.097306842,0.021285872,0.048653421,0.04155813,0.323342528,0.30712472,0.032097769,0.384159304,0.013176968,0.031422001,0.026353936,0.019258646,0.038517292,0.045612582,0.004810956,0.015126563,0.035476453
18,0.030223577,0.03550071,0.031662795,0.108421087,0.098826301,0.025905924,0.182780683,0.133367532,0.025426184,0.048933411,0.089231514,0.038379146,0.025426184,0.020092325,0.02830462,0.126171442,0.0595715,0.203889213,0.045095497,0.024946445,0.036043261,0.023507227,0.065244548,0.030223577,0.023027488,0.05660924,0.018230094,0.03550071,0.050372629,0.139604144,0.036460189,0.059007937,0.033581753,0.161672153,0.017151984,0.023986966,0.029264099,0.031662795,0.022547748,0.006716351,0.075798813,0.027165368,0.091150472,0.457191577,0.052771326,0.055649762,0.02158827,0.260978193,0.039338625,0.016790876,0.018709834,0.051811847,0.064764809,0.080596207,0.029743838,0.02878436,0.02158827,0.027345142,0.065244548,0.056129501,0.037244309,0.04989289,0.037899407,0.071481159,0.022068009,0.015831398,0.098826301,0.018230094,0.010074526,0.014211644,0.051811847,0.015831398,0.041737321,0.029264099,0.031183056,0.174145375,0.044615757,0.023507227,0.048933411,0.018709834,0.064764809,0.24850497,0.039818364,0.093549168,0.02830462,0.04989289,0.034541231,0.30559395,0.274410894,0.030873572,0.338695963,0.044615757,0.036460189,0.040777843,0.025426184,0.036460189,0.032142535,0.05863295,0.091025988,0.054690283
19,0.021240198,0.021240198,0.042480396,0.096908403,0.095580891,0.014602636,0.153991435,0.103545965,0.011947611,0.02256771,0.063720594,0.033187809,0.009292587,0.043393988,0.037170346,0.168594071,0.048483379,0.254882375,0.02787776,0.021240198,0.041557182,0.013275124,0.05044547,0.023895223,0.019912686,0.042480396,0.007965074,0.025222735,0.031860297,0.041152883,0.021240198,0.030532785,0.014602636,0.127441188,0.013560621,0.018585173,0.015930148,0.037170346,0.006637562,0.02256771,0.034515322,0.040476555,0.07301318,0.314620432,0.038497859,0.049117958,0.009292587,0.289397697,0.02787776,0.010620099,0.010620099,0.030532785,0.05044547,0.10620099,0.014602636,0.015930148,0.023895223,0.029205272,0.061065569,0.059738057,0.031189429,0.043807908,0.029205272,0.083633279,0.021240198,0.037170346,0.107528502,0.047790445,0.043807908,0.020340932,0.034515322,0.026550247,0.046462933,0.011947611,0.007965074,0.057083032,0.019912686,0.009292587,0.017257661,0.013275124,0.02787776,0.067703131,0.05044547,0.057083032,0.009292587,0.018585173,0.019912686,0.17921417,0.116821089,0.024409118,0.333205605,0.034515322,0.221694566,0.131423725,0.029205272,0.058410544,0.018585173,0.209502602,0.513671277,0.019912686
20,0.015104494,0.020139325,0.046320449,0.068473707,0.0865991,0.026181123,0.153058874,0.13795438,0.012083595,0.045313482,0.106738425,0.031215955,0.012083595,0.009257601,0.021146292,0.103717526,0.022065841,0.113787189,0.050348314,0.011076629,0.005253772,0.009062696,0.046320449,0.027188089,0.184274828,0.042292584,0.017118427,0.046320449,0.054376179,0.044306516,0.012083595,0.022153258,0.014097528,0.085592133,0.011314845,0.010069663,0.019132359,0.018125393,0.032222921,0.053369213,0.031215955,0.017544534,0.05135528,0.273894827,0.048334381,0.053369213,0.010069663,0.319208309,0.025174157,0.025174157,0.006041798,0.030208988,0.058404044,0.156079773,0.034236853,0.027188089,0.026181123,0.062431909,0.052362246,0.031215955,0.028801424,0.049341347,0.045313482,0.022153258,0.015104494,0.009062696,0.066459774,0.014097528,0.00805573,0.009257601,0.045313482,0.010069663,0.028195056,0.026181123,0.033229887,0.209448985,0.103717526,0.025174157,0.05135528,0.05941101,0.05941101,0.284971456,0.062431909,0.121842919,0.026181123,0.050348314,0.045313482,0.344382466,0.340354601,0.020572446,0.431988532,0.041285617,0.022153258,0.019132359,0.028195056,0.041285617,0.033229887,0.008363964,0.023614442,0.018125393
21,0.011540839,0.011540839,0.031475017,0.079736709,0.080785876,0.034622518,0.150030912,0.103867555,0.015737508,0.015737508,0.084982545,0.032524184,0.022032512,0.02572154,0.020983344,0.137440906,0.021895807,0.151080079,0.035671685,0.007344171,0.047075986,0.024130846,0.076589207,0.044065023,0.033573351,0.032524184,0.02622918,0.019934177,0.047212525,0.102818387,0.01888501,0.025180013,0.016786675,0.13953924,0.026793271,0.02622918,0.011540839,0.033573351,0.022032512,0.022032512,0.093375882,0.007997416,0.102818387,0.547665288,0.038819187,0.051409194,0.011540839,0.329438507,0.025180013,0.016786675,0.009442505,0.052458361,0.054556695,0.131145902,0.038819187,0.014688341,0.029376682,0.016786675,0.034622518,0.030425849,0.02572154,0.052458361,0.012590007,0.019934177,0.053507528,0.011540839,0.062950033,0.032524184,0.012590007,0.008573847,0.070294204,0.011540839,0.058753364,0.033573351,0.065048368,0.054556695,0.024130846,0.017835843,0.023081679,0.016786675,0.032524184,0.443797734,0.032524184,0.04511419,0.002098334,0.022032512,0.008393338,0.15842425,0.180456762,0.01286077,0.285373483,0.030425849,0.032524184,0.027278348,0.01888501,0.071343371,0.065048368,0.007469563,0.014538786,0.031475017
22,0.020571893,0.027037345,0.047609239,0.095806246,0.109324919,0.032327261,0.171628367,0.168101756,0.014106441,0.011167599,0.097569551,0.032915029,0.009404294,0.01260859,0.022922967,0.154583084,0.009813241,0.055250228,0.03996825,0.011167599,0.013493206,0.019984125,0.039380481,0.034090566,0.019396357,0.026449577,0.00352661,0.009404294,0.046433702,0.042907092,0.008228757,0.019396357,0.007640989,0.111675992,0.017411862,0.009992062,0.017633051,0.023510735,0.057601301,0.008228757,0.021159662,0.060804645,0.059952375,0.40262134,0.050548081,0.098745088,0.026449577,0.457283799,0.029388419,0.042907092,0.013518673,0.042907092,0.06524229,0.109324919,0.027037345,0.027037345,0.027037345,0.045258165,0.057013533,0.03996825,0.01861268,0.058776838,0.035266103,0.062891217,0.007053221,0.011755368,0.100508393,0.056425764,0.02174743,0.008405727,0.045258165,0.014694209,0.046433702,0.021159662,0.031151724,0.146942095,0.032327261,0.014694209,0.029388419,0.087577488,0.06171568,0.227466363,0.032327261,0.073471047,0.015281978,0.032327261,0.025861809,0.183383734,0.176330514,0.009006136,0.475504619,0.03996825,0.042907092,0.055250228,0.027625114,0.063478985,0.032915029,0.000697438,0.0068919,0.02527404
23,0.004842091,0.006960506,0.0106526,0.018097316,0.020760466,0.010047339,0.048118281,0.037526206,0.006597349,0.011197336,0.025663083,0.011197336,0.005265774,0.007172028,0.005749983,0.015918375,0.002968432,0.022818354,0.047270915,0.003086833,0.001200004,0.005568405,0.006415771,0.009442078,0.013073646,0.015192061,0.014284169,0.017492054,0.013436803,0.015555218,0.00266315,0.007384189,0.010592074,0.038918307,0.005811816,0.01301312,0.013436803,0.007747346,0.010955231,0.002905255,0.019549943,0.00632734,0.01567627,0.081105026,0.008715764,0.014405221,0.010471022,0.067668223,0.007384189,0.008473659,0.006234192,0.012710489,0.018460472,0.033168324,0.01410259,0.00502367,0.005871035,0.007565767,0.008594712,0.007323663,0.020526838,0.012407859,0.006839454,0.027842024,0.0252394,0.011378914,0.078260298,0.012952594,0.013678907,0.041733783,0.861710642,0.020518361,0.215412529,0.007505241,0.012771015,0.084070807,0.043941977,0.012952594,0.026086766,0.01646311,0.029718334,0.349417401,0.016644688,0.025299926,0.004055251,0.017431528,0.013073646,0.10204707,0.126197,0.004327948,0.108341789,0.005386826,0.01034997,0.009502604,0.00611314,0.006476297,0.00798945,0.000215458,0.000838738,0.003328938
24,0.023967296,0.043654718,0.054354403,0.106996857,0.020543396,0.027391195,0.271772016,0.157071386,0.031243082,0.05649434,0.074469812,0.044082705,0.037662894,0.036724112,0.033811007,0.065910064,0.027689107,0.154503461,0.061202202,0.039374843,0.019650334,0.023111321,0.063770127,0.036378931,0.01669151,0.05649434,0.028675158,0.054354403,0.041086793,0.084313523,0.02653522,0.079605661,0.033383019,0.1463717,0.02885466,0.024395283,0.048362579,0.022683334,0.021827359,0.006847799,0.067194026,0.018642233,0.078321699,0.40744403,0.044510692,0.08645346,0.031243082,0.237961009,0.032099057,0.032099057,0.031243082,0.034666982,0.050930504,0.11983648,0.040230818,0.029103145,0.028675158,0.024823271,0.059490252,0.030815095,0.044593565,0.02824717,0.04322673,0.111276731,0.039802831,0.04151478,0.230257236,0.050074529,0.02995912,0.025357125,0.137383964,0.044082705,0.172478933,0.01669151,0.023967296,0.124544341,0.060774215,0.018403459,0.044510692,0.020543396,0.068050001,0.216133651,0.047506604,0.112560693,0.029531132,0.054782391,0.047934592,0.312858809,0.32099057,0.025794317,0.249944657,0.015407547,0.076181762,0.062914152,0.032527044,0.044510692,0.022255346,0.004570595,0.02828543,0.039374843
25,0.026281637,0.013420411,0.014538778,0.032432659,0.05927348,0.024604086,0.13196737,0.090587771,0.013420411,0.0206898,0.043616334,0.012861227,0.009506124,0.004569678,0.011183675,0.044175518,0.008752499,0.030195924,0.035787761,0.010624492,0.0017505,0.015657146,0.015097962,0.012861227,0.072134707,0.016216329,0.023485718,0.021248983,0.027400005,0.041379599,0.005032654,0.022367351,0.010624492,0.075489809,0.011424194,0.011183675,0.011183675,0.007828573,0.027959189,0.213608201,0.022926535,0.003044609,0.041379599,0.24604086,0.026281637,0.044175518,0.011742859,0.209693915,0.020130616,0.022926535,0.010065308,0.038024497,0.058714296,0.079404096,0.052004091,0.013979594,0.005032654,0.013979594,0.024604086,0.020130616,0.013709033,0.032432659,0.02516327,0.047530621,0.040820415,0.013979594,0.114632674,0.03858368,0.019571432,0.021134759,0.145387781,0.029077556,0.055359194,0.020130616,0.039702048,0.317616383,0.081081647,0.022367351,0.052004091,0.044734702,0.092265323,0.539612341,0.036346945,0.069897972,0.011742859,0.032432659,0.021808167,0.221995958,0.405967419,0.007996936,0.286302092,0.027400005,0.025722454,0.02516327,0.014538778,0.05927348,0.039142864,0.005971677,0.004768531,0.005032654
26,0.01658912,0.04758458,0.061117809,0.120489395,0.030122349,0.027066458,0.239232567,0.13969785,0.018771899,0.053696361,0.070722036,0.085564933,0.034487907,0.066445721,0.028376126,0.116560393,0.057397972,0.267172137,0.051513582,0.032305128,0.036443157,0.022264345,0.064610255,0.043219022,0.017462231,0.049330803,0.013096673,0.024883679,0.036670686,0.0641737,0.022700901,0.057188807,0.024010568,0.147992409,0.022297222,0.017462231,0.039726576,0.026629903,0.020954677,0.015716008,0.056315696,0.093651105,0.052823249,0.377184194,0.047148024,0.084255266,0.025756791,0.301223488,0.035361018,0.03099546,0.022700901,0.036670686,0.051513582,0.125291509,0.031868572,0.030122349,0.034051351,0.02793957,0.062427477,0.036670686,0.036121499,0.029249237,0.029685793,0.128783955,0.032741684,0.03929002,0.192084543,0.065919923,0.036670686,0.019175611,0.079889708,0.04452869,0.096915383,0.013533229,0.020081566,0.108702389,0.032741684,0.01135045,0.020081566,0.012223562,0.043219022,0.108265833,0.053259805,0.093859493,0.030558905,0.051077026,0.02793957,0.25756791,0.241415346,0.024972889,0.327853391,0.017462231,0.17898787,0.104773387,0.028376126,0.041472799,0.02793957,0.06475137,0.197773798,0.037543797
27,0.025741715,0.017612752,0.028451369,0.05554791,0.115160302,0.039289985,0.182901656,0.125998919,0.021677233,0.04199964,0.067741354,0.037935158,0.012193444,0.0193755,0.060967219,0.101612031,0.008482451,0.066386527,0.035225504,0.017612752,0.004241226,0.024386887,0.033870677,0.018967579,0.004064481,0.054193083,0.052838256,0.043354467,0.028451369,0.054193083,0.010838617,0.035225504,0.018967579,0.107031339,0.006919821,0.028451369,0.017612752,0.017612752,0.008128962,0.004064481,0.029806196,0.023605369,0.090773414,0.302126439,0.031161023,0.082644452,0.020322406,0.335997116,0.014903098,0.021677233,0.017612752,0.047418948,0.056902737,0.149030979,0.075870317,0.025741715,0.014903098,0.021677233,0.024386887,0.039289985,0.016607571,0.075870317,0.024386887,0.111095821,0.060967219,0.052838256,0.256062318,0.155805114,0.112450648,0.034599107,0.272320243,0.059612392,0.287223341,0.039289985,0.077225144,0.199159581,0.027096542,0.010838617,0.020322406,0.174772694,0.070451008,0.184256483,0.090773414,0.070451008,0.013548271,0.036580331,0.028451369,0.158514769,0.209998198,0.006919821,0.216772333,0.044709294,0.184256483,0.159869596,0.029806196,0.093483069,0.044709294,0.019291425,0.034660529,0.010838617
28,0.005953662,0.008599733,0.010253528,0.021499333,0.018522503,0.008268974,0.04200639,0.045313979,0.004299867,0.014553395,0.020176297,0.008268974,0.004299867,0.003378723,0.004961385,0.020507056,0.004141705,0.025137682,0.015214913,0.004961385,0.003106279,0.004630626,0.008268974,0.00959201,0.033406656,0.013561118,0.007938215,0.014222636,0.008268974,0.00959201,0.004630626,0.011907323,0.005292144,0.044321702,0.006757447,0.008268974,0.008268974,0.005953662,0.007607456,0.013891877,0.004299867,0.000720358,0.019514779,0.063174964,0.007938215,0.015545672,0.005622903,0.084012779,0.00628442,0.010584287,0.003638349,0.011576564,0.015545672,0.023814646,0.007607456,0.00628442,0.005622903,0.005953662,0.011907323,0.006615179,0.00574383,0.015545672,0.012238082,0.007938215,0.005292144,0.002976831,0.017530226,0.001653795,0.002646072,0.004730213,0.008930492,0.003969108,0.006615179,0.011907323,0.012568841,0.055236749,0.029768308,0.008599733,0.017860985,0.010253528,0.022822369,0.973423659,0.009922769,0.028114513,0.009922769,0.013230359,0.015214913,0.089635682,0.071113179,0.008108936,0.081697466,0.00628442,0.003969108,0.00330759,0.000661518,0.00330759,0.003638349,0.000784948,0.005993778,0.007607456
29,0.014815144,0.02539739,0.039305484,0.081936817,0.021466841,0.020559792,0.188363975,0.104915408,0.018140993,0.041421933,0.042328983,0.052306529,0.016326893,0.021928512,0.028118539,0.087681465,0.0394372,0.206504968,0.033258487,0.019955092,0.025870803,0.014512794,0.043236033,0.019652742,0.080122718,0.04988773,0.046561881,0.053515929,0.037189035,0.046259532,0.017233943,0.033258487,0.019955092,0.138778595,0.016369171,0.016931593,0.02479269,0.020862142,0.021164492,0.02479269,0.068331073,0.031936585,0.044143082,0.364936305,0.035072586,0.04958538,0.014210444,0.179293479,0.019350392,0.017233943,0.018140993,0.032049087,0.040817234,0.104613058,0.02449034,0.022071541,0.021164492,0.018443343,0.045957182,0.020559792,0.030576376,0.021164492,0.02418799,0.060469976,0.016629243,0.020862142,0.103101309,0.02569974,0.009372846,0.012354091,0.357679907,0.013001045,0.216482514,0.019652742,0.02539739,0.160850136,0.079518018,0.016629243,0.019955092,0.013303395,0.05049243,0.356470508,0.048678331,0.086774415,0.019652742,0.040817234,0.029025588,0.2515551,0.222227161,0.026252444,0.312932125,0.019652742,0.066819323,0.046864231,0.02479269,0.033863187,0.034770236,0.097225077,0.199821203,0.042026633
30,0.036668378,0.039287548,0.047145058,0.090797889,0.029683925,0.039287548,0.294220084,0.151911854,0.039287548,0.049764228,0.048891171,0.068971474,0.029683925,0.032997812,0.051510341,0.139689061,0.047373123,0.148419627,0.075955927,0.041033662,0.021864518,0.033176152,0.061987021,0.044525888,0.024445586,0.068971474,0.050637285,0.041906718,0.029683925,0.054129511,0.042779775,0.066352304,0.036668378,0.22524861,0.024079485,0.014841963,0.034049209,0.026191699,0.031430039,0.019207246,0.056748681,0.019014256,0.062860077,0.462720014,0.038414492,0.057621738,0.018334189,0.214771931,0.026191699,0.020953359,0.029683925,0.046272001,0.041906718,0.113497362,0.034049209,0.023572529,0.019207246,0.015715019,0.043652831,0.020080302,0.040132474,0.021826416,0.034922265,0.071590644,0.028810869,0.019207246,0.121354872,0.021826416,0.01047668,0.018728488,0.070717587,0.016588076,0.045398945,0.029683925,0.034922265,0.204295251,0.057621738,0.022699472,0.041033662,0.026191699,0.118735702,0.203422195,0.057621738,0.112624305,0.018334189,0.063733134,0.039287548,0.285489518,0.266282272,0.02586315,0.281124235,0.020080302,0.041033662,0.040160605,0.021826416,0.048018115,0.034049209,0.108775457,0.124705984,0.027937812
31,0.028611952,0.042917928,0.041078588,0.116900262,0.040465475,0.029838179,0.28591515,0.149395264,0.025955128,0.051501514,0.060902584,0.068464314,0.030246921,0.022546764,0.021867706,0.101776801,0.04819635,0.221538258,0.06948617,0.038626135,0.033694793,0.020845851,0.055793307,0.040874217,0.082361548,0.051910256,0.024320159,0.04884469,0.035969311,0.050888401,0.026568241,0.06580749,0.03004255,0.146942811,0.015657475,0.019006511,0.029633808,0.03576494,0.034538714,0.022072077,0.071325509,0.030044166,0.059063244,0.443689629,0.042304815,0.057428275,0.027385726,0.195787501,0.02820321,0.019823995,0.025955128,0.033108116,0.038013022,0.098506864,0.036173682,0.033108116,0.019823995,0.025750757,0.049866545,0.029429437,0.039456837,0.025137644,0.030655663,0.057223904,0.029225065,0.023502675,0.091762618,0.023707046,0.013692863,0.012943513,0.057223904,0.017984656,0.044552897,0.018393398,0.02636387,0.161248787,0.059471986,0.014919089,0.032495003,0.02064148,0.070099283,0.19742247,0.057632646,0.097893751,0.025955128,0.03944362,0.038217393,0.288980717,0.357853773,0.030062352,0.337621035,0.012671007,0.050888401,0.041078588,0.021254593,0.04332667,0.031268776,0.07032612,0.105222027,0.04332667
32,0.020830583,0.035213605,0.071915109,0.163172901,0.039181335,0.022814448,0.162180969,0.152261644,0.013887055,0.035213605,0.075882839,0.052076458,0.020830583,0.022798468,0.016862853,0.215249359,0.035192272,0.216737258,0.028270077,0.02926201,0.04554294,0.018846718,0.095225523,0.051580492,0.019838651,0.052572424,0.00793546,0.018846718,0.064971581,0.056540154,0.020830583,0.034221672,0.021326549,0.175572058,0.03293112,0.019838651,0.033725706,0.026286212,0.022814448,0.003471764,0.042157133,0.023223492,0.116552072,0.551018521,0.056540154,0.061499817,0.012895123,0.35858361,0.02529428,0.022814448,0.030253942,0.043149065,0.047612761,0.07836267,0.013887055,0.034221672,0.034221672,0.05306839,0.094729557,0.021326549,0.041037242,0.03322974,0.031245875,0.036701504,0.007439494,0.009919325,0.036701504,0.012399157,0.00396773,0.001519898,0.003471764,0.007439494,0.014383022,0.039677301,0.024798313,0.076378805,0.023806381,0.010911258,0.017854786,0.010415292,0.038685369,0.048604694,0.030253942,0.058524019,0.020334617,0.032733774,0.028270077,0.22318482,0.153749542,0.021785203,0.391317384,0.024302347,0.022814448,0.019838651,0.026782178,0.021326549,0.011407224,0.015889678,0.039650939,0.070923176
33,0.030549109,0.030973402,0.038610679,0.112861986,0.042005025,0.0373378,0.266456117,0.134076645,0.024609004,0.053036647,0.054309527,0.057279579,0.030973402,0.013435962,0.030549109,0.103103243,0.041175156,0.182446067,0.036913507,0.035216334,0.057999414,0.01739602,0.059825338,0.025033298,0.102254656,0.067886909,0.017820314,0.032246282,0.041580732,0.077221359,0.053460941,0.047945129,0.033519161,0.146381147,0.017770143,0.018244607,0.027154764,0.025881884,0.01739602,0.071281254,0.070008375,0.020791485,0.058128166,0.48029988,0.037762093,0.053036647,0.033094868,0.208327951,0.029276229,0.022487539,0.035216334,0.038186386,0.039034973,0.100981777,0.035640627,0.030124816,0.024609004,0.0186689,0.061522511,0.035216334,0.037707376,0.034367748,0.033094868,0.055158113,0.0186689,0.016123141,0.096314552,0.025457591,0.011455916,0.014736216,0.04667225,0.016123141,0.034367748,0.027579057,0.030549109,0.152745545,0.036913507,0.020366073,0.033519161,0.016123141,0.07340272,0.173535911,0.055158113,0.11880209,0.023760418,0.046247957,0.035216334,0.285125017,0.321189937,0.024704833,0.298278105,0.020790366,0.050490888,0.037762093,0.022911832,0.057703872,0.039459266,0.165638448,0.177745527,0.060673925
34,0.007523749,0.026333122,0.078999365,0.056428118,0.105332487,0.045142494,0.255807468,0.131665608,0.018809373,0.026333122,0.109094361,0.033856871,0.007523749,0,0.018809373,0.221950597,0,0.030094996,0.026333122,0.011285624,0.00392546,0.022571247,0.045142494,0.075237491,0.097808738,0.026333122,0.007523749,0.018809373,0.052666243,0.067713741,0.007523749,0.007523749,0.015047498,0.056428118,0.034585004,0.015047498,0.026333122,0.007523749,0.022571247,0.11661811,0.003761875,0.004096484,0.067713741,0.188093726,0.04138062,0.067713741,0.015047498,0.327283084,0.026333122,0.022571247,0.018809373,0.026333122,0.071475616,0.131665608,0.052666243,0.033856871,0.003761875,0.022571247,0.018809373,0.011285624,0.015371113,0.097808738,0.067713741,0.037618745,0.048904369,0.030094996,0.206903099,0.011285624,0.011285624,0.007685556,0.078999365,0.026333122,0.033856871,0.078999365,0.08276124,0.229474346,0.08276124,0.022571247,0.033856871,0.018809373,0.071475616,0.319759335,0.037618745,0.071475616,0.007523749,0.030094996,0.04138062,0.255807468,0.353616206,0.019213891,0.376187453,0.026333122,0.030094996,0.011285624,0.007523749,0.052666243,0.026333122,0,0.00401,0.003761875
35,0.018728389,0.01348444,0.021724932,0.029216287,0.068920473,0.033711101,0.172301182,0.198520927,0.022474067,0.023223203,0.079408371,0.015731847,0.007491356,0.026018386,0.023972338,0.079408371,0.004690271,0.030714559,0.033711101,0.010487898,0.000781712,0.029216287,0.028467152,0.051690355,0.010487898,0.02022666,0.029965423,0.027718016,0.033711101,0.059930846,0.008989627,0.023972338,0.008240491,0.08465232,0.024487892,0.058432575,0.018728389,0.012735305,0.023972338,0.012735305,0.028467152,0.001631539,0.101882438,0.36557816,0.036707643,0.100384167,0.023972338,0.322877432,0.027718016,0.022474067,0.026968881,0.04569727,0.054686897,0.106377251,0.047944677,0.027718016,0.005243949,0.028467152,0.017230118,0.017979254,0.010713453,0.044198999,0.03895505,0.066673066,0.053188626,0.012735305,0.15057625,0.101882438,0.030714559,0.027548879,0.194026114,0.026219745,0.054686897,0.044948134,0.088397998,0.232232028,0.040453321,0.026219745,0.049442948,0.033711101,0.057683439,0.3790626,0.039704185,0.057683439,0.00674222,0.029216287,0.023223203,0.153572793,0.222493265,0.003826233,0.447983073,0.042700728,0.050192083,0.057683439,0.011237034,0.062927388,0.040453321,0,0.000798547,0.002247407
36,0.024194848,0.024194848,0.027570874,0.05682976,0.112534179,0.030384228,0.167675927,0.160923876,0.032072241,0.038261621,0.068645849,0.046701684,0.030946899,0.027014275,0.03150957,0.074272558,0.021136993,0.077085913,0.037136279,0.013504101,0.021136993,0.016317456,0.048389697,0.03150957,0.012941431,0.035448266,0.03150957,0.038824292,0.037136279,0.090027343,0.021381494,0.055704419,0.024757519,0.132790331,0.010345893,0.01913081,0.028133545,0.018005469,0.021381494,0.032072241,0.059080444,0.00673991,0.064707153,0.328599802,0.050640381,0.075960571,0.023069507,0.340978562,0.035448266,0.033760254,0.017442798,0.048952368,0.054016406,0.120411571,0.042762988,0.025882861,0.015754785,0.020818823,0.038261621,0.051203051,0.025864731,0.047827026,0.023632178,0.161486547,0.087213989,0.073147216,0.28302346,0.141793065,0.102968774,0.062650127,0.208750902,0.068645849,0.177241332,0.023632178,0.039386963,0.208188231,0.049515039,0.012941431,0.032634912,0.028696216,0.084963305,0.177804003,0.047264355,0.120411571,0.02532019,0.046701684,0.033760254,0.234071092,0.248137864,0.021841329,0.244761839,0.036573608,0.163174559,0.178929344,0.034322925,0.056267089,0.02532019,0.008679546,0.013795021,0.017442798
37,0.017249962,0.047951729,0.056181068,0.13546759,0.03465818,0.030701767,0.230896278,0.163795509,0.022314171,0.045894394,0.084667244,0.070740669,0.030226997,0.029422125,0.01139447,0.100967666,0.030385453,0.239600387,0.08166037,0.043837059,0.062257152,0.031967819,0.067892051,0.041146698,0.031967819,0.052224655,0.01550914,0.034816437,0.059662712,0.088307144,0.047002189,0.038456337,0.044311828,0.177089057,0.027320545,0.02373848,0.043678802,0.040355415,0.031334793,0.010286674,0.069158104,0.084615528,0.081027343,0.555796934,0.037506798,0.043995315,0.033392128,0.224882529,0.029119202,0.028802689,0.033550384,0.04652742,0.043362289,0.10033464,0.024529762,0.031809563,0.033866897,0.031176536,0.067417282,0.033075615,0.044456508,0.029752228,0.033866897,0.038456337,0.023421966,0.02373848,0.063619125,0.013926575,0.010128418,0.008729641,0.037506798,0.02737838,0.078020469,0.018199501,0.021522888,0.081343857,0.044311828,0.020415092,0.028327919,0.020098579,0.053490707,0.133251998,0.056497581,0.072006721,0.025637558,0.03465818,0.029910484,0.249887061,0.23580223,0.029583785,0.360350119,0.015667396,0.042729263,0.034974693,0.025954071,0.041621467,0.03101828,0.007511399,0.015351228,0.051275116
38,0.01537068,0.008898815,0.011325764,0.025078478,0.059864754,0.031550343,0.145616969,0.088179165,0.006471865,0.011325764,0.047730007,0.009707798,0.005662882,0.009916576,0.034786276,0.065527636,0.005909133,0.021033562,0.016988646,0.004853899,0,0.01537068,0.047730007,0.01537068,0.006471865,0.01537068,0.018606613,0.025078478,0.011325764,0.03074136,0.003235933,0.012943731,0.009707798,0.040449158,0.009090195,0.042067124,0.005662882,0.006471865,0.014561697,0.029123394,0.021033562,0,0.029932377,0.134291205,0.029932377,0.075235434,0.014561697,0.306604618,0.018606613,0.008898815,0.008089832,0.023460512,0.036404242,0.09465103,0.037213225,0.016988646,0.001617966,0.011325764,0.014561697,0.012134747,0.009916576,0.024269495,0.013752714,0.06390967,0.06148272,0.034786276,0.205481723,0.105167811,0.050965939,0.023138677,0.20224579,0.019415596,0.090606114,0.018606613,0.067954586,0.23298715,0.04611204,0.012943731,0.033977293,0.040449158,0.055819838,0.690062636,0.020224579,0.042067124,0.004044916,0.016988646,0.01779763,0.11002171,0.191729009,0.004131907,0.304177669,0.01779763,0.051774922,0.057437804,0.009707798,0.04853899,0.01779763,0.001919856,0.005174052,0.001617966
39,0.004882659,0.001953064,0.000976532,0.009765318,0.026366358,0.008788786,0.049803121,0.023436763,0.001953064,0.001953064,0.01660104,0.004882659,0.001953064,0.004987666,0.009765318,0.014647977,0.001018996,0.007812254,0.008788786,0.002929595,0,0.006835723,0.011718382,0.006835723,0.001953064,0.006835723,0.01074185,0.015624509,0.011718382,0.011718382,0.002929595,0.006835723,0.002929595,0.018554104,0.003990133,0.001953064,0.004882659,0.002929595,0.01660104,0.000976532,0.023436763,0.001063392,0.021483699,0.096676647,0.006835723,0.064451098,0.002929595,0.132808324,0.008788786,0.003906127,0.002929595,0.013671445,0.013671445,0.034178613,0.012694913,0.000976532,0.001953064,0.007812254,0.006835723,0.006835723,0,0.777319306,0.004882659,0.044920462,0.034178613,0.015624509,0.091793988,0.059568439,0.039061272,0.332178584,0.390612717,0.012694913,0.035155145,0.01074185,0.026366358,0.108395029,0.01660104,0.011718382,0.015624509,0.013671445,0.019530636,0.194329827,0.005859191,0.011718382,0.005859191,0.004882659,0.006835723,0.043943931,0.074216416,0,0.105465434,0.009765318,0.030272486,0.033202081,0.006835723,0.035155145,0.012694913,0,0,0.003906127
40,0.019236069,0.014796976,0.020715767,0.045130778,0.066586394,0.032553348,0.127253997,0.126514148,0.008138337,0.022195465,0.047350325,0.018496221,0.014057128,0.017382484,0.02515486,0.122075056,0.019300531,0.096180347,0.029593953,0.013317279,0.009264255,0.019236069,0.049569871,0.059927755,0.018496221,0.031813499,0.021455616,0.030333802,0.03773229,0.036992441,0.010357883,0.033293197,0.014057128,0.098399893,0.012847923,0.018496221,0.014796976,0.020715767,0.028854104,0.021455616,0.060667603,0.006445252,0.099879591,0.291500436,0.048830022,0.073984882,0.011097732,0.302598168,0.02515486,0.021455616,0.010357883,0.030333802,0.048830022,0.094700649,0.028854104,0.022195465,0.01257743,0.019975918,0.023675162,0.024415011,0.014359443,0.036992441,0.020715767,0.057708208,0.034772895,0.022935313,0.152408857,0.07546458,0.035512743,0.021917045,0.159807345,0.017756372,0.205677972,0.034033046,0.083602917,0.324793633,0.067326243,0.025894709,0.047350325,0.034033046,0.091741254,0.274483913,0.03773229,0.084342766,0.007398488,0.029593953,0.033293197,0.199759182,0.297419226,0.015870963,0.472023548,0.021455616,0.05622851,0.041431534,0.026634558,0.082123219,0.045130778,0.000877894,0.002365943,0.019236069
41,0.017874819,0.016733873,0.028523647,0.050201619,0.06389297,0.027002386,0.118658373,0.128166256,0.013311035,0.020156711,0.045637836,0.021297657,0.011789774,0.005050428,0.011409459,0.035369323,0.00476224,0.028523647,0.034608692,0.01293072,0.003174827,0.0323268,0.01863545,0.025481125,0.034608692,0.044877205,0.028523647,0.045637836,0.027002386,0.069978015,0.004563784,0.017114188,0.017114188,0.084810312,0.084303293,0.025481125,0.015212612,0.014071666,0.035749638,0.014071666,0.021677972,0.010353585,0.049821304,0.244162422,0.017114188,0.023199233,0.01939608,0.128926886,0.022818918,0.025481125,0.014832297,0.038411845,0.047919728,0.07035833,0.033467746,0.01293072,0.014071666,0.015212612,0.021677972,0.011409459,0.015928272,0.037651215,0.020156711,0.079866213,0.064273286,0.0323268,0.119038689,0.026622071,0.018255134,0.035741488,0.233893909,0.028523647,0.055145718,0.030425224,0.0323268,0.189016704,0.079105582,0.029664593,0.062371709,0.034608692,0.071118961,0.670495872,0.050581935,0.058948871,0.008366937,0.045257521,0.033087431,0.251008097,0.285997105,0.015928272,0.281053006,0.020156711,0.014451981,0.013311035,0.019776396,0.031185855,0.030425224,0.000451277,0.0016216,0.009888198
42,0.034896495,0.014955641,0.029911282,0.074778204,0.089733845,0.044866922,0.184452903,0.164512048,0.06979299,0.084748631,0.119645126,0.019940854,0.019940854,0.025462133,0.034896495,0.159526835,0.026009981,0.114659913,0.039881709,0.019940854,0.010403992,0.009970427,0.089733845,0.049852136,0.044866922,0.104689485,0.024926068,0.064807777,0.084748631,0.104689485,0.029911282,0.054837349,0.024926068,0.184452903,0.066201546,0.024926068,0.014955641,0.019940854,0.039881709,0.009970427,0.024926068,0,0.119645126,0.373891019,0.054837349,0.109674699,0.019940854,0.38884666,0.034896495,0.044866922,0.019940854,0.06979299,0.094719058,0.084748631,0.039881709,0.039881709,0.024926068,0.029911282,0.049852136,0.019940854,0.04583184,0.054837349,0.06979299,0.054837349,0.009970427,0.009970427,0.084748631,0.019940854,0.004985214,0,0.154541621,0.009970427,0.014955641,0.034896495,0.064807777,0.119645126,0.054837349,0.014955641,0.044866922,0.019940854,0.079763417,0.184452903,0.019940854,0.114659913,0.009970427,0.104689485,0.049852136,0.279171961,0.304098029,0.020369706,0.304098029,0.024926068,0.014955641,0.009970427,0.014955641,0.004985214,0.009970427,0.005915384,0,0.044866922
43,0.00929564,0.004209347,0.007366356,0.012803429,0.02192368,0.007541746,0.059106241,0.052792221,0.007892525,0.006840188,0.020871343,0.007717135,0.003858568,0.003762389,0.007015578,0.022800627,0.0078697,0.028413089,0.017363555,0.004033957,0.001830163,0.011751092,0.008944861,0.008944861,0.017188165,0.018415891,0.017188165,0.016311218,0.008769472,0.036481004,0.001578505,0.008418693,0.022449848,0.034025551,0.032607375,0.014557324,0.01876667,0.005261683,0.010347977,0.00947103,0.015434271,0.002291879,0.022800627,0.102953601,0.00947103,0.020871343,0.008594083,0.070681944,0.010698756,0.007015578,0.003858568,0.017012776,0.018065112,0.036831782,0.018591281,0.005086294,0.051915274,0.004384736,0.007366356,0.007190967,0.011108007,0.016135828,0.013329597,0.023852964,0.062263251,0.011400314,0.081731479,0.027886921,0.017889723,0.025978403,0.1909991,0.012803429,0.047705928,0.008944861,0.022274459,0.112073852,0.042444245,0.013329597,0.021572901,0.020871343,0.035428667,0.929388644,0.014557324,0.020871343,0.002104673,0.011751092,0.008243304,0.07190967,0.114880083,0.003045744,0.088922446,0.009821809,0.016311218,0.01262804,0.00631402,0.015960439,0.012803429,0.000416229,0.001121747,0.002630842
44,0.020969052,0.022466841,0.023215736,0.058413787,0.091365155,0.040440314,0.177488046,0.140792206,0.030704683,0.030704683,0.06365605,0.030704683,0.017224578,0.029835023,0.022466841,0.149778942,0.019536512,0.11607868,0.092862944,0.017224578,0.014847749,0.035198051,0.043435893,0.053171524,0.029206894,0.037444736,0.029206894,0.03969142,0.045682577,0.075638366,0.020220157,0.047929261,0.023964631,0.137796627,0.019890015,0.020969052,0.035946946,0.030704683,0.029955788,0.042686999,0.041189209,0.035066802,0.072642787,0.393918618,0.049427051,0.048678156,0.02696021,0.2973112,0.027709104,0.022466841,0.032951367,0.034449157,0.077136155,0.133303259,0.035198051,0.02696021,0.017224578,0.031453578,0.06365605,0.062158261,0.03901503,0.065902735,0.030704683,0.060660472,0.068898313,0.027709104,0.114580891,0.046431472,0.020220157,0.011475009,0.151276732,0.075638366,0.080880629,0.02546242,0.050175946,0.114580891,0.053920419,0.027709104,0.017973473,0.026211315,0.054669314,0.338500409,0.03969142,0.086122892,0.010484526,0.032951367,0.037444736,0.239646307,0.407398723,0.01300501,0.291320042,0.02546242,0.040440314,0.047180367,0.019471262,0.060660472,0.053920419,0.002665884,0.019158967,0.011982315
45,0.012339565,0.016966902,0.024679131,0.066325164,0.064782718,0.038561142,0.158871903,0.114140979,0.01079712,0.030848913,0.070952501,0.015424457,0.009254674,0.001575618,0.006169783,0.158871903,0.008047595,0.047815816,0.030848913,0.003084891,0.003219038,0.018509348,0.066325164,0.040103587,0.038561142,0.021594239,0.021594239,0.027764022,0.053985598,0.086376957,0.007712228,0.029306468,0.018509348,0.115683425,0.01418056,0.013882011,0.023136685,0.013882011,0.038561142,0.009254674,0.027764022,0,0.070952501,0.388696307,0.038561142,0.052443153,0.007712228,0.252961089,0.024679131,0.018509348,0.023136685,0.029306468,0.052443153,0.070952501,0.023136685,0.020051794,0.016966902,0.018509348,0.033933805,0.016966902,0.017331796,0.052443153,0.029306468,0.012339565,0.018509348,0.004627337,0.043188479,0.016966902,0.003084891,0.004726853,0.070952501,0.003084891,0.021594239,0.053985598,0.075579838,0.166584132,0.049358261,0.026221576,0.043188479,0.016966902,0.074037392,0.422630112,0.018509348,0.066325164,0.009254674,0.038561142,0.029306468,0.271470437,0.245248861,0.017331796,0.507464623,0.021594239,0.026221576,0.006169783,0.016966902,0.024679131,0.018509348,0,0.001644182,0.029306468
