,가장,감동,감정,계속,공연,관객,관람,그냥,기대,기억,김준수,내내,내용,넘버,노래,눈물,느낌,다른,다시,다음,대사,댄버스,드라큘라,때문,레베카,마음,마지막,매력,모두,모든,모습,모차르트,목소리,몰입,무대,뮤지컬,박은태,배우,보고,부분,사람,사랑,사실,생각,성량,소름,소리,순간,스토리,시간,시작,시즌,아이,앙상블,엘리자,역시,역할,연기,연출,열연,예매,오늘,옥주현,완전,음악,음향,이드,이번,이상,이야기,이제,인상,자리,자체,작품,장면,재미,정도,정말,조금,조명,조승우,중간,지금,진짜,집중,처음,초연,최고,추천,친구,캐릭터,캐스팅,커튼,토드,페어,표현,하나,한번,해적
0,0.011040019635230698,0.12540329995915894,0.023778503829727658,0.02604312324208267,0.3878160743657963,0.022080039270461396,0.08945246678802309,0.018400032725384496,0.034818523464958354,0.06595704038483981,0.0,0.027458510374804557,0.057464717588508504,0.058597027294686015,0.4761362314476419,0.04189545912856778,0.04812316251254407,0.04925547221872158,0.07529859546080425,0.026892355521715802,0.013021561621041336,0.0,0.0,0.02236311669700577,0.0,0.037649297730402126,0.058597027294686015,0.02462773610936079,0.05718164016196413,0.04472623339401154,0.03340313633223647,0.0005111317247251053,0.043877001114378415,0.020381574711195134,0.1248371451060702,0.3094036272130039,0.0006063794195714689,0.5205793874151091,0.11323097061775075,0.026892355521715802,0.05067085935144346,0.060012414427407894,0.015852335886485106,0.11804328686900516,0.017550800445751365,0.011606174488319451,0.015569258459940729,0.016701568166118234,0.10473864782141944,0.1285171516511471,0.013870793900674467,0.005095393677798783,0.005944625957431914,0.020591288161454478,0.0019415186714498494,0.05831394986814164,0.02462773610936079,0.18909572093164376,0.028590820080982064,0.015569258459940729,0.0452923882471003,0.016984645592662613,0.0004733320017380686,0.02434465868281641,0.0636924209724848,0.007926167943242553,0.0014661140869460102,0.03538467831804711,0.01443694875376322,0.032270826626058964,0.011040019635230698,0.014153871327218844,0.013587716474130089,0.01726772301920699,0.03708314287731337,0.02236311669700577,0.02434465868281641,0.03255390405260334,0.16475106224882735,0.02830774265443769,0.010756942208686322,0.0005709485591658428,0.035950833171135864,0.022929271550094527,0.05888010472123039,0.013870793900674467,0.05604933045578662,0.0067938582370650445,0.08265860855095805,0.04670777537982218,0.030855439493337078,0.011889251914863829,0.020098497284650758,0.055483175602697866,0.0,0.009907709929053191,0.016984645592662613,0.041329304275479026,0.06086164670704103,0.0
1,0.010761429509301269,0.1235190548824947,0.023105422181735075,0.03529115853785563,0.38480023311567696,0.0261122921916869,0.1023918366546753,0.012977017937686824,0.04636910067978341,0.02041506480440976,0.0,0.02334280665620496,0.04336223066983158,0.05214545622521718,0.4569651133545208,0.03544941485416889,0.04502392199112075,0.056576633081988285,0.08514189817653063,0.03671546538467492,0.010603173192988015,0.0,0.0,0.024134088237771228,0.0012298974571946619,0.03173039142080742,0.04003884802725325,0.021048090069662774,0.04763515121028944,0.037585875124397816,0.031018237997397773,0.00028575158709504006,0.046131716205313526,0.02088983375334952,0.10967162720508498,0.35338635432749604,0.0,0.5159947193393645,0.11940439065835011,0.03291731379315682,0.0360824401194219,0.05752617097986781,0.01930727059021698,0.09740676269080781,0.009891019769578372,0.005697227387277142,0.01542999084054226,0.009020610029855476,0.07999856789634988,0.06781283154022932,0.01930727059021698,0.011077942141927777,0.004905945805710872,0.05369127182846011,0.0002713547285877354,0.06583462758631364,0.01938639874837361,0.18223214823471193,0.0290400340434821,0.01622127242210853,0.04731863857766293,0.028407008778229083,0.0,0.018990757957590473,0.05285760964862682,0.017329066636301307,0.0008196408223976567,0.045656947256373766,0.017329066636301307,0.027299214564036306,0.017566451110771188,0.013135274254000079,0.01598388794763865,0.021364602702289282,0.04913858621526535,0.033471210900253213,0.029989571941361624,0.039168438287530354,0.19789952354972407,0.032996441951313446,0.0038772797496747216,0.00015959629293115226,0.03362946721656646,0.013610043202939839,0.053728019388349715,0.015271734524229006,0.07042406075939801,0.01653778505473504,0.11631839249024166,0.04977161148051837,0.0261122921916869,0.009337122662481982,0.03339208274209658,0.042491820930108684,0.0,0.03885192565490384,0.014322196626349483,0.0481099201592292,0.05974175940825337,0.0
2,0.01584794810883027,0.03169589621766054,0.006339179243532107,0.03169589621766054,0.400273889377313,0.07290056130061923,0.13402836114896455,0.02762070956110418,0.05614701615699866,0.03395988880463629,0.0,0.048449441361281105,0.07516455388759498,0.06565578502229683,0.25401996825867945,0.002716791104370903,0.07063656871364347,0.04527985173951505,0.07607015092238528,0.028979105113289633,0.03441268732203144,0.0,0.0,0.02082873180017692,0.0,0.025809515491523577,0.028979105113289633,0.031243097700265385,0.053430225052627754,0.034865485839426585,0.03984626953077324,0.0,0.01765914217841087,0.014489552556644816,0.1820250039928505,0.44012015890808626,0.0,0.5469806090133418,0.20375933282781772,0.0466382472917005,0.03350709028724114,0.02943190363068478,0.01901753773059632,0.11410522638357792,0.005886380726136956,0.004075186656556354,0.016300746626225417,0.014036754039249665,0.04709104580909565,0.11455802490097307,0.03395988880463629,0.012225559969669062,0.02626231400891873,0.008234235474531263,0.0007763925109281706,0.03848787397858779,0.014942351074039966,0.12270839821408579,0.02943190363068478,0.01811194069580602,0.03577108287421689,0.01675354514362057,0.0,0.02716791104370903,0.06339179243532107,0.014489552556644816,0.0011725666242716612,0.0475438443264908,0.023998321421942977,0.026715112526313877,0.014036754039249665,0.019470336247991472,0.023092724387152676,0.01992313476538662,0.06022220281355502,0.04618544877430535,0.023545522904547825,0.05071343394825686,0.1811194069580602,0.042110262117748994,0.00905597034790301,0.0,0.05569421763960351,0.024903918456733277,0.06610858353969197,0.016300746626225417,0.07742854647457073,0.0022639925869757526,0.048449441361281105,0.0923708975486107,0.050260635430861705,0.01584794810883027,0.015395149591435116,0.03984626953077324,0.0,0.0031695896217660536,0.014036754039249665,0.044374254704724746,0.015395149591435116,0.0
3,0.017102041277170448,0.052731293937942215,0.0503560104272241,0.041329933086495255,0.3021360625633446,0.02137755159646306,0.03277891244791003,0.021852608298606684,0.02945351553290466,0.04370521659721337,0.0,0.028503402128617416,0.06128231457652744,0.33539003171339826,0.1087879847908898,0.11828911883376227,0.062232427980814686,0.05225623723579859,0.09738662393944283,0.02802834542647379,0.04370521659721337,0.0,0.0,0.02660317532004292,0.0,0.11116326830160791,0.03847959287363351,0.015201814468595955,0.06888322181082542,0.04465533000150062,0.05558163415080396,0.0,0.034204082554340896,0.015201814468595955,0.1515430879838159,0.1230396858551985,0.0,0.6351508107660248,0.16436961894169375,0.05130612383151135,0.12446485596162937,0.060332201172240196,0.02090249489431944,0.12589002606806024,0.0038004536171489887,0.0028503402128617415,0.03040362893719191,0.015676871170739577,0.024227891809324803,0.05415646404437309,0.025653061915755674,0.01900226808574494,0.004750567021436235,0.0,0.0,0.036579366065059016,0.01852721138360132,0.20379932521961452,0.062232427980814686,0.02090249489431944,0.020427438192175813,0.027553288724330167,0.0,0.009976190745016095,0.03847959287363351,0.0028503402128617415,0.0,0.033729025852197274,0.01330158766002146,0.14346712404737433,0.02137755159646306,0.028503402128617416,0.01045124744715972,0.025653061915755674,0.08313492287513413,0.040379819682208,0.009026077340728848,0.03610430936291539,0.2318276706460883,0.04893084032079323,0.06840816510868179,0.0,0.014251701064308708,0.01995238149003219,0.09501134042872472,0.021852608298606684,0.07363378883226165,0.04513038670364424,0.13776644362165083,0.05320635064008584,0.01187641755359059,0.021852608298606684,0.007600907234297977,0.01472675776645233,0.0,0.07315873213011803,0.038954649575777135,0.06318254138510193,0.02232766500075031,0.0
4,0.013431641531769477,0.040255419767273815,0.03828017836554301,0.026428729955158176,0.2163284383175578,0.01836974503609649,0.055030225452220236,0.01686856157078108,0.025836157534638936,0.013747680156046405,0.38736728141609167,0.01461678637280796,0.018132716067888795,0.10883580123536737,0.11069252815299434,0.027574369968162045,0.03792463491323146,0.03535682109098141,0.06265465726290115,0.028917534121338993,0.012404516002869457,0.0,0.6673656383417832,0.01896231745661573,0.0011052500098754248,0.027850903764404356,0.03863572181785455,0.02931258240168515,0.03278900726873137,0.03270999761266214,0.03365811348549293,0.0019259346131532237,0.049815588151650915,0.02283379060400811,0.16931769295636465,0.13870145122953714,0.0002538695683332337,0.3852115781655417,0.08094539264292841,0.032591483128558286,0.027258331343885115,0.0789701512411976,0.011179866333796359,0.057005466853951046,0.014142728436392566,0.014300747748531031,0.010587293913277116,0.011614419442177136,0.03401365693780447,0.03452721970225448,0.013234117391596396,0.007545422154611676,0.0015406882933500282,0.010012749296102137,0.008263924631598144,0.05668942822967411,0.009204624932065553,0.14253341954889492,0.026863283063538954,0.014063718780323335,0.025599128566431237,0.02895703894937361,0.0003963346613724778,0.017698162959508018,0.02121409265458885,0.014182233264427182,0.0017391283279743638,0.03417167624994293,0.01216748703466176,0.01797469675575033,0.017382124335231088,0.013668670499977173,0.010784818053450197,0.024453488553427372,0.030892775523069797,0.024413983725392756,0.007663936638715525,0.03369761831352754,0.17125342953006084,0.021293102310658084,0.012088477378592529,0.0015935728201148228,0.012325506346800226,0.010745313225415581,0.06850137181202433,0.013668670499977173,0.0473267839854701,0.02567813822250047,0.11420845784807516,0.024927546489842765,0.009678682868480946,0.019989442985515752,0.01663153260257338,0.01216748703466176,0.0018289013528946711,0.020898054030311922,0.0213326071386927,0.03796413974126608,0.03713453835253914,0.0
5,0.017243378626213557,0.1650437668509012,0.05583570221821533,0.045161229735321225,0.311201928539759,0.015601152090383695,0.050087909342810814,0.05173013587864067,0.022170058233703147,0.22662726194452104,0.0,0.03695009705617191,0.10099693195353655,0.13219923613430395,0.06979462777276917,0.1469792749567727,0.0681524012369393,0.08785911966689765,0.09360691254230218,0.03120230418076739,0.016422265358298625,0.0,0.0,0.027917851109107664,0.0,0.14862150149260256,0.07472130738025876,0.020527831697873283,0.08539577986315286,0.04926679607489588,0.04269788993157643,0.0,0.015601152090383695,0.022170058233703147,0.11988253711557997,0.15601152090383696,0.0,0.5411136435559397,0.2102049965862224,0.10920806463268587,0.10920806463268587,0.07307908084442889,0.021348944965788215,0.18310825874502967,0.004926679607489588,0.004926679607489588,0.007390019411234382,0.03777121032408684,0.06404683489736464,0.06322572162944971,0.0262756245732778,0.022991171501618078,0.0131378122866389,0.0,0.0,0.02463339803744794,0.01231669901872397,0.23401728135575542,0.0525512491465556,0.03202341744868232,0.01888560516204342,0.034486757252427114,0.0,0.028738964377022596,0.011495585750809039,0.0008211132679149313,0.0,0.04762456953906602,0.009032245947064244,0.1420525953492831,0.029560077644937528,0.01888560516204342,0.008211132679149313,0.020527831697873283,0.0656890614331945,0.0525512491465556,0.02381228476953301,0.028738964377022596,0.2487973201782242,0.05090902261072574,0.015601152090383695,0.0,0.01806449189412849,0.01970671842995835,0.10017581868562163,0.009032245947064244,0.0788268737198334,0.20527831697873283,0.12152476365140984,0.06979462777276917,0.027917851109107664,0.02463339803744794,0.01231669901872397,0.02381228476953301,0.0,0.028738964377022596,0.0262756245732778,0.045161229735321225,0.022170058233703147,0.0
6,0.0174870519697445,0.03159425355878208,0.07288720821002749,0.05260810592578597,0.3932382442944225,0.014841951671799953,0.0326229036746494,0.018956552135269245,0.020866902350451418,0.021895552466318743,0.0,0.018368752069059347,0.058339156571332484,0.39603029460891953,0.12858126448341542,0.04922825554507905,0.05510625620717804,0.04555450513126718,0.08258590930249082,0.03041865342636228,0.03850090433674839,0.0,0.0,0.02645100297944546,0.0,0.05231420589268102,0.05055080569405132,0.017927902019401924,0.04452585501539986,0.026891853029102884,0.02248335253252864,0.0,0.027185753062207833,0.01660535187042965,0.064070207216879,0.12329106388752634,0.0,0.5851549659119546,0.16517181860498165,0.044085004965742434,0.05760440648857011,0.06921345779621561,0.012490751406960356,0.07817740880591659,0.0058780006620989915,0.001910350215182172,0.0174870519697445,0.021160802383556367,0.02145470241666132,0.04996300562784142,0.011902951340750458,0.016458401853877175,0.0064658007283088905,0.0006680791747289318,0.0,0.02953695332704743,0.009698701092463334,0.2424675273115834,0.02645100297944546,0.023512002648395966,0.014988901688352428,0.03423935385672662,0.0,0.01322550148972273,0.034680203906384044,0.0064658007283088905,0.0001902708138675605,0.029977803376704856,0.013078551473170255,0.03952955445261572,0.027332703078760307,0.021013852367003892,0.0174870519697445,0.02865525322773258,0.04922825554507905,0.023512002648395966,0.018662652102164296,0.02615710294634051,0.23453222641774973,0.03350460377396425,0.021895552466318743,0.0,0.015576701754562326,0.01381330155593263,0.1322550148972273,0.02248335253252864,0.05055080569405132,0.03938260443606324,0.20264407282586272,0.08464320953422547,0.014841951671799953,0.025128452830473186,0.008963951009700962,0.015282801721457377,0.0007559050302667845,0.12402581397028871,0.023512002648395966,0.045113655081609756,0.013960251572485104,0.0
7,0.019591761266786717,0.10114246753978644,0.018122379171777715,0.042612080755261114,0.3026927115718548,0.021061143361795723,0.06563240024373551,0.02032645231429122,0.04114269866025211,0.01469382095009004,0.0,0.042612080755261114,0.08840782271637507,0.23803989939145861,0.14522393039005654,0.042122286723591446,0.03208150907436325,0.064897709196231,0.08963230779554923,0.04579574196111395,0.0252243926309879,0.0,0.0004799432558552163,0.019101967235117052,0.002283876365126271,0.03526517028021609,0.031591715042693584,0.03355089116937225,0.09085679287472341,0.0915914839222279,0.04383656583443528,0.0,0.04408146285027011,0.012244850791741698,0.08767313166887056,0.27232548160833536,0.0,0.5681610767368148,0.20375431717458187,0.03306109713770259,0.14571372442172623,0.10897917204650112,0.018122379171777715,0.12048933179073831,0.014448923934255205,0.008571395554219189,0.009306086601723692,0.010775468696732696,0.06318343008538717,0.05681610767368148,0.018612173203447383,0.027428465773501404,0.0034285582216876755,0.05706051114272659,0.00041991349736883893,0.055836519610342146,0.024979495615153065,0.18342786486029064,0.03232640609019809,0.013469335870915868,0.03575496431188576,0.023755010535978897,0.03931111438104908,0.01420402691842037,0.023020319488474394,0.013714232886750702,0.0,0.040897801644417274,0.03134681802685875,0.0857139555421919,0.01836727618761255,0.019591761266786717,0.018122379171777715,0.04138759567608694,0.11804036163238997,0.024244804567648565,0.02399990755181373,0.04383656583443528,0.28799889062176476,0.02155093739346539,0.007836704506714687,0.0,0.025469289646822733,0.03085702399518908,0.13126480048747102,0.009306086601723692,0.06587729725957034,0.013224438855081035,0.23240726802725745,0.06661198830707483,0.022530525456804725,0.05167327034114997,0.022040731425135057,0.009795880633393358,0.0008398269947376779,0.03306109713770259,0.02473459859931823,0.08914251376387956,0.014938717965924872,0.0
8,0.01794256130476225,0.06703756962851751,0.012143733520759377,0.028058005286722414,0.28949932609553347,0.018462635545479996,0.08206771518526038,0.015550219797460615,0.038485493813113225,0.013937989651235601,0.00039747649122044324,0.0192687506185925,0.021583080989786473,0.071536211810726,0.14140818605115524,0.009153306636632335,0.037523356467785395,0.05504985837997345,0.06508729122582595,0.026133730596066752,0.008893269516273462,0.3733587118261273,0.0005605759136716703,0.017890553880690472,0.5329901719354427,0.017682524184403376,0.02790198301450709,0.022051147806432445,0.0457145257590899,0.031074435882885342,0.033102725421684555,0.00323975401982516,0.05169537952734399,0.017448490776080388,0.1351152877384705,0.19362363981921696,0.0005013223556240633,0.38722127592639805,0.11488439977455016,0.02405343363319577,0.03052835793013171,0.03554707435305796,0.015186167828958192,0.06516530236193362,0.032504640044859145,0.06303299797499086,0.01549821237338884,0.010063436557888392,0.0338308293586894,0.03887554949365154,0.01851464296955177,0.013573937682733178,0.005746820359931097,0.023703256701297932,0.007356913226058984,0.08276981541022933,0.02225917750271954,0.14629688391390205,0.026185738020138526,0.012065722384651714,0.038303467828862015,0.022909270303616724,0.25388348573167946,0.02335133340822681,0.021010999324996952,0.014874123284527545,0.0022558628240024955,0.048080863554355646,0.020178880539848558,0.009855406861601293,0.013235889426266644,0.017656520472367487,0.016876409111290867,0.019606798875059037,0.041553931833347935,0.021063006749068726,0.008893269516273462,0.04698870764884838,0.21970536299121193,0.02405343363319577,0.003536504836880675,0.0006818211092075067,0.012143733520759377,0.01346992283458963,0.05164337210327221,0.012377766929082363,0.06097870472415576,0.017968565016798135,0.16907613565733934,0.038017426996467256,0.013833974803092052,0.015342190101173516,0.04116387615280962,0.020178880539848558,0.0017834941154082384,0.012247748368902927,0.01986683599541791,0.03882354206957976,0.042230028346281,0.0
9,0.023973374251643406,0.08856046488254152,0.025383572737034194,0.03102436667859735,0.4145983547048918,0.05386958214192812,0.08743230609422889,0.0327166048610663,0.053587542444849964,0.029050088799050244,0.0007185137582459358,0.02622969182826867,0.11422607731665388,0.13566109429459386,0.23352886918071458,0.027921930010737613,0.07220216245200838,0.06515117002505443,0.08461190912344732,0.02481949334287788,0.08320171063805652,0.0,0.0,0.041177795773411026,0.002191886645318862,0.04089575607633287,0.031306406375675506,0.030460287284441032,0.07840703578772784,0.06797156699583601,0.04428023244127076,0.0010185159485749792,0.03074232698151919,0.019460739098392882,0.13030234005010885,0.29134700708173694,0.0,0.5463108932403915,0.18332580310080251,0.07897111518188416,0.07615071821110259,0.15991650824331544,0.0293321284961284,0.16189078612286253,0.00987138939773552,0.006486913032797627,0.02848600940489393,0.02453745364579972,0.039767597288020234,0.09617553670365178,0.03215252546690998,0.018050540613002094,0.009025270306501047,0.036223214414739774,0.0,0.058382217295178646,0.027639890313659456,0.14101984853907887,0.044562272138348916,0.02115297728086183,0.039767597288020234,0.055843860021475226,0.00047159682076124463,0.0219990963720963,0.05894629668933496,0.06120261426596022,0.00255629409070538,0.053587542444849964,0.022845215463330775,0.050203066079912075,0.013819945156829728,0.02115297728086183,0.01607626273345499,0.040331676682176555,0.10350856882768388,0.0439981927441926,0.01833258031008025,0.043716153047114445,0.22196524160051012,0.06881768608707048,0.007615071821110258,0.0028442776352762427,0.036383120923082345,0.03751127971139498,0.07502255942278996,0.03074232698151919,0.08376579003221284,0.01099954818604815,0.11704647428743545,0.040331676682176555,0.0293321284961284,0.04258799425880182,0.03807535910555129,0.02453745364579972,0.0,0.005076714547406839,0.030460287284441032,0.062330773054272856,0.020588897886705513,0.0
10,0.008371663258775926,0.023022073961633794,0.01883624233224583,0.053369353274696524,0.2584751031147067,0.007325205351428935,0.055462269089390503,0.02930082140571574,0.01778978442489884,0.01778978442489884,0.0,0.01569686861020486,0.06069455862612546,0.47195251621349277,0.1904553391371523,0.01674332651755185,0.07011267979224838,0.06592684816286042,0.08476309049510625,0.0334866530351037,0.01778978442489884,0.0,0.0,0.01988270023959282,0.0,0.026161447683674767,0.04813706373796157,0.03034727931306273,0.055462269089390503,0.053369353274696524,0.024068531868980784,0.0,0.01988270023959282,0.06174101653347245,0.16220097563878355,0.1768513863416414,0.0,0.5786912227628859,0.1548757702873546,0.04395123210857361,0.03453311094245069,0.053369353274696524,0.009418121166122916,0.054415811182043514,0.020929158146939814,0.009418121166122916,0.011511036980816897,0.013603952795510878,0.03976540047918564,0.04081185838653264,0.03557956884979768,0.021975616054286804,0.005232289536734954,0.07493084272194597,0.0,0.050229979552655554,0.01674332651755185,0.15068993865796665,0.0449976900159206,0.023022073961633794,0.024068531868980784,0.04709060583061458,0.0,0.01988270023959282,0.04709060583061458,0.009418121166122916,0.0,0.04081185838653264,0.012557494888163889,0.03767248466449166,0.03767248466449166,0.01778978442489884,0.04813706373796157,0.01569686861020486,0.03453311094245069,0.02930082140571574,0.03139373722040972,0.03557956884979768,0.1569686861020486,0.03139373722040972,0.15382931238000763,0.0,0.008371663258775926,0.006278747444081944,0.1454576491212317,0.021975616054286804,0.04813706373796157,0.17580492843429443,0.18731596541511134,0.04081185838653264,0.01465041070285787,0.04290477420122662,0.01465041070285787,0.01674332651755185,0.0,0.03557956884979768,0.007325205351428935,0.03557956884979768,0.010464579073469907,0.0
11,0.019630186606091934,0.1426626937423624,0.038510174997938316,0.030758126784067617,0.378099899979758,0.02525667321293357,0.09027385178088138,0.015754162499156583,0.04576209106897865,0.02525667321293357,0.0,0.018879988391846382,0.04288633124770403,0.10102669285173428,0.1830483642759146,0.071393863389035,0.0465122892832242,0.058265394639737844,0.0588905598182758,0.026006871427179123,0.01362860089212752,0.002000076915704363,0.0036755508458768808,0.02713216874854745,0.02370950314561893,0.042386199104873665,0.05413930446138731,0.021130583034583036,0.05538963481846323,0.04426169464048754,0.07039359910337425,0.008578986232924168,0.05088844553298992,0.0326336223196815,0.22080834105960737,0.2500660714151839,0.0,0.5942820187181844,0.13666110802839798,0.04663732231893179,0.03700977856944721,0.03901030714076868,0.027007135712839858,0.11052920356551127,0.01938012053467675,0.0186299223204312,0.017754691070478053,0.01162807232080605,0.055764733925586,0.06076605535388968,0.019005021427553975,0.002000528571321471,0.01750462499906287,0.04590136509323807,0.018008618712880977,0.059890824103936535,0.02388130982015006,0.2261847615950338,0.02275601249878173,0.05038831339015955,0.0326336223196815,0.024381441962980428,0.2301827232034984,0.0201303187489223,0.026882102677132265,0.019880252677507117,0.0011332490200260707,0.039760505355014235,0.015629129463448993,0.026882102677132265,0.015879195534864176,0.02263097946307414,0.02200581428453618,0.024256408927272835,0.06376684821087189,0.0372598446408624,0.015879195534864176,0.05126354464011269,0.24719031159390925,0.04163600089062811,0.007251916071040332,0.0,0.015254030356326215,0.014753898213495847,0.04913798303308363,0.024006342855857652,0.07114379731761981,0.01950515357038434,0.1426626937423624,0.03826010892652313,0.016254294641986952,0.01938012053467675,0.03801004285510795,0.019005021427553975,0.0006431649540314634,0.0076270151781631075,0.030007928569822064,0.0465122892832242,0.04863785089025326,0.0
12,0.015099078564553246,0.14514598103989895,0.05990924720774353,0.04383603454225136,0.32877025906688523,0.028736955977698115,0.05990924720774353,0.029711090078637033,0.024840419573942438,0.02337921842253406,0.0,0.03604296173474001,0.0638057836114992,0.1617062607558606,0.0988746112453003,0.11007715340609786,0.05016790619835434,0.07549539282276624,0.1095900863556284,0.05601271080398785,0.028249888927228656,0.0022260895371282305,0.0,0.03360762648239271,0.006813481909978849,0.05162910734976271,0.047245503895537576,0.02143095022065622,0.08572380088262488,0.07306005757041893,0.0638057836114992,0.0,0.029711090078637033,0.02435335252347298,0.11835729326407868,0.19482682018778383,0.0,0.5912993992699239,0.17777947342135275,0.0759824598732357,0.07987899627699137,0.08815913613497219,0.028249888927228656,0.14563304809036842,0.0228921513720646,0.013637877413144867,0.047245503895537576,0.018995614968308924,0.04529723569365974,0.06283164951056028,0.025327486624411897,0.027275754826289734,0.005357737555164055,0.01605406631065897,0.0,0.05357737555164055,0.02094388317018676,0.1845984121279252,0.05990924720774353,0.028736955977698115,0.031659358280514874,0.019969749069247842,0.1718429958597225,0.013150810362675408,0.014124944463614328,0.004870670504694596,0.0006306541930044819,0.04529723569365974,0.014124944463614328,0.0769565939741746,0.02435335252347298,0.019969749069247842,0.0228921513720646,0.05162910734976271,0.11105128750703679,0.04286190044131244,0.01168960921126703,0.03604296173474001,0.29808503488730925,0.0384782969870873,0.0409136322394346,0.0,0.018021480867370005,0.034094693532862166,0.1120254216079757,0.017047346766431083,0.07257299051994948,0.06672818591431597,0.2035940270962341,0.05503857670304893,0.018508547917839464,0.0409136322394346,0.009741341009389191,0.019482682018778383,0.003340604668759119,0.030685224179575952,0.028249888927228656,0.06331871656102975,0.017534413816900546,0.0
13,0.010561809077733807,0.1114857624871902,0.010170630963743666,0.025426577409359167,0.4166046913995002,0.03794427705704368,0.1725095482696522,0.013300055875664796,0.03403249591714227,0.019950083813497194,0.0,0.03990016762699439,0.041856058196945094,0.04029134574098452,0.26365404882935506,0.032467783461181704,0.03481485214512255,0.06767381372029439,0.07588855411408736,0.03285896157517185,0.012126521533694371,0.0008939195392787185,0.0,0.01564712455960564,0.0012160246842959916,0.028164824207290155,0.04459430499487608,0.02307950872541832,0.06024142955448172,0.03677074271507326,0.03090307100522114,0.0,0.03403249591714227,0.016429480787585923,0.13691233989654936,0.3747486332025551,0.0,0.55469056563802,0.20184790681891276,0.028164824207290155,0.021905974383447897,0.031685427233201426,0.012908877761674655,0.09388274735763384,0.013691233989654937,0.010952987191723948,0.03325013968916199,0.014473590217635219,0.02660011175132959,0.11930932476699302,0.02307950872541832,0.012517699647684514,0.04459430499487608,0.02178557023535337,0.0006707348775965857,0.09466510358561413,0.01955890569950705,0.14825650520226344,0.010952987191723948,0.01564712455960564,0.06337085446640285,0.02268833061142818,0.0006540864878960934,0.021123618155467615,0.06923852617625496,0.035206030259112696,0.0005064972421388136,0.05632964841458031,0.016820658901576066,0.01486476833162536,0.006258849823842257,0.010170630963743666,0.016429480787585923,0.01916772758551691,0.04811490802078735,0.017603015129556348,0.024644221181378885,0.03872663328502396,0.19950083813497194,0.02699128986531973,0.002347068683940846,0.0,0.028947180435270437,0.012517699647684514,0.048506086134777485,0.010170630963743666,0.07119441674620566,0.005867671709852115,0.15960067050797755,0.044203126880885936,0.03677074271507326,0.010561809077733807,0.028164824207290155,0.09662099415556484,0.0,0.004302959253891551,0.008214740393792962,0.0457678393368465,0.01486476833162536,0.0
14,0.016829882515588424,0.13704332905550576,0.01442561358479008,0.05209249350063084,0.4447897521976941,0.0224398433541179,0.05129107052369806,0.03045407312344572,0.032858342054244066,0.02885122716958016,0.0,0.023241266331050683,0.10017787211659777,0.20035574423319555,0.13704332905550576,0.09136221937033717,0.05209249350063084,0.06251099220075701,0.1482632507325647,0.06331241517768979,0.041673994800504675,0.0,0.0,0.032858342054244066,0.0,0.11300063974752228,0.05209249350063084,0.024042689307983464,0.07052522197008483,0.034461188008109635,0.06892237601621927,0.0,0.005609960838529475,0.01843272846945399,0.06411383815462257,0.15948317240962365,0.0,0.4351726764745007,0.20035574423319555,0.0448796867082358,0.08414941257794213,0.04888680159289971,0.017631305492521208,0.21798704972571675,0.0016028459538655643,0.0016028459538655643,0.027248381215714594,0.05609960838529475,0.037666879915840765,0.11460348570138784,0.02163842037718512,0.013624190607857297,0.0032056919077311286,0.0009108777487732782,0.0,0.027248381215714594,0.009617075723193386,0.15788032645575809,0.024042689307983464,0.016829882515588424,0.020035574423319553,0.03686545693890798,0.0,0.01121992167705895,0.019234151446386773,0.0032056919077311286,0.0,0.027248381215714594,0.01522703656172286,0.10097929509353055,0.016829882515588424,0.02564553526184903,0.009617075723193386,0.0224398433541179,0.14265328989403522,0.03045407312344572,0.038468302892773545,0.03045407312344572,0.24363258498756576,0.038468302892773545,0.0032056919077311286,0.0,0.035262610985042415,0.13704332905550576,0.05529818540836197,0.024042689307983464,0.06331241517768979,0.00721280679239504,0.07533375983168153,0.35583180175815526,0.03686545693890798,0.037666879915840765,0.020035574423319553,0.020035574423319553,0.0,0.012822767630924515,0.019234151446386773,0.06972379899315205,0.031255496100378505,0.0
15,0.013264425004896241,0.09668702825868619,0.02199953415446206,0.023247406890114317,0.2758723095966051,0.022184404189373504,0.0660910374808419,0.014743385284187808,0.03341525881024384,0.01612991054602365,0.0768855210903248,0.01765508833404308,0.020705443910081937,0.11933360753533831,0.1364803032733749,0.024402844608310853,0.04575533364058285,0.044553678413658454,0.05920462868039054,0.021583576575911305,0.012524944865250458,0.00010561616979844977,0.002173822971986897,0.018764308543511757,0.002011418359812073,0.031058165865122906,0.0423352379947211,0.014928255319099254,0.04044032013687878,0.03572613424663691,0.046494813780228635,0.7302005967882379,0.03886892484013149,0.01696182570312516,0.11831682234332536,0.14170288175962326,0.1627599543272112,0.37440803820440577,0.07644375943588287,0.03859161978776433,0.027915375271628327,0.04252010802963255,0.012894684935073349,0.07824624227626946,0.010907332059775307,0.02620532744869745,0.014003905144542025,0.010214069428857385,0.024033104538487962,0.03859161978776433,0.015020690336554976,0.008226716553559341,0.012016552269243981,0.028996388719369156,0.011015334087339505,0.06387259706190454,0.009197284236844431,0.12927037191182852,0.04057897266306237,0.0157139529674729,0.02930190053346417,0.026759937553431788,7.728000847173124e-05,0.018163480930049557,0.06646077755066479,0.023524711942481485,0.0007779513176627228,0.05573831552580093,0.015945040511112205,0.010676244516135998,0.013264425004896241,0.015344212897650008,0.011184637112142475,0.024402844608310853,0.04039410262815092,0.030688425795300015,0.010121634411401662,0.036373179368826974,0.1847313823852623,0.026852372570887514,0.00855023911465437,0.0001864353533132785,0.015898823002384346,0.014419862723092777,0.042982283116911164,0.01830213345623314,0.05356609261559144,0.013171989987440519,0.09830464106416134,0.02139870654099986,0.009890546867762353,0.00855023911465437,0.02236927422428495,0.01765508833404308,0.0019811751955646595,0.0022184404189373504,0.02740698267562185,0.039469752453593694,0.036789136947377725,0.0
16,0.017061113727938046,0.02093863957519669,0.015510103389034587,0.03489773262532782,0.4366094104013236,0.030244701608617443,0.0317957119475209,0.02171414474464842,0.017836618897389776,0.016285608558486316,0.0,0.0449792998282003,0.04187727915039338,0.06746894974230044,0.07599950660626947,0.009306062033420751,0.03334672228642436,0.047305815336555486,0.12873385812898708,0.04808132050600722,0.01240808271122767,0.0,0.0,0.017061113727938046,0.0,0.015510103389034587,0.04032626881148992,0.039550763642038196,0.07599950660626947,0.08065253762297984,0.029469196439165714,0.0,0.018612124066841502,0.02171414474464842,0.2039578595658048,0.0767750117757212,0.0,0.6630569198812285,0.20550886990470826,0.03489773262532782,0.042652784319845115,0.058162887708879694,0.01240808271122767,0.07212198075901083,0.0015510103389034587,0.05350985669216932,0.06746894974230044,0.027918186100262254,0.025591670591907065,0.042652784319845115,0.04653031016710376,0.01163257754177594,0.0023265155083551877,0.004407101014346623,0.0,0.018612124066841502,0.01240808271122767,0.15665204422924933,0.09693814618146616,0.02016313440574496,0.017061113727938046,0.013183587880679398,0.0,0.01163257754177594,0.0713464755895591,0.014734598219582857,0.0010041237368448323,0.02171414474464842,0.007755051694517293,0.0635914238950418,0.006979546525065564,0.03799975330313474,0.05661187736997624,0.03412222745587609,0.12097880643446977,0.037224248133683004,0.0046530310167103755,0.047305815336555486,0.23187604566606707,0.025591670591907065,0.042652784319845115,0.0,0.009306062033420751,0.016285608558486316,0.0922851151647558,0.016285608558486316,0.06436692906449354,0.03489773262532782,0.20550886990470826,0.08220354796188331,0.005428536186162105,0.03799975330313474,0.013959093050131127,0.009306062033420751,0.0,0.0023265155083551877,0.02404066025300361,0.062040413556138346,0.02016313440574496,0.0
17,0.012847730549916956,0.09067532907345235,0.10055819872723464,0.03780197642571719,0.3896321361003661,0.03360175682285973,0.06769765712840857,0.021989384979665558,0.03360175682285973,0.030883967668069605,0.0,0.022236456721010114,0.03557833075361618,0.09808748131378905,0.13465409903278347,0.07412152240336704,0.06572108319765212,0.05163799394101238,0.09339311822824248,0.03187225463344783,0.015071376222017967,0.0,0.000968410460752194,0.028907393737313148,0.0011520787801840616,0.09166361603883058,0.08276903335042654,0.02025988279025366,0.053367496130424276,0.04150805254588555,0.05237920916504605,0.0,0.06152086359479465,0.03557833075361618,0.12798316201648044,0.2260706433302695,0.0,0.4948846979131473,0.1139000727598407,0.025942532841178468,0.04719070259681035,0.22310578243413481,0.024707174134455685,0.09166361603883058,0.004200219602857466,0.003211932637479239,0.021495241496976444,0.01161237184319417,0.028413250254624035,0.054108711354457946,0.023471815427732898,0.01951866756621999,0.0022236456721010114,0.039595013221092386,0.0016945695913089173,0.08721632469462856,0.013094802291261512,0.2873444351837196,0.048426061303533136,0.016553806670085307,0.02866032199596859,0.021495241496976444,0.0,0.013094802291261512,0.057073572250592626,0.006176793533613921,0.004798625656416694,0.051143850458323266,0.012847730549916956,0.042496339511263775,0.021495241496976444,0.027672035030590365,0.02100109801428733,0.044719985183364785,0.08375732031580477,0.0452141286660539,0.009141654429748602,0.036072474236305295,0.2186584910899328,0.0343429720468934,0.009141654429748602,0.38421047105555595,0.013094802291261512,0.01556551970470708,0.04570827214874301,0.019024524083530874,0.0669564419043749,0.0037060761201683523,0.12427708589631209,0.038296119908406305,0.010377013136471387,0.021495241496976444,0.018283308859497204,0.022730600203699228,0.0,0.014824304480673409,0.044719985183364785,0.04743777433815491,0.043978769959331115,0.0
18,0.014469308299652634,0.10189226194230912,0.04118187746824212,0.027420856987453595,0.26975647501310435,0.016088251885627756,0.07214417355001629,0.01801074739397321,0.04634226014853781,0.02529599353086125,0.0,0.022766394177775123,0.045229236433179915,0.14823452209084692,0.15713871181371009,0.02610546532384881,0.04209253323535312,0.05231211462182107,0.06526366330962202,0.0242841537896268,0.02064153072118278,0.0,0.0,0.016492987782121535,0.001572713372614413,0.026004281349725364,0.04219371720947657,0.017302459575109095,0.06860273445569572,0.06425182356838757,0.028027960832194266,0.00036540065973892977,0.02954572044404594,0.022159290333034456,0.23636576355236752,0.32237214155729577,0.1796823742730398,0.61621040241178,0.14671676247899526,0.04502686848493302,0.033087159538366516,0.027218489039206706,0.014975228170269859,0.09207741645233494,0.019022587135207658,0.01962969097994833,0.01193970894656651,0.009005373696986604,0.038045174270415316,0.045836340277920586,0.014165756377282299,0.00505919870617225,0.009814845489974165,0.16203955039841783,0.0,0.0586867049915981,0.01234444484306029,0.19214836686042205,0.08600637800492825,0.03288479159011962,0.03359307940898374,0.029140984547552158,0.0006767563715739103,0.02246284225540479,0.02853388070281149,0.013457468558418185,0.0010481037053818737,0.03794399029629188,0.022564026229528234,0.017909563419849766,0.017504827523355984,0.024385337763750244,0.008600637800492824,0.020135610850565554,0.08236375493648423,0.07598916456670719,0.014570492273776079,0.045229236433179915,0.24344864174100866,0.029849272366416275,0.006374590369777035,0.00040816284747027223,0.01598706791150431,0.010826685231208616,0.0868158497979158,0.014266940351405745,0.052716850518314845,0.0496813312946115,0.19791585338545842,0.0627340639565359,0.016492987782121535,0.014266940351405745,0.02266521020365168,0.03359307940898374,0.0005204863314525986,0.020135610850565554,0.03946174990814355,0.05443697807841341,0.016492987782121535,0.0
19,0.01845267901423266,0.043520469373190235,0.0020889825299131312,0.02646044537889966,0.47106556049541104,0.03620903051849427,0.127427934324701,0.010096748894580133,0.03377188423359562,0.024023299094001006,0.0,0.0494392532079441,0.04595761565808888,0.027853100398841747,0.14692510460389022,0.002437146284898653,0.03969066806834949,0.05466170953272693,0.04735027067803097,0.02680860913388518,0.019845334034174746,0.0015912464032077744,0.0,0.01531920521936296,0.005952701283733774,0.02994208292875488,0.025415954113943096,0.03412004798858114,0.0668474409572202,0.051876399492842756,0.04247597810823366,0.0006286532371899357,0.01671186023930505,0.010793076404551178,0.22700276825056026,0.40595893831311847,0.0,0.5622844643016178,0.1608516548033111,0.025067790358957575,0.028897591663798315,0.009748585139594612,0.016015532729334005,0.10236014396574343,0.002785310039884175,0.005222456324782828,0.02854942790881279,0.012882058934464308,0.05431354577774141,0.11489403914522221,0.0302902466837404,0.01148940391452222,0.02471962660397205,0.08903574137076313,0.0005969801612921198,0.04595761565808888,0.02054166154414579,0.1305614081195707,0.03620903051849427,0.01497104146437744,0.03934250431336397,0.011837567669507743,0.0011643248922506718,0.019845334034174746,0.0302902466837404,0.005222456324782828,0.0009016045397534939,0.037949849293421885,0.018104515259247136,0.015667368974348485,0.01323022268944983,0.02297880782904444,0.02297880782904444,0.018104515259247136,0.06789193222217677,0.04317230561820471,0.02437146284898653,0.05918783834753871,0.21377254556111042,0.025067790358957575,0.01706002399429057,0.0,0.04317230561820471,0.013926550199420873,0.05013558071791515,0.0111412401595367,0.07102540601704646,0.002437146284898653,0.09574503262101851,0.05396538202275589,0.025067790358957575,0.009748585139594612,0.0302902466837404,0.010793076404551178,0.0,0.0034816375498552183,0.00940042138460909,0.0494392532079441,0.012533895179478787,0.0
20,0.020738326552634502,0.11774017655689266,0.04749745758829192,0.04181114224321472,0.41476653105269007,0.020403837414688784,0.05184581638158626,0.016055478621394455,0.03512135948430037,0.035455848622246086,0.0,0.031441978966897474,0.05585968603693487,0.1960106348361906,0.1488476663858444,0.06689782758914356,0.06121151224406635,0.047162968450346204,0.08629819758999518,0.030773000691006035,0.021407304828525937,0.0,0.0,0.028097087587440294,0.0,0.08061188224491798,0.06288395793379495,0.016055478621394455,0.03913522913964898,0.0337834029325175,0.055190707761043435,0.0,0.035455848622246086,0.021741793966471655,0.2598980601838227,0.24718747294188545,0.0,0.5278238596783427,0.16122376448983597,0.04214563138116044,0.08529473017615803,0.06990822983065502,0.022076283104417373,0.11205386121181546,0.003344891379457178,0.00301040224151146,0.0150520112075573,0.016055478621394455,0.023414239656200243,0.06923925155476358,0.035455848622246086,0.022076283104417373,0.005351826207131484,0.0,0.0,0.042814609657051875,0.01204160896604584,0.2297940377687081,0.07358761034805791,0.048500925002129075,0.024752196207983114,0.028431576725386012,0.0,0.017058946035231608,0.07425658862394935,0.026090152759765988,0.00043309638202091523,0.0394697182775947,0.014383032931665865,0.07793596914135224,0.022745261380308808,0.03813176172581183,0.00903120672453438,0.023414239656200243,0.19634512397413634,0.0394697182775947,0.014383032931665865,0.03779727258786611,0.27227415828781426,0.0451560336226719,0.02374872879414596,0.0,0.02575566362182027,0.01204160896604584,0.06823578414092643,0.020069348276743067,0.06689782758914356,0.024752196207983114,0.09499491517658384,0.062214979657903506,0.016055478621394455,0.00903120672453438,0.009365695862480098,0.028431576725386012,0.0,0.05987355569228348,0.04448705534678046,0.05318377293336913,0.01371405465577443,0.0
21,0.01815203852534205,0.19328086091772662,0.025566251444143734,0.02658890150190948,0.3246913933406254,0.024287938871936546,0.06698357878365659,0.021731313727522173,0.02479926390081942,0.016873725953134865,0.0,0.02965685167520673,0.02684456401635092,0.030935164247413917,0.05445611557602615,0.07439779170245826,0.028634201617440982,0.048064552714990216,0.07644309181798976,0.02607757647302661,0.02198697624196361,0.0,0.0005010412199710497,0.0232652888141708,0.0,0.04627491511390016,0.04218431488283716,0.01329445075095474,0.10252066829101637,0.09485079285777324,0.06647225375477371,0.0004616306695635559,0.013550113265396178,0.012016138178747554,0.12783125722071867,0.5016098533341,0.0,0.2561738394703202,0.15493148375151103,0.028634201617440982,0.06340430358147646,0.1807533977100962,0.014317100808720491,0.09357248028556606,0.00025566251444143735,0.008692525491008869,0.009970838063216057,0.02965685167520673,0.011249150635423243,0.06238165352371071,0.019941676126432113,0.023520951328612233,0.13601245768284467,0.01656304627053495,0.0,0.06621659124033227,0.0071585504043602454,0.11530379401308824,0.041417327339512845,0.0071585504043602454,0.02198697624196361,0.030935164247413917,0.0,0.010993488120981805,0.01150481314986468,0.00383493771662156,0.0,0.04192865236839572,0.019686013611990676,0.02607757647302661,0.03195781430517967,0.012271800693188992,0.008948188005450306,0.024287938871936546,0.07005152895695382,0.06033635340817921,0.010737825606540368,0.03809371465177416,0.2648663649613291,0.0191746885831078,0.006135900346594496,0.0,0.01252746320763043,0.029912514189648166,0.1170934316141783,0.011760475664306116,0.04550792757057585,0.0056245753177116215,0.4855031149242895,0.08436862976567432,0.024032276357495108,0.005880237832153058,0.007414212918801682,0.015084088352044802,0.0,0.006902887889918808,0.02377661384305367,0.04601925259945872,0.01150481314986468,0.0
22,0.019185779806128542,0.20272408042935822,0.024449135328163805,0.04584212874030714,0.41716337153679495,0.05042634161433785,0.14533652667297373,0.02003470811613423,0.03124056180820931,0.024109564004161532,0.0,0.03531541769623661,0.08760940159258697,0.08523240232457105,0.15569345205504312,0.08251583173255285,0.042446415500284385,0.05161484124834581,0.10102246889067684,0.03650391733024457,0.020374279440136506,0.0,0.0,0.02903334820219452,0.0,0.09830589829865864,0.019525351130130816,0.020204493778135366,0.07538483392850506,0.053652269192359464,0.038201773950255945,0.0,0.030900990484207032,0.023090850032154706,0.06400919457442886,0.43567000869491895,0.0,0.5039238448193762,0.18948079879326948,0.035654989020238885,0.11341682221675987,0.04601191440230827,0.019525351130130816,0.10985132331473599,0.005433141184036401,0.004074855888027301,0.012224567664081903,0.012394353326083041,0.03497584637223433,0.10509732477870413,0.03463627504823206,0.006621640818044364,0.012394353326083041,0.0019297422962524845,0.0,0.05874583905239359,0.030221847836202482,0.20238450910535594,0.016469209214110343,0.016129637890108066,0.03871113093625936,0.041257915866276425,0.0,0.014092209946094416,0.017148351862114893,0.003565498902023888,0.0004396767941902614,0.05602926846037539,0.015790066566105793,0.07419633429449711,0.02071385076413878,0.011715210678078491,0.016978566200113752,0.014771352594098966,0.10390882514469617,0.03242906144221727,0.039899630570267325,0.040918344542274145,0.1823498009892217,0.031410347470210445,0.003735284564025026,0.0,0.028523991216191105,0.02971249085019907,0.05687819677038108,0.010526711044070528,0.08302518871855626,0.004244641550028438,0.09151447181861314,0.08166690342254716,0.054840768826367424,0.018336851496122856,0.014092209946094416,0.005942498170039814,0.0002911235602073035,0.0039050702260261636,0.013752638622092141,0.05433141184036401,0.025128277976168355,0.0
23,0.015586712997342716,0.013841482584512838,0.02052150244051686,0.053018896334590476,0.37907608173846247,0.01522563084296412,0.04074210308571822,0.01889663274581318,0.03725164226005846,0.015586712997342716,0.0,0.02052150244051686,0.067883445023176,0.2724364854786505,0.12318919500216426,0.00674020021506712,0.07215625051665606,0.0687259700500594,0.0935804583431194,0.047843385455163936,0.017632845205488093,0.0,0.0,0.015646893356405817,9.353897817040082e-05,0.019678977413633468,0.04008011913602413,0.05849530900933251,0.05037096053581411,0.02954855629998175,0.02437304542055521,0.0,0.01871609166862388,0.02365088111179802,0.054643766029294154,0.11711097873679122,0.0,0.6294865558000186,0.2211026391978268,0.03129378671281163,0.04669995863296505,0.09219631008466811,0.012397153966998455,0.07456346487918002,0.008485430627897,0.0172115826920464,0.012637875403250851,0.018054107718929787,0.03057162240405444,0.06306901629812806,0.016429238024226106,0.03815434764600495,0.0031293786712811634,0.00034199761899490126,0.000309565369275162,0.0937609994203087,0.011795350376367461,0.21616784975465267,0.024974849011186205,0.02461376685680761,0.016970861255794,0.041223545958223015,0.0,0.02214637213522054,0.028766211632161462,0.0028284768759656667,0.00015584300249042856,0.04062174236759202,0.014383105816080731,0.03303901712564151,0.03291865640751531,0.02286853644397773,0.03797380656881565,0.023530520393671824,0.05632881608306094,0.01871609166862388,0.025877554397132695,0.03797380656881565,0.24974849011186206,0.030150359890612745,0.011434268221988866,0.0,0.011313907503862667,0.014202564738891433,0.12710091834126572,0.026599718705889886,0.06643911640566162,0.010471382476979277,0.22712067510413672,0.09027053859464894,0.014563646893270029,0.0343629850250297,0.019739157772696567,0.003731182261912156,0.000309565369275162,0.12156432530746057,0.012096252171682958,0.03845524944132045,0.016007975510784412,0.0
24,0.011977164060095288,0.019983997492534683,0.010124343100522537,0.026799731736677306,0.19990614710247442,0.016807732990409965,0.0696131303382334,0.015947494687751185,0.03315226074092674,0.020116341846789877,0.0003371555151407693,0.014888739853709613,0.04400449778985286,0.0886707173509817,0.10872088702064397,0.003771814096273102,0.04268105424730089,0.05082023203399548,0.04883506672016753,0.025542460371252938,0.018197348710089527,0.0007560827149504491,0.0007780958056034482,0.017072421698920356,0.003805528636634544,0.01310209107126446,0.0308362345414608,0.036460869597306655,0.03268905550103355,0.029380446644653637,0.02117509668083145,0.00011948214817737236,0.023755811588807782,0.021638301920724638,0.14544644532646103,0.1740989980227111,0.05088726225371496,0.537979800047374,0.08324459882651863,0.031167095427098793,0.027990830924974074,0.027858486570718877,0.015219600739347606,0.0730540835488685,0.010653720517543324,0.02388815594306298,0.017138593876047957,0.0077421447239289995,0.03758579660847582,0.042416365538790496,0.01588132251062359,0.017932660001579136,0.00231602619946594,0.05580558079500113,0.002155784603570278,0.0733187722573789,0.015285772916475203,0.23233051389499756,0.03123326760422639,0.017204766053175554,0.02885106922763285,0.012771230185626469,0.1838937936232208,0.01766797129306874,0.042945742955811286,0.008006833432439393,0.007368454588738347,0.032490538969650755,0.015087256385092408,0.01502108420796481,0.010322859631905332,0.021505957566469443,0.01614601121913398,0.024880738599976953,0.06015050900898684,0.031034751072843595,0.017072421698920356,0.035997664357413466,0.16682005853867526,0.03189498937550237,0.01727093823030315,0.35795294481377626,0.03976947845368657,0.008800899557970572,0.06815734244142622,0.017138593876047957,0.06332677351111156,0.0077421447239289995,0.1388953997908288,0.037321107899965435,0.005823151587228649,0.02071189144093826,0.021836818452107432,0.008602383026587777,0.4982131681198469,0.04360746472708727,0.018263520887217125,0.035997664357413466,0.03275522767816115,0.0
25,0.013690920314198511,0.06980124947074978,0.044663822008614816,0.03860390645970728,0.30613795587814374,0.015935333480460563,0.03793058250982866,0.017730864013470203,0.02019971849635846,0.0219952490293681,0.0,0.025361868778761176,0.0617213620722064,0.38110135563129627,0.1007741511651661,0.027606281945023226,0.06374133392184225,0.04241940884235276,0.08214552188519107,0.0307484603777901,0.016384216113712973,0.0,0.0,0.017281981380217793,0.0,0.05453923994016784,0.03748169987657625,0.015262009530581946,0.05072373755752235,0.03119734301104251,0.024688544828882563,0.0,0.030972901694416303,0.010324300564805435,0.3819991208978011,0.1759619922349448,0.0,0.4742445020311714,0.18179746646722614,0.03299287354405215,0.09314314639987512,0.06486354050497327,0.026484075361892203,0.07833001950254558,0.012119831097815075,0.005386591599028922,0.005611032915655127,0.011670948464562665,0.02805516457827564,0.04668379385825066,0.037257258559950046,0.01930195322985364,0.005835474232281332,0.0020407560761745934,0.0,0.04062387830934312,0.005386591599028922,0.16361771982050352,0.0572325357396823,0.013915361630824716,0.018628629279975023,0.033666197493930766,0.0,0.017730864013470203,0.017057540063591586,0.006957680815412358,0.00029060651357412653,0.03119734301104251,0.009426535298300615,0.0924698224499965,0.01975083586310605,0.015486450847208151,0.012793155047693692,0.020873042446237073,0.04982597229101753,0.020424159812984663,0.021321925079489486,0.027157399311770816,0.23364341060787952,0.021321925079489486,0.2859382373817853,0.0,0.023117455612499126,0.013690920314198511,0.1319714941762086,0.012793155047693692,0.05049929624089615,0.02850404721152805,0.15351786057232428,0.0572325357396823,0.016833098746965383,0.021321925079489486,0.008977652665048205,0.01885307059660123,0.0003848390634622476,0.08124775661868625,0.019975277179732253,0.08259440451844348,0.014588685580703331,0.0
26,0.015615862174969944,0.03966787977779722,0.0031411217018617703,0.02333404692811601,0.40098662182623973,0.03212918769332897,0.11819592232434148,0.020372417894932056,0.05537348828710607,0.01732104252740919,0.0,0.02728288563902795,0.041821791801931,0.041552552798914275,0.15732532409610525,0.00708996041277371,0.05259135192259993,0.06659178007946953,0.05016820089544942,0.04047559678684739,0.027193139304689043,0.0,0.0008794134905411836,0.022346837250388024,0.0008369621457192003,0.019385208217204068,0.02683415396733341,0.057168414973884224,0.06542507773306373,0.04621936218453748,0.03966787977779722,0.0001620482396578897,0.02773161731072249,0.017231296193070282,0.24016119069091707,0.3746909458649398,0.0,0.5595683946030897,0.12501664373409846,0.03742422141932452,0.041373060130236464,0.026744407632994502,0.0197441935545597,0.1184651613273582,0.014449159828564144,0.00825666275917951,0.0174107888617481,0.01067981378633002,0.031141978015600983,0.08750267598043504,0.02378277859981055,0.013551696485175067,0.015346623171953221,0.08507090896368488,0.0006155354241425344,0.09118227568833025,0.020821149566626593,0.20848073466928266,0.021987851913032392,0.014718398831580867,0.04514240617247059,0.01651332551835902,0.002401028586410709,0.026564914964316688,0.0580658783172733,0.014718398831580867,0.000813424587069542,0.048283527874332356,0.023513539596793826,0.013551696485175067,0.01148753079538019,0.026205929626961055,0.03123172434993989,0.03221893402766787,0.04289874781399789,0.023513539596793826,0.025487958952249794,0.0488220058803658,0.24464850740786245,0.038142192094035784,0.008974633433890773,0.0,0.044873167169453866,0.01148753079538019,0.08086144723935586,0.01965444722022079,0.08929760266721319,0.0018846730211170622,0.19501878451844648,0.05510424928408934,0.023244300593777103,0.020013432557576424,0.041193567461558646,0.008615648096535141,0.0,0.01983393988889861,0.017231296193070282,0.06291218037157431,0.051873381247888664,0.0
27,0.014235864367063165,0.014600886530321195,0.003285199469322269,0.05219816934589827,0.33399527938109735,0.024456484938288003,0.07044927750879977,0.020076218979191644,0.033582039019738746,0.010950664897740896,0.0,0.04745288122354389,0.04051746012164131,0.1784958378331766,0.12118735820166592,0.008030487591676657,0.02920177306064239,0.05767350179476872,0.08870038567170126,0.03577217199928693,0.04197754877467343,0.0,0.0,0.037597282815577074,0.0011347157342449707,0.02628159575457815,0.021536307632223764,0.04051746012164131,0.06059367910083296,0.054388302325446454,0.022996396285255884,0.0,0.015330930856837255,0.008760531918192717,0.07154434399857386,0.5493583557033349,0.0,0.5278220480711112,0.19127161354720765,0.04635781473376979,0.05840354612128478,0.048547947713317975,0.015695953020095285,0.07920980942699249,0.004015243795838328,0.006205376775386508,0.04124750444815738,0.010585642734482866,0.02628159575457815,0.05767350179476872,0.024456484938288003,0.012775775714031046,0.006205376775386508,0.09583618517410288,0.0,0.03066186171367451,0.02664661791783618,0.1295828679566006,0.012775775714031046,0.015695953020095285,0.033582039019738746,0.018251108162901493,0.0,0.02993181738715845,0.022631374121997852,0.009490576244708776,0.0004726305291568423,0.03285199469322269,0.012410753550773016,0.018251108162901493,0.016791019509869373,0.013505820040547106,0.010220620571224836,0.0281067065708683,0.09855598407966806,0.019346174652675584,0.06460892289667129,0.039057371468609194,0.20879267738359308,0.03248697252996466,0.004015243795838328,0.0,0.04197754877467343,0.013140797877289076,0.1613397961600492,0.007665465428418628,0.055848390978478574,0.02920177306064239,0.1281227793035685,0.08651025269215308,0.013140797877289076,0.0562134131417366,0.03212195036670663,0.010950664897740896,0.0006258864881154527,0.016425997346611345,0.007300443265160598,0.048182925550059943,0.013870842203805136,0.00126438320308856
28,0.01674077597700478,0.03348155195400956,0.04060528641230946,0.07586777198089399,0.31237575599645084,0.028138751110284625,0.04167384658105444,0.015672215808259792,0.03419392539983954,0.024933070604049666,0.0,0.020658829929069724,0.07159353130591405,0.2325899300634919,0.1349947679847832,0.03846816607481949,0.09082761434332379,0.047372834147694366,0.08655337366834384,0.02778256438736963,0.022795950266559697,0.0,0.0,0.03205680506234957,0.0,0.07266209147465903,0.060551742895549196,0.036331045737329516,0.05592131549765426,0.045591900533119394,0.04879758103935435,0.0,0.04666046070186438,0.026714004218624642,0.28316844471742125,0.24256315830511177,0.0,0.6219020182095817,0.14817367673263804,0.05592131549765426,0.03846816607481949,0.1353509547076982,0.016384589254089782,0.10471889653700861,0.004274240674979943,0.01353509547076982,0.07230590475174403,0.011397975133279848,0.06518217029344413,0.05022232793101433,0.026714004218624642,0.0074799211812149,0.004630427397894939,0.002024165575795279,0.0,0.025289257326964663,0.02778256438736963,0.2411384114134518,0.09082761434332379,0.061620303064294175,0.019946456483239734,0.02920731127902961,0.0,0.016384589254089782,0.07764870559546896,0.012466535302024833,0.0,0.02172739009781471,0.009617041518704872,0.07373065164340402,0.022795950266559697,0.04808520759352436,0.015316029085344796,0.01780933614574976,0.08726574711417384,0.04808520759352436,0.00890466807287488,0.03704341918315951,0.20373880550737727,0.039180539520649475,0.05164707482267431,0.0,0.024933070604049666,0.01282272202493983,0.06126411634137918,0.02030264320615473,0.058770809280974216,0.03383773867692455,0.08619718694542886,0.04203003330396944,0.007836107904129896,0.02101501665198472,0.01353509547076982,0.03063205817068959,0.0,0.01282272202493983,0.05093470137684432,0.06625073046218911,0.01780933614574976,0.0
29,0.018330860945996067,0.09705862229971624,0.024100335108281683,0.02373517851573196,0.34112928875995074,0.022931834012122572,0.10385053492114107,0.016285984027717623,0.04002116254344958,0.02242061478255296,0.0,0.020886957093844125,0.031111341685236354,0.088148801441503,0.15205120513770443,0.02453852301934135,0.04170088286917831,0.041481788913648475,0.08924427121915217,0.025633992796990517,0.011611979643081175,0.000667564163336319,0.0,0.021252113686393848,0.002043240523249523,0.030819216411196577,0.10268203382498195,0.02826312026334852,0.06324512182961194,0.04111663232109875,0.030161934544607076,0.0003956015593820362,0.03008890322609713,0.022931834012122572,0.23705965988327982,0.25758146038457425,0.00015644019754311597,0.497343279052722,0.09245764923358973,0.025195804885930848,0.0370999098030518,0.1147322013791228,0.017162359849836956,0.0822332646421975,0.01687023457579718,0.0185499549015259,0.014314138427949121,0.01073560382096184,0.05426226965288876,0.06083508831878376,0.021836364234473403,0.04286938396533742,0.46586678077493593,0.12268229144345578,0.0005008935902044812,0.06594728061447988,0.01643204666473751,0.1589161490776392,0.05908233667454509,0.021544238960433625,0.03636959661795236,0.01708932853132701,0.00634999106533172,0.017162359849836956,0.05747564766732632,0.040167225180469474,0.003025949364108275,0.06675062511808927,0.0198645186347049,0.045936699342755086,0.024976710930401016,0.027678869715268964,0.021836364234473403,0.021982426871493294,0.06141933886686332,0.034835938929243526,0.014752326339008788,0.04111663232109875,0.20163947040595676,0.03162256091480597,0.057256553711796485,0.0002945987363686724,0.022712740056592736,0.013729887879869564,0.06653153116255943,0.016651140620267343,0.06309905919259204,0.005331286251225948,0.1695787215800911,0.05397014437884898,0.01818479830897618,0.016943265894307124,0.03476290761073358,0.007084037895464616,0.0010017871804089624,0.020229675227254624,0.0192072367681154,0.05448136360841859,0.04396485374298659,0.0
30,0.01709381738350377,0.06401460183414168,0.04168798321078981,0.03418763476700754,0.24088328374100723,0.021977765207361992,0.06767756270203534,0.021454485083377182,0.031745660855078434,0.024768592535280975,0.459471281828082,0.01918693787944301,0.03314107451903792,0.2121028769218427,0.1800083626507744,0.0244197391192911,0.056165399974369534,0.05337457264645055,0.05965393413426826,0.029652540359139196,0.01325642980761517,0.0007971992137201569,0.007862256723422494,0.01918693787944301,0.004880039486946086,0.027384993155205022,0.0450020906626936,0.02407088570330123,0.05093259873452144,0.055642119850384725,0.06663100245406572,0.0018896955193620367,0.042036836626779685,0.028082699987184767,0.27088467751613626,0.20076514090217185,0.0007472779955850753,0.5471765829801156,0.11180751982475426,0.053200145938455616,0.04221126333477462,0.03471091489099235,0.013082003099620232,0.07291036394188342,0.0186636577554582,0.02651285961523034,0.017791524215483516,0.013082003099620232,0.06628214903807585,0.04849062482259233,0.01848923104746326,0.0029652540359139195,0.0054072279478430295,0.051544773529245545,0.006579789599550986,0.06715428257805053,0.017268244091498706,0.21035860984189333,0.07151495027792394,0.028954833527159447,0.030001393775129066,0.03750174221891133,0.0008749734359925938,0.020931204959392373,0.03505976830698222,0.02005907141941769,0.0013550857278842663,0.0392460092988607,0.015523977011549343,0.031047954023098685,0.013605283223605042,0.020233498127412628,0.013605283223605042,0.028780406819164512,0.04866505153058727,0.045699797494673344,0.015872830427539217,0.04726963786662777,0.18977625829849085,0.030175820483124005,0.029129260235154386,0.00035180720280477063,0.01657053725951896,0.011861016143655678,0.10988882603680995,0.016396110551524026,0.05250243910647587,0.0784920185977214,0.14634400800775166,0.03889715588287083,0.009419042231726567,0.044304383830713855,0.024768592535280975,0.010988882603680996,0.0011963253817365428,0.00924461552373163,0.03279222110304805,0.05232801239848093,0.042908970166754365,0.0
31,0.0187378903397499,0.07051538237397047,0.019300689166208817,0.02767645993645038,0.28663013173419544,0.020426286819126657,0.07044917074732825,0.01714881130033648,0.04393141427711681,0.01555973226092306,0.17896763139300179,0.017082599673694254,0.01542730900763861,0.08100992519676325,0.1396403205884542,0.017810927566758738,0.04257407593095119,0.053664523393524004,0.06346384413657342,0.03025871337549719,0.007680548690498192,0.00045392007885495915,0.0011029595450209977,0.017546081060189834,0.006380633411350166,0.020889768205622238,0.055981930326001905,0.04187885385120781,0.046579879342805844,0.038502060892454296,0.04482527123678686,0.001972630757025899,0.05793517331194757,0.017844033380079852,0.12391505926092557,0.1784072279874774,0.051839505838580345,0.3957468924405836,0.10285976198869777,0.025458370443935816,0.030126290122212736,0.037575098119463135,0.014467240421326336,0.07577920669202742,0.022015365858540074,0.028537211082799316,0.012282256742132885,0.01324232532844516,0.021584990285365608,0.04124984339810667,0.01383822996822519,0.009435156796517175,0.006025258024442547,0.0285590884328185,0.5594190247402583,0.07925531709074428,0.03161605172166282,0.15821268186159854,0.021452567032081156,0.012845055568591803,0.03399967028078294,0.025425264630614706,0.18793370232912254,0.02353823327131127,0.02045939263244777,0.014798298554537464,0.0016717502828054915,0.050817423447908294,0.01896963103299769,0.012878161381912917,0.015592838074244175,0.02069113332569556,0.01645358922059311,0.03121878196180946,0.034231410974030735,0.02092287401894335,0.011189764902536158,0.0392634945988399,0.21396287149435264,0.02403482047112796,0.0036416394653224185,0.0003338612450742276,0.014831404367858578,0.011057341649251708,0.07892425895753315,0.013440960208371835,0.06574814525573021,0.03065598313535054,0.1434474891203822,0.029662808735717156,0.010527648636113902,0.027014343670028123,0.03962765854537214,0.01724812874029982,0.33031550532354775,0.014434134608005222,0.029762126175680494,0.04585155144974136,0.04019045737183106,0.0
32,0.020963106088212863,0.2584706378323267,0.02776496497853725,0.030887129715079592,0.4416748043372934,0.02943755323025636,0.11473955406793104,0.01739491781787876,0.04270675336056132,0.03233670619990282,0.0002840682081732313,0.030106588530944008,0.04962011813433364,0.06957967127151504,0.1526515544402309,0.07961520078182971,0.03646242388747663,0.057871553509481255,0.11016781284656547,0.028768517929568718,0.01594534133305553,0.0,0.00021852653682440183,0.023639247290963443,0.0006932591669499445,0.06935665950461915,0.06266630649774271,0.009143482442731143,0.06244329473084683,0.053076800521219804,0.059321129994304486,0.0006040134872584881,0.03612790623713281,0.026761412027505784,0.15989943686434707,0.4241683806359667,0.00023885646308631568,0.44212082787108514,0.12834327184857983,0.05263077698742804,0.06333534179843035,0.02620388261026608,0.027987976745433133,0.16012244863124295,0.018175459002014345,0.023527741407515502,0.017617929584774643,0.019848047253733455,0.033786282684726054,0.07426291837632855,0.03155616501576724,0.00869745890893938,0.03534736505299722,0.04929986020395541,0.00038238788117700613,0.07805411841355854,0.02330472964061962,0.14529216613266682,0.04560590633020777,0.021186117855108745,0.048505059299854235,0.025423341426130494,0.0005593448795505944,0.01772943546822258,0.03925007097367515,0.01315769424685701,0.002165666499304358,0.05374583582190745,0.01739491781787876,0.03300574150059047,0.013826729547544655,0.01884449430270199,0.02174364727234845,0.024308282591651086,0.08764362439008144,0.0864170596721541,0.011931129528929663,0.04962011813433364,0.269175202643329,0.04092265922539426,0.015276306032367884,0.0008996001450244331,0.029549059113704302,0.03835802390609162,0.03958458862401897,0.02163214138890051,0.06656901241842064,0.015164800148919945,0.12878929538237158,0.049174094600541875,0.01772943546822258,0.007470894191012031,0.02319322375717168,0.010258541277210551,0.00038238788117700613,0.00044602353379176305,0.0380235062557478,0.07147527129013004,0.09009675382593614,0.0
33,0.01596110698631424,0.09226714787275772,0.025691407502035222,0.03294645613217806,0.3083822435377185,0.020740903730878932,0.08612169491546026,0.021509085350541118,0.048651502578604906,0.02355756966964027,0.0,0.021935852917020108,0.037896959903334346,0.16626864390021465,0.17924237792117598,0.029959083166825128,0.04976109825145028,0.05684543985500152,0.055650490668860346,0.028593426954092355,0.018777772925075577,0.000585149096172002,0.0001672737535417531,0.02185049940372431,0.003714644697284099,0.030556557759895714,0.0397747371958419,0.0267156496615848,0.06862422468982166,0.061198469033087226,0.037896959903334346,0.00169528096585717,0.06316159983889058,0.024325751289302453,0.3928822217005586,0.23736812047561445,0.04644022689677384,0.5827084352704135,0.10720401269952239,0.04224998908142005,0.042591403134603245,0.024155044262710857,0.01732676319904701,0.08936512842070059,0.03849443449640493,0.029703022626937733,0.024667165342485645,0.01160807780822854,0.06973382036266704,0.0575282679613679,0.01647322806608903,0.004609089717973096,0.00486515025786049,0.028036096646210935,0.001609868596170296,0.0666610938840183,0.01596110698631424,0.21551762107189015,0.08748735112819303,0.01997272211121675,0.03653130369060158,0.021082317784062127,0.00042815723383733174,0.01689999563256802,0.03294645613217806,0.038835848549588124,0.0011051568977161605,0.04020150476232089,0.019716661571329355,0.018863126438371375,0.011522724294932741,0.0222772669702033,0.019375247518146163,0.02833736641420496,0.06043028741342504,0.050017158791337675,0.018777772925075577,0.05684543985500152,0.24129438208722118,0.03388534477843184,0.01374191564062349,0.0003443048499548157,0.016643935092680626,0.013656562127327692,0.10122926676881652,0.016558581579384828,0.06094240849319983,0.041823221514941056,0.19417924274794063,0.04020150476232089,0.009388886462537788,0.02441110480259825,0.030641911273191512,0.015363632393243655,0.00043905507168280806,0.006145452957297462,0.036616657203897375,0.06990452738925863,0.04924897717167549,0.0
34,0.03479159011086055,0.06314029316415433,0.09148899621744812,0.05154309646053415,0.2396753985414838,0.02448297081875372,0.04510020940296738,0.03092585787632049,0.011597196703620184,0.04896594163750744,0.0,0.027060125641780428,0.11597196703620183,0.2525611726566173,0.06185171575264098,0.10952907997863506,0.07216033504474781,0.0670060253986944,0.20101807619608317,0.027060125641780428,0.02061723858421366,0.0,0.0,0.0167515063496736,0.0,0.11597196703620183,0.06185171575264098,0.023194393407240367,0.07216033504474781,0.036080167522373904,0.03221443528783384,0.0,0.021905815995727013,0.027060125641780428,0.17395795055430274,0.17009221831976268,0.0,0.4638878681448073,0.2229238921918102,0.05025451904902079,0.09535472845198817,0.2177695825457568,0.027060125641780428,0.30539284652866483,0.0012885774115133537,0.003865732234540061,0.006442887057566769,0.12370343150528196,0.06314029316415433,0.10952907997863506,0.019328661172700306,0.003865732234540061,0.0012885774115133537,0.0,0.0,0.02061723858421366,0.0025771548230267075,0.19586376655002977,0.04381163199145403,0.014174351526646891,0.014174351526646891,0.029637280464807136,0.0,0.018040083761186952,0.02448297081875372,0.003865732234540061,0.0,0.011597196703620184,0.014174351526646891,0.15334071197008908,0.0335030126993472,0.019328661172700306,0.009020041880593476,0.027060125641780428,0.11468338962468848,0.03479159011086055,0.01030861929210683,0.015462928938160245,0.21261527289970336,0.06056313834112762,0.036080167522373904,0.0,0.023194393407240367,0.047677364225994084,0.18426656984640957,0.025771548230267075,0.2035952310191099,0.04252305457994067,0.09664330586350153,0.0695831802217211,0.021905815995727013,0.019328661172700306,0.009020041880593476,0.003865732234540061,0.0,0.07344891245626116,0.027060125641780428,0.04510020940296738,0.03865732234540061,0.0
35,0.016239168690335398,0.1721351881175552,0.028580936894990302,0.05618752366856048,0.461517174179332,0.02241005279266285,0.03377747087589763,0.03735008798777142,0.02111091929743602,0.028580936894990302,0.0,0.03475182099731775,0.09288804490871848,0.18122912258414303,0.07112755886366905,0.1714856213699418,0.0448201055853257,0.06008492415424097,0.1260159490370027,0.044170538837712284,0.016563952064142105,0.0,0.0,0.035726171118737875,0.0,0.08184541019929041,0.04774315594958607,0.011692201457041487,0.11140069721570083,0.04611923908055253,0.03735008798777142,0.0,0.004871750607100619,0.010717851335621363,0.06690537500418184,0.1994169915173187,0.0,0.4491754059746771,0.2799632682213823,0.035726171118737875,0.08899064442303799,0.10035806250627276,0.020136569176015893,0.1347851001297838,0.0016239168690335398,0.0012991334952268318,0.036375737866351295,0.03215355400686409,0.05488839017333365,0.06885407524702208,0.023384402914082975,0.03312790412828421,0.04709358920197265,0.0007382816736906636,0.0,0.036050954492544585,0.008119584345167699,0.13381075000836368,0.018187868933175647,0.012341768204654902,0.04709358920197265,0.03215355400686409,0.0,0.020136569176015893,0.02111091929743602,0.0025982669904536636,0.0,0.036375737866351295,0.011367418083234779,0.0772984429659965,0.05099098968765315,0.010393067961814655,0.010717851335621363,0.02403396966169639,0.07210190898508917,0.036700521240158,0.05748665716378731,0.031503987259250674,0.3104929053592128,0.02565788653072993,0.007794800971360991,0.0,0.015264818568915274,0.02890572026879701,0.19649394115305832,0.008119584345167699,0.06268319114469463,0.0055213173547140355,0.1588190697914802,0.10652894660860021,0.10425546299195326,0.03735008798777142,0.010717851335621363,0.013640901699881735,0.0,0.018187868933175647,0.011042634709428071,0.09256326153491178,0.027931370147376886,0.0
36,0.0071398596764863645,0.015216094392511923,0.005852343997119971,0.0400300329403006,0.3162606696043632,0.019195688310553505,0.08216690971956439,0.016854750711705516,0.04166868925949419,0.01416267247303033,0.0,0.047638080136556564,0.04716989261678697,0.09106247259518674,0.1391687402515129,0.004681875197695977,0.026920782386751864,0.0812305346800252,0.05665068989212132,0.028793532465830256,0.024930985427731076,0.0,0.0,0.023409375988479884,0.0007277088883013241,0.016854750711705516,0.03253903262398704,0.03406064206323823,0.05489498669298533,0.05817229933137251,0.02844239182600306,0.001268056750740714,0.03359245454346863,0.011119453594527944,0.09445683211351633,0.19652171142328861,0.03560306605288993,0.7390339999563099,0.18786024230755105,0.02188776654922869,0.02996400126525425,0.040966407979839796,0.014513813112857528,0.06964289356572766,0.010300125434931149,0.003628453278214382,0.010534219194815947,0.011470594234355144,0.027154876146636666,0.07373953436371163,0.015801328792223922,0.009012609755564754,0.004564828317753577,0.07170458228310342,0.00020069482898832673,0.05185176781448294,0.029495813745484652,0.2523530731558131,0.018142266391071908,0.020951391509689495,0.042605064299033386,0.022238907189055888,0.0001957133589090551,0.023409375988479884,0.018259313271014307,0.012758109913721536,0.0019701792023378373,0.02844239182600306,0.04354143933857258,0.00795918783608316,0.013811531833203132,0.01217287551400954,0.013577438073318333,0.0198979695902079,0.045765330057478175,0.018259313271014307,0.05138358029471334,0.04213687677926379,0.21595149349372691,0.01755703199135991,0.001404562559308793,0.0,0.027506016786463864,0.006554625276774367,0.11096044218539465,0.008310328475910359,0.062151893249414086,0.029261719985599854,0.13460391193375934,0.06730195596687967,0.017322938231475113,0.034645876462950226,0.022590047828883086,0.006905765916601566,0.00020069482898832673,0.09363750395391954,0.013928578713145531,0.04529714253770857,0.012875156793663935,0.0
37,0.01688292621989818,0.10787050190735571,0.016405857661094148,0.028041029734147994,0.43699479986449163,0.027033884998895044,0.0788488312467772,0.01926826901391833,0.04775986349804791,0.013225400602400614,0.00020256032908272132,0.021494588955003804,0.01648536908756149,0.05698318896825916,0.1410797743618807,0.015345705308196305,0.04362526932174632,0.0676377201148825,0.07519130562927964,0.03546209620443291,0.013490438690625075,0.0035734209858301895,0.0028048423121617397,0.020593459455040635,0.0009474885555658654,0.026609824057735907,0.037688416145518384,0.03188408201340268,0.043466246468811635,0.03334179149863722,0.04699125304219697,0.0016271021011441905,0.0666040715708071,0.020513948028573297,0.10877163140731888,0.18224018946313952,0.14289950354166409,0.41573874518888987,0.11433743126003257,0.029684265881139656,0.0502247177185354,0.02411846602842597,0.018287628087487823,0.0868264777023335,0.026132755498931876,0.046832230189262296,0.01653837670520638,0.058387890835848805,0.013039873940643492,0.04635516163045827,0.02125605467560179,0.015425216734663643,0.004956212249797425,0.042203136549578635,0.0007271175285359547,0.11012332565726363,0.013914499631784214,0.19819548237425208,0.014153033911186228,0.014656606278812705,0.05062227485087209,0.03122148679284153,0.00013295056094815311,0.02806753354297044,0.013887995822961767,0.018181612852198038,0.385209666133805,0.0584408984534937,0.0256291831313054,0.006678959823256422,0.01974533757272236,0.014338560572943351,0.03236115057220671,0.02602674026364209,0.04232658268944645,0.028279564013550012,0.007500577896752252,0.056877173732969376,0.2722206204153441,0.031168479175196637,0.010972576852492694,0.3295589524292278,0.01550472816113098,0.055949540424183763,0.062363462159215725,0.015796270058177887,0.07142776477649229,0.004903204632152532,0.19623420052139107,0.02896866304293361,0.012615812999484353,0.012191752058325216,0.023959443175491292,0.013225400602400614,0.0004090036098014745,0.005883845558583039,0.03440194385153506,0.04272413982178315,0.053537693821341166,0.0
38,0.009515829518041249,0.07884544457805606,0.014953446385493393,0.056188707630338806,0.26599009176620064,0.014953446385493393,0.047126012851251904,0.020391063252945534,0.023109871686671606,0.01042209899594994,0.0,0.04440720441752583,0.09470516044145814,0.27505278654528753,0.1173618973891754,0.03489137489948458,0.038063318072164995,0.05573557289138446,0.07431409718851262,0.036250779116347616,0.01631285060235643,0.0,0.001776085030791281,0.014953446385493393,0.0,0.06661080662628875,0.026734949598306367,0.047126012851251904,0.08201738775073648,0.03126629698784982,0.05437616867452143,0.0,0.02854748855412375,0.010875233734904285,0.09108008252982339,0.34121045843262193,0.0,0.6226071313232703,0.21478586626435964,0.0421415307227541,0.07657977088328434,0.18895718614396195,0.016765985341310772,0.13458101746944054,0.004078212650589107,0.0009062694779086904,0.06570453714838005,0.014953446385493393,0.043047800200662796,0.06253259397569964,0.020391063252945534,0.026281814859352024,0.004984482128497798,0.0,0.0,0.031719431726804165,0.01042209899594994,0.12098697530081018,0.018125389558173808,0.018125389558173808,0.01993792851399119,0.049844821284977976,0.0,0.027641219076215057,0.01223463795176732,0.002718808433726071,0.0005867186516560881,0.029000623293078093,0.00860956004013256,0.05075109076288666,0.026734949598306367,0.009062694779086904,0.007250155823269523,0.02945375803203244,0.07839230983910173,0.015406581124447738,0.04893855180706928,0.024016141164580295,0.21387959678645094,0.02446927590353464,0.004531347389543452,0.0,0.031719431726804165,0.022656736947717263,0.16086283232879256,0.009062694779086904,0.04259466546170845,0.02537554538144333,0.13503415220839488,0.08201738775073648,0.030813162248895475,0.07295469297164958,0.014953446385493393,0.007250155823269523,0.0,0.07612663614432999,0.016765985341310772,0.053469899196612734,0.020391063252945534,0.0
39,0.013720326511779022,0.17264744193988601,0.008003523798537762,0.04573442170593007,0.2904135778326559,0.022867210852965034,0.046877782248578324,0.03887425845004056,0.029727374108854544,0.01829376868237203,0.0,0.043447700620633564,0.07774851690008112,0.2206685847311126,0.08117859852802588,0.042304340077985315,0.010290244883834265,0.04573442170593007,0.1349165440324937,0.042304340077985315,0.005716802713241259,0.0,0.0,0.004573442170593007,0.0,0.0331574557367993,0.01829376868237203,0.017150408139723777,0.08003523798537762,0.057168027132412584,0.013720326511779022,0.0,0.016007047597075524,0.008003523798537762,0.04916450333387482,0.24925259829731888,0.0,0.6242748562859455,0.24810923775467064,0.028584013566206292,0.04459106116328182,0.09489892503980489,0.005716802713241259,0.05831138767506084,0.008003523798537762,0.0022867210852965036,0.02058048976766853,0.005716802713241259,0.057168027132412584,0.07660515635743287,0.02058048976766853,0.05945474821770909,0.004573442170593007,0.0012995156204649021,0.0,0.056024666589764335,0.005716802713241259,0.14978023108692098,0.04573442170593007,0.021723850310316782,0.028584013566206292,0.028584013566206292,0.0,0.037730897907392306,0.0034300816279447554,0.0022867210852965036,0.0014804227049273835,0.06174146930300559,0.006860163255889511,0.0331574557367993,0.024010571395613287,0.01257696596913077,0.010290244883834265,0.02058048976766853,0.07889187744272937,0.01943712922502028,0.07774851690008112,0.02515393193826154,0.23781899287083635,0.02515393193826154,0.009146884341186014,0.0,0.014863687054427272,0.021723850310316782,0.22181194527376083,0.011433605426482517,0.057168027132412584,0.037730897907392306,0.1966580133354993,0.15092359162956923,0.0708883536441916,0.024010571395613287,0.011433605426482517,0.006860163255889511,0.0,0.028584013566206292,0.010290244883834265,0.056024666589764335,0.01257696596913077,0.0
40,0.019608019491953732,0.10122640062721115,0.018137418030057202,0.04264744239499937,0.3029439011506852,0.021078620953850262,0.065686865298045,0.020343320222901997,0.04117684093310284,0.014706014618965299,0.0,0.04264744239499937,0.08848118795744123,0.23774723633993902,0.14436404350950935,0.042157241907700524,0.03210813191807424,0.06495156456709675,0.08970668917568833,0.04583374556244185,0.02524532509589043,0.0,0.0004803415368170363,0.01911781900465489,0.002285771640170317,0.03529443508551672,0.031617931430775396,0.03357873337997077,0.09093219039393544,0.0916674911248837,0.04387294361324648,0.0,0.0441180438568959,0.012255012182471083,0.08774588722649296,0.2725514709381569,0.0,0.5683874650230089,0.2039234027163188,0.033088532892671926,0.14583464497140589,0.10882450818034321,0.018137418030057202,0.12058931987551545,0.013970713888017034,0.008578508527729758,0.009313809258678023,0.010784410720574553,0.06323586286155079,0.05686325652666582,0.018627618517356045,0.027451227288735225,0.003431403411091903,0.05710786281395566,0.0004202619626292066,0.055882855552068136,0.02500022485224101,0.18308988200611798,0.03235323216172366,0.01348051340071819,0.03578463557281556,0.0237747236339939,0.039343736713491284,0.014215814131666456,0.023039422903045635,0.013725613644367612,0.0,0.04093174068945342,0.03137283118712597,0.08578508527729758,0.018382518273706624,0.019608019491953732,0.018137418030057202,0.04142194117675226,0.11813831743902124,0.024264924121292743,0.024019823877643322,0.043382743125947636,0.287747686044421,0.021568821441149105,0.007843207796781493,0.0,0.02549042533953985,0.030882630699827128,0.1311286303524406,0.009313809258678023,0.06593196554169443,0.01323541315706877,0.2321099307360023,0.06666726627264269,0.022549222415746792,0.05171615141002797,0.02205902192844795,0.009804009745976866,0.0008405239252584132,0.033088532892671926,0.024755124608591587,0.08921648868838948,0.01495111486261472,0.0
41,0.014306410867993665,0.04649583532097941,0.051210447993386414,0.051860739396477035,0.28011302188128506,0.019508742092718634,0.04519525251479817,0.027962530332896706,0.023247917660489704,0.020321606346581908,0.0,0.025523937571306877,0.05527476926270279,0.24158325624816573,0.10193317743445486,0.05836365342738324,0.050072438037977826,0.0643788489059715,0.09250395208964085,0.06145253759206369,0.03462801721457558,0.0,0.00031860634580421077,0.02373563621280767,0.0002526887272902236,0.062427974696699626,0.057388216322747314,0.027637384631351396,0.059989381935109796,0.05527476926270279,0.028775394586759984,0.0,0.029750831691395915,0.026336801825170154,0.06340341180133556,0.14420211863534524,0.0,0.6457393632689867,0.20597980192895424,0.05218588509802234,0.06600457741369804,0.1323343005289414,0.014956702271084286,0.08697647516337058,0.004552039821634348,0.009916943897131972,0.019021023540400667,0.014306410867993665,0.03511573576689354,0.05218588509802234,0.020484179197354565,0.0708817629368777,0.005039758373952314,0.000739105299377363,0.0,0.06698001451833398,0.013981265166448353,0.2206113584984932,0.05267360365034031,0.022272480555853773,0.024060781914352982,0.05137302084415907,0.0,0.015444420823402251,0.024385927615898292,0.12436823084108128,0.0012629955145967615,0.07348292854924018,0.010892381001767903,0.031376560199122466,0.030888841646804503,0.018370732137310046,0.019021023540400667,0.0414560769470271,0.06194025614438166,0.027312238929806085,0.013168400912585077,0.030563695945259192,0.27052122368569836,0.037716901379256026,0.021622189152763153,0.0,0.015444420823402251,0.019021023540400667,0.1708640661620607,0.015281847972629596,0.0755963756092847,0.021459616301990496,0.19021023540400667,0.1272945421549891,0.016257285077265527,0.027637384631351396,0.019671314943491287,0.01479412942031163,0.0,0.09445482629891272,0.016907576480356148,0.054299332158066864,0.014143838017221008,0.0
42,0.01439462569229699,0.05757850276918796,0.06281291211184141,0.0353322630629108,0.2290054087410885,0.03794946773423752,0.053652695762197875,0.03271505839158407,0.026172046713267255,0.02878925138459398,0.0,0.015703228027960352,0.06281291211184141,0.15310647327261345,0.10468818685306902,0.024863444377603895,0.07589893546847504,0.05496129809786124,0.08244194714679186,0.03402366072724743,0.03664086539857416,0.0,0.0,0.031406456055920705,0.0,0.05234409342653451,0.3206075722375239,0.022246239706277166,0.043183877076890975,0.06543011678316814,0.043183877076890975,0.002362845306925454,0.020937637370613806,0.03664086539857416,0.14787206392996,0.15703228027960353,0.0,0.6032656767408102,0.162266689622257,0.12039141488102938,0.09029356116077203,0.058887105104851324,0.017011830363623717,0.15048926860128672,0.003925807006990088,0.024863444377603895,0.02355484204194053,0.024863444377603895,0.06019570744051469,0.05496129809786124,0.02748064904893062,0.010468818685306903,0.013086023356633628,0.016360579397429974,0.0,0.02878925138459398,0.022246239706277166,0.27611509282496954,0.12170001721669274,0.05496129809786124,0.017011830363623717,0.005234409342653451,0.002188105814652622,0.005234409342653451,0.043183877076890975,0.017011830363623717,0.0016943777025485841,0.02355484204194053,0.007851614013980176,0.1125398008670492,0.01439462569229699,0.06804732145449487,0.003925807006990088,0.02878925138459398,0.11908281254536601,0.11123119853138584,0.017011830363623717,0.05757850276918796,0.24732584144037556,0.06281291211184141,0.030097853720257344,0.0,0.043183877076890975,0.015703228027960352,0.09291076583209876,0.05234409342653451,0.06019570744051469,0.06804732145449487,0.11908281254536601,0.024863444377603895,0.010468818685306903,0.0811333448111285,0.007851614013980176,0.011777421020970265,0.0,0.013086023356633628,0.03402366072724743,0.06412151444750477,0.01832043269928708,0.0
43,0.015591406247427156,0.013421011627756899,0.009833216440138718,0.013199542789015035,0.06480178221586912,0.0032777388133795726,0.007618528052720087,0.006776946465501008,0.006289715020268909,0.006201127484772164,0.0,0.004562258078082378,0.017761800867097412,0.07795703123713578,0.03118281249485431,0.012490842505041073,0.012978073950273172,0.013908243072988997,0.02077377707398675,0.010674798027357798,0.0042522017038437694,0.0,0.0,0.004030732865101907,0.0,0.008194347033448932,0.012889486414776427,0.01005468527888058,0.017496038260607177,0.008504403407687539,0.003764970258611671,0.0,0.005536720968546576,0.0028348011358958467,0.02126100851921885,0.05581014736294948,0.0,0.13460876018730433,0.0596637051570579,0.012047904827557347,0.025114566313327265,0.05660743518242019,0.003322032581127945,0.015857168853917393,0.0015059881034446684,0.00101875665821257,0.004872314452320986,0.006821240233249381,0.009656041369145227,0.011117735704841524,0.004340789239340515,0.008770166014177775,0.0022589821551670026,0.0,0.0,0.011250617008086642,0.0031891512778828273,0.045135349335591685,0.011073441937093151,0.003454913884373063,0.0034106201166246904,0.009301691227158246,0.0,0.004385083007088887,0.0022589821551670026,0.004340789239340515,0.0,0.009478866298151737,0.0032777388133795726,0.043629361232147015,0.00903592862066801,0.002569038529405611,0.010586210491861052,0.004296495471592142,0.01036474165311919,0.005226664594307967,0.0068655340009977535,0.006599771394507518,0.058246304589109975,0.0097003351368936,0.006599771394507518,0.0,0.0029233886713925916,0.00527095836205634,0.05510144707897552,0.002569038529405611,0.013066661485769918,0.00903592862066801,0.06608630148057193,0.018647676222064865,0.0031891512778828273,0.01395253684073737,0.003942145329605162,0.003587795187618181,0.0,0.07153443491362176,0.0036320889553665536,0.015015587266698313,0.003942145329605162,0.9662839447829306
44,0.015301410807044733,0.08464198129972846,0.05616973587396168,0.04067463632252397,0.45846125797816306,0.06488572937164538,0.07340803412493613,0.030215444125303522,0.041062013811309916,0.017044609506581473,0.0,0.030215444125303522,0.044354722465990426,0.07185852416979235,0.16424805524523967,0.046291609909920144,0.053264404708067106,0.07805656399036744,0.1045919219722045,0.07185852416979235,0.02401740430472844,0.0,0.0,0.028859622914552723,0.0003010524947953582,0.04803480860945688,0.06856581551511184,0.029247000403338667,0.041062013811309916,0.04164308004448883,0.05307071596367414,0.0,0.029053311658945695,0.025760603004265182,0.1059477431829553,0.25140799022207677,0.00041490015589118186,0.43986713851643783,0.2233231222850959,0.027310112959408953,0.0573318683403195,0.10672249816052719,0.015495099551437705,0.0999433921067732,0.009490748475255594,0.008134927264504795,0.024404781793514383,0.02072469565004793,0.01336452336311502,0.09025895488712463,0.021499450627619814,0.06953425923707669,0.007747549775718852,0.0011007094414151673,0.0,0.11175840551474445,0.006972794798146967,0.1369379422858307,0.010071814708434507,0.007166483542539938,0.039899881344952086,0.04842218609824282,0.0003238657430824357,0.03718823892345049,0.020531006905654958,0.02382371556033547,0.0015047285831155995,0.06120564322817893,0.01975625192808307,0.04842218609824282,0.024404781793514383,0.012783457129936105,0.025954291748658154,0.04474209995477637,0.046291609909920144,0.015301410807044733,0.019949940672476043,0.04745374237627797,0.24792159282300327,0.02517953677108627,0.008328616008897767,0.2367384231162143,0.03099019910287541,0.0182067419729393,0.13538843233068693,0.015882477040223646,0.10575405443856233,0.0063917285649680525,0.3410858788760225,0.05849400080667733,0.010071814708434507,0.01336452336311502,0.014332967085079876,0.035445040223913746,0.0006642181227221226,0.02653535798183707,0.025760603004265182,0.049390629820207685,0.016657232017795533,0.0
45,0.017315696791364844,0.14797049985348137,0.05037293612033409,0.03830442017483738,0.27075453164679575,0.025186468060167045,0.05562011696620223,0.026760622313927486,0.02308759572181979,0.017315696791364844,0.0,0.030958366990621992,0.0624414520658308,0.16266260622191217,0.09602340947938685,0.17682999450575612,0.04145272868235826,0.06873806908087256,0.10284474457901543,0.030958366990621992,0.03410667549814287,0.0,0.0,0.028334776567687923,0.0,0.08028186694178245,0.08290545736471652,0.014167388283843962,0.0781829946034352,0.06768863291169894,0.030958366990621992,0.0,0.0194145691297121,0.03463139358272969,0.09025151054893191,0.256062425278365,0.0,0.641205499365086,0.1836513296053847,0.029908930821448364,0.0860537658722374,0.06139201589665717,0.012068515945496709,0.15794014346063084,0.005771898930454948,0.005771898930454948,0.011019079776323082,0.026235904229340672,0.04932349995116046,0.057718989304549474,0.031483085075208805,0.013117952114670336,0.0031483085075208806,0.02445165124637446,0.0,0.03410667549814287,0.010494361691736268,0.21093667000389899,0.045125755274465953,0.05142237228950772,0.0272853403985143,0.03305723932896924,0.0,0.009444925522562642,0.0194145691297121,0.007870771268802201,0.0,0.022562877637232977,0.012593234030083523,0.08028186694178245,0.03200780315979562,0.02308759572181979,0.015216824453017589,0.027810058483101113,0.1332783934850506,0.0388291382594242,0.007870771268802201,0.03935385634401101,0.26813094122386166,0.030433648906035178,0.009969643607149456,0.0,0.01836513296053847,0.027810058483101113,0.09235038288727916,0.020464005298885722,0.07136165950380663,0.015741542537604403,0.1516435264455891,0.09864699990232093,0.023612313806406604,0.007346053184215388,0.009444925522562642,0.005771898930454948,0.0,0.01836513296053847,0.01364267019925715,0.07870771268802201,0.026235904229340672,0.0018175464376922997
