,강렬한,강한,귀엽고,그렇고,기대하고,기대했던,깊었습니다,깊은,넘치는,다를,다양한,대단한,따뜻한,만족스러운,멋있고,멋있어요,멋있었습니다,멋있었어요,멋져요,멋졌습니다,멋졌어요,멋지고,멋진,미친,부족한,새로운,새롭게,섬세한,슬프고,슬픈,신나고,신나는,아름다운,아름답고,아쉬운,아쉬워요,아쉬웠습니다,아쉬웠어요,아쉬웠지만,아쉽네요,아쉽습니다,아쉽지만,어려운,엄청난,없었다,영원히,예쁘고,완벽하게,완벽한,완전히,유명한,있다는,있었고,있었습니다,있었어요,잘생겼다,재미있게,재미있고,재미있는,재미있어요,재미있었습니다,재미있었어요,재밌고,재밌네요,재밌는,재밌습니다,재밌어,재밌어요,재밌었습니다,재밌었어요,좋게,좋겠네요,좋겠습니다,좋다,좋아하는,좋아해서,좋았구요,좋았네요,좋았는데,좋았던,좋았지만,좋은데,좋을,즐거운,즐거웠습니다,즐겁게,즐겁고,지루하지,지루한,지루할,충분히,탄탄한,행복하게,행복한,행복했습니다,행복했어요,화려하고,화려한,훌륭한,힘든
0,0.007882164968525786,0.007082706790447648,0.11786990586460111,0.027734095497553204,0.0475128461018203,0.031200857434747355,0.04160114324632981,0.10181324164675778,0.06586847680668886,0.0,0.0475128461018203,0.02217385470688538,0.10129339374940158,0.03895488734746207,0.04249624074268589,0.036956424511475634,0.028189037947036748,0.045305995901327764,0.08145112809014796,0.05285699521821573,0.03979383325869348,0.05788193928537233,0.4377969390810585,0.01733380968597075,0.020800571623164905,0.10860079108987497,0.04160114324632981,0.011326498975331941,0.04434770941377076,0.05546819099510641,0.13991545258478805,0.08306099248576757,0.2341704557875429,0.035413533952238244,0.12556966469766792,0.040725296658703114,0.06240171486949471,0.1040028581158245,0.06448171970961326,0.07805681859584764,0.020800571623164905,0.030543972494027335,0.0475128461018203,0.020362648329351557,0.020800571623164905,0.0,0.030543972494027335,0.01733380968597075,0.0475128461018203,0.020362648329351557,0.08869541882754152,0.0475128461018203,0.06108794498805467,0.183263834964164,0.08484436803896482,0.04243009451828895,0.22059535690130852,0.069335238743883,0.02833082716179059,0.03393774721558593,0.06787549443117186,0.091631917482082,0.06448171970961326,0.016968873607792964,0.04411907138026171,0.010400285811582453,0.0036956424511475636,0.0950256922036406,0.07805681859584764,0.12556966469766792,0.05769417026649608,0.02375642305091015,0.06787549443117186,0.07126926915273045,0.22059535690130852,0.09915789506626707,0.07126926915273045,0.07466304387428904,0.0475128461018203,0.10520701636831638,0.058934952932300555,0.05769417026649608,0.12556966469766792,0.3393774721558593,0.0950256922036406,0.21720158217974994,0.11440314392740697,0.025323348437350394,0.02833082716179059,0.0346676193719415,0.07466304387428904,0.058934952932300555,0.038134381309135656,0.2850770766109218,0.12217588997610934,0.03393774721558593,0.02469096222084495,0.05543463676721345,0.06108794498805467,0.054300395544937485
1,0.009650383108623022,0.011923424222830346,0.05517805738154295,0.03820019357183743,0.06544291009593525,0.03183349464319785,0.026527912202664882,0.06128780469301872,0.07215592119124847,0.003778740449215957,0.06648168644666438,0.022623457913197538,0.015502086989387652,0.0346863250118701,0.08671581252967524,0.04977160740903459,0.033280130576634995,0.05200271189507159,0.03902211563835386,0.06702571755364783,0.057579180246297,0.08193960265819188,0.6004127307214376,0.006366698928639572,0.04032242654805062,0.13919603099770353,0.0647281057745023,0.026579163857481037,0.02714814949583705,0.050933591429116576,0.04786404569006879,0.025423548037590556,0.0903735425134344,0.014091319536072226,0.1485450181542657,0.04778371213354002,0.059422523333969336,0.06048363982207593,0.05505514658864394,0.07790822630468482,0.023344562738345096,0.03635717227551958,0.030124514171144798,0.02389185606677001,0.04881135845290338,0.004524691582639509,0.02077552701458262,0.029711261666984668,0.07583067360322655,0.02389185606677001,0.0791821026961914,0.04986126483499828,0.052977593887185676,0.15270012355718224,0.08102455535687221,0.020071012371881816,0.21606548095165923,0.06897257172692868,0.054197382831047025,0.0706367918495809,0.04570615943208176,0.07167556820031003,0.1308858201918705,0.03427961957406132,0.07894700265541395,0.03926131005994402,0.006787037373959262,0.12673071478895398,0.0571326992901022,0.13711847829624527,0.039473501327706974,0.060249028342289596,0.06440413374520612,0.051938817536456544,0.2576165349808245,0.10080713206574747,0.11842050398312093,0.052977593887185676,0.05401637023791481,0.1246531620874957,0.08913378500095401,0.03220206687260306,0.07790822630468482,0.2316471262125962,0.07686944995395568,0.2015226120414514,0.08595043553663421,0.06200834795755061,0.02059500547579787,0.03820019357183743,0.0436286067306235,0.10823388178687271,0.01803898029781212,0.13919603099770353,0.10387763507291309,0.04778371213354002,0.0264511831445117,0.10067438771372907,0.07271434455103916,0.039473501327706974
2,0.0,0.013173683993109546,0.046426344991581485,0.030950896661054324,0.03534915329279457,0.012896206942105966,0.023213172495790742,0.015149637125483386,0.09285268998316297,0.0,0.03282421377188067,0.01649715926185731,0.005382958801021146,0.021077894388975272,0.03952105197932864,0.008248579630928655,0.011984231096825462,0.00842681887950194,0.018443157590353365,0.028089396265006464,0.01614887640306344,0.0403721910076586,0.15149637125483387,0.007737724165263581,0.02063393110736955,0.07069830658558914,0.030950896661054324,0.0,0.0,0.0025792413884211936,0.5602809080713683,0.4550482194931047,0.012624697604569489,0.0,0.06817336706467524,0.010099758083655591,0.04900558638000268,0.03610937943789671,0.025249395209138978,0.060598548501933545,0.018054689718948354,0.025249395209138978,0.012624697604569489,0.020199516167311183,0.010316965553684774,0.0,0.03534915329279457,0.0025792413884211936,0.017674576646397284,0.02272445568822508,0.17871922533678752,0.017674576646397284,0.02272445568822508,0.08332300419015863,0.058073608981019646,0.0028697844868398772,0.17674576646397283,0.09543193137158415,0.06059894636830391,0.060598548501933545,0.050498790418277956,0.07322324610650303,0.10604745987838371,0.03787409281370847,0.07574818562741693,0.02063393110736955,0.008248579630928655,0.07322324610650303,0.08079806466924473,0.10857239939929761,0.020199516167311183,0.02272445568822508,0.03282421377188067,0.012624697604569489,0.04544891137645016,0.021077894388975272,0.050498790418277956,0.020199516167311183,0.017674576646397284,0.02272445568822508,0.02063393110736955,0.015149637125483386,0.050498790418277956,0.3332920167606345,0.07322324610650303,0.3055176820305816,0.14443751775158684,0.05113810860970089,0.026347367986219093,0.051584827768423866,0.03282421377188067,0.012896206942105966,0.007737724165263581,0.07322324610650303,0.012624697604569489,0.017674576646397284,0.05510959751521656,0.10723153520207251,0.017674576646397284,0.025249395209138978
3,0.010650036843625574,0.03349445361803988,0.060893783952269215,0.04684137227097632,0.04585520090976245,0.014052411681292896,0.07494619563356211,0.10546696209245364,0.009368274454195264,0.011120449707518517,0.03668416072780996,0.0,0.1319752352910284,0.04306429750890841,0.03349445361803988,0.03994712460117373,0.0,0.0051012901437718266,0.014354765836302805,0.015303870431315477,0.019551886709781984,0.03421580174211847,0.16966424336612107,0.018736548908390528,0.032788960589683426,0.21093392418490728,0.037473097816781056,0.025506450718859132,0.16478188897984164,0.22952272412778396,0.0,0.0051012901437718266,0.4906506497344582,0.17225719003563364,0.1421511228202636,0.11005248218342988,0.032788960589683426,0.032788960589683426,0.022927600454881226,0.11463800227440613,0.09836688176905027,0.07336832145561992,0.06419728127366743,0.013756560272928734,0.05152550949807395,0.009986781150293432,0.24761808491271722,0.009368274454195264,0.07336832145561992,0.004585520090976245,0.009986781150293432,0.06419728127366743,0.07795384154659617,0.14673664291123983,0.08712488172854865,0.0469061095561285,0.0917104018195249,0.028104823362585792,0.009569843890868537,0.14673664291123983,0.00917104018195249,0.032098640636833715,0.04585520090976245,0.02751312054585747,0.01834208036390498,0.04684137227097632,0.019973562300586865,0.27971672554955096,0.032098640636833715,0.1329800826383111,0.032098640636833715,0.04126968081878621,0.1513221630022161,0.11463800227440613,0.13756560272928736,0.009569843890868537,0.032098640636833715,0.04585520090976245,0.05961176118269119,0.243032564821741,0.060893783952269215,0.10088144200147739,0.10088144200147739,0.050440721000738695,0.03668416072780996,0.032098640636833715,0.018736548908390528,0.004887971677445496,0.06698890723607975,0.009368274454195264,0.050440721000738695,0.004684137227097632,0.05152550949807395,0.10546696209245364,0.15590768309319233,0.050440721000738695,0.0,0.009986781150293432,0.04126968081878621,0.07336832145561992
4,0.11090173186192626,0.049400825162794766,0.027515341133927868,0.06170106799729279,0.07672692727689459,0.04085611259280198,0.030016735782466764,0.06366702476167849,0.07087284837526875,0.009897458891260393,0.05632082959686943,0.06399696605204289,0.0043504084827121065,0.04343865660866436,0.14649899875863276,0.11732777109541195,0.05036426494386535,0.07264427006938384,0.06813906919006174,0.05993152280724167,0.066126208937224,0.1235516009090238,0.514233661536634,0.055030682267855735,0.07254044480762802,0.14692390329618113,0.024180148269209337,0.06356373631071086,0.08088505431577643,0.12256833777840595,0.003958983556504157,0.0018161067517345959,0.23262951355228678,0.08517383648757718,0.16651375706900529,0.09631678104971875,0.055030682267855735,0.06420246264583168,0.058769561318472455,0.15182136673938718,0.06170106799729279,0.07182946383368856,0.034282244102442266,0.08080814681289962,0.044191305457520515,0.05866388554770598,0.033466000195241256,0.057532076916394635,0.21793712322266867,0.04489341489605535,0.041775797283972446,0.047342146617658364,0.04407717098885434,0.15018887892498517,0.08080814681289962,0.029687131376709378,0.12651780561615597,0.01834356075595191,0.026403889311148926,0.04570965880325635,0.029384780659236227,0.034282244102442266,0.06040204913287447,0.0261198050304322,0.039179707545648305,0.03335192864718529,0.007110774005782543,0.23181326964508578,0.053872097875266416,0.11100917137933686,0.03673097582404528,0.06366702476167849,0.08488936634890465,0.06856448820488453,0.16406502534740228,0.033217796230155104,0.08162439072010062,0.027752292844834214,0.06040204913287447,0.10121424449292478,0.06420246264583168,0.04652590271045736,0.05713707350407044,0.09876551277132176,0.043260927081653335,0.08162439072010062,0.023346350053029704,0.02436228750318779,0.05110430189254631,0.03918851616044272,0.05713707350407044,0.02918293756628713,0.03418572686336493,0.13304775687376402,0.09958175667852277,0.04407717098885434,0.1355951868102674,0.23198900193865546,0.1028467323073268,0.06285078085447748
5,0.0,0.01737339631881523,0.10204476485022067,0.005669153602790037,0.08324697746055884,0.051022382425110334,0.005669153602790037,0.04994818647633531,0.011338307205580074,0.006729471668690503,0.04439838797896472,0.018130317364829493,0.4910157100166233,0.01737339631881523,0.011582264212543488,0.0,0.006585312953281216,0.0,0.011582264212543488,0.0,0.005915851927911124,0.017747555783733375,0.061047783471076485,0.011338307205580074,0.005669153602790037,0.1720437534184883,0.011338307205580074,0.0,0.1389990997970261,0.18708206889207124,0.0,0.01234805728155862,0.11099596994741179,0.03474679263763046,0.18314335041322946,0.04994818647633531,0.0453532288223203,0.05669153602790036,0.055497984973705894,0.09434657445530002,0.02834576801395018,0.09434657445530002,0.11099596994741179,0.01664939549211177,0.02267661441116015,0.03021719560804915,0.13319516393689415,0.005669153602790037,0.03329879098422354,0.03884858948159413,0.0,0.03329879098422354,0.04439838797896472,0.06659758196844708,0.1054461714500412,0.0,0.33298790984223536,0.034014921616740225,0.04053792474390221,0.1054461714500412,0.04439838797896472,0.055497984973705894,0.08324697746055884,0.027748992486852947,0.04439838797896472,0.03968407521953026,0.024173756486439324,0.3274381113448648,0.061047783471076485,0.19424294740797063,0.027748992486852947,0.03884858948159413,0.055497984973705894,0.03884858948159413,0.061047783471076485,0.011582264212543488,0.02219919398948236,0.02219919398948236,0.055497984973705894,0.14984455942900593,0.034014921616740225,0.027748992486852947,0.08879677595792944,0.08324697746055884,0.02219919398948236,0.04439838797896472,0.02267661441116015,0.0,0.01737339631881523,0.011338307205580074,0.03329879098422354,0.017007460808370112,0.11905222565859078,0.3662867008264589,0.08324697746055884,0.07769717896318826,0.006729471668690503,0.0,0.027748992486852947,0.061047783471076485
6,0.0037119280632417293,0.007337970728745555,0.012407710242962063,0.009795560718127943,0.014703640262808987,0.011101635480545002,0.01697897191142177,0.030046569232696628,0.012407710242962063,0.003875884182495838,0.025571548283146065,0.005569214643296271,0.01839928205780474,0.010673411969084444,0.0006670882480677777,0.005569214643296271,0.0,0.0007111946116783144,0.002668352992271111,0.002133583835034943,0.0040887293461788305,0.006133094019268246,0.0607324271724719,0.01697897191142177,0.018938084055047356,0.05881456105123595,0.008489485955710885,0.017068670680279546,0.01949225125153695,0.022203270961090003,0.0015503536729983352,0.0035559730583915724,0.21480100557842693,0.06070503057416777,0.049225230445056174,0.056257406222921344,0.013713785005379122,0.013060747624170591,0.009589330606179775,0.06520744812202246,0.024162383104715593,0.016621506384044943,0.011507196727415729,0.011507196727415729,0.004571261668459707,0.011138429286592541,0.04347163208134831,0.011101635480545002,0.024932259576067414,0.009589330606179775,0.0034807591520601686,0.015982217676966292,0.00767146448494382,0.03068585793977528,0.03388230147516853,0.17801697654640802,0.0767146448494382,0.012407710242962063,0.01134050021715222,0.07863251097067415,0.02045723862651685,0.03388230147516853,0.03068585793977528,0.02429297086898876,0.033243012768089886,0.07183411193293825,0.06195751290667101,0.7626714275448314,0.0383573224247191,0.49736661410719096,0.00767146448494382,0.023014393454831458,0.04858594173797752,0.06904318036449437,0.056257406222921344,0.01734429444976222,0.016621506384044943,0.014703640262808987,0.05497882880876404,0.060093138465393256,0.011754672861753534,0.06712531424325842,0.029407280525617974,0.0409144772530337,0.01534292896988764,0.028767991818539323,0.004571261668459707,0.008858913583387466,0.03802403013986333,0.009795560718127943,0.022375104747752807,0.0013060747624170591,0.01697897191142177,0.04347163208134831,0.037718033717640445,0.03068585793977528,0.0007751768364991676,0.0020884554912361016,0.010228619313258426,0.008310753192022471
7,0.0023109523321659378,0.010382805892030075,0.1483960505659037,0.01829540349442648,0.03582044514446973,0.030492339157377465,0.028459516546885638,0.03383042041422141,0.04675492004131212,0.01689119079545149,0.03582044514446973,0.01300219456268737,0.06788104695394935,0.012459367070436088,0.022842172962466163,0.030338453979603868,0.00944534158468141,0.017710869591007136,0.018689050605654133,0.022138586988758924,0.008485130869243669,0.048789502498151095,0.2527331407415364,0.01626258088393465,0.008131290441967325,0.07960098920993272,0.008131290441967325,0.015497010892131246,0.02600438912537474,0.006098467831475494,0.043434490616875265,0.017710869591007136,0.049750618256207954,0.014535928248842103,0.07960098920993272,0.07164089028893945,0.010164113052459156,0.05488621048327944,0.011940148381489908,0.07960098920993272,0.03455798437836113,0.03383042041422141,0.013930173111738227,0.027860346223476454,0.014229758273442819,0.01300219456268737,0.05771071717720123,0.026426693936393804,0.16119200315011378,0.00995012365124159,0.015169226989801934,0.047760593525959634,0.03781046987471805,0.051740642986456274,0.04577056879571132,0.05654533556141643,0.15522192895936882,0.10367395313508339,0.062296835352180446,0.10149126124266422,0.03980049460496636,0.05771071717720123,0.20099249775508013,0.031840395683973094,0.08557106340067769,0.058951855704263104,0.01300219456268737,0.4577056879571132,0.049750618256207954,0.5671570481207707,0.05572069244695291,0.05970074190744955,0.08955111286117431,0.0656708160981945,0.10149126124266422,0.022842172962466163,0.01990024730248318,0.013930173111738227,0.023880296762979817,0.06965086555869114,0.04065645220983662,0.0656708160981945,0.023880296762979817,0.1512418794988722,0.04577056879571132,0.11144138489390581,0.06911596875672225,0.014848979021176418,0.031148417676090223,0.030492339157377465,0.03383042041422141,0.04878774265180395,0.05488621048327944,0.2169126955970667,0.12139150854514741,0.13333165692663732,0.00241302725649307,0.006501097281343685,0.051740642986456274,0.029850370953724774
8,0.10150909396600909,0.07760699017317563,0.03502621591242973,0.04390610163670769,0.1038322637342279,0.06265252705462783,0.044399428621389805,0.061816417478982186,0.11790514933902402,0.00936952553957242,0.04249878701680025,0.0694184209210427,0.00772191829125764,0.058961154871828236,0.0811345806355927,0.08414354051035479,0.07163134062974197,0.10906397579933706,0.07508728270002057,0.11175028062198084,0.09523699225884422,0.13281699460963142,0.60947124108184,0.049826025452893,0.027626311142198098,0.15212633988968272,0.02121306034133068,0.0537260964528754,0.006310765538276609,0.0167731174791917,0.005270358116009486,0.004835348680758786,0.0729240549947368,0.020661601279871433,0.14150164313548266,0.05022583920167303,0.06906577785549524,0.059692565146535176,0.05602112834032761,0.09127580393380963,0.041932793697979254,0.035737616355036576,0.01980057122373648,0.10334932297267334,0.055252622284396195,0.015776913845691524,0.04104996473213661,0.04341277465202558,0.19848865299891935,0.04974289844011848,0.10044635148423603,0.035737616355036576,0.04539643158612754,0.1579216290283373,0.06664582509452767,0.009880175779919018,0.21394275736866492,0.04735939052948246,0.05291385693625611,0.05746995062499125,0.03477173483192748,0.05167466148633667,0.0840316925104914,0.04346466853990935,0.050708779963227577,0.028119638126880207,0.006310765538276609,0.13618929475838262,0.0729240549947368,0.11349107896531886,0.05457230605566396,0.032357031024154735,0.0439476093014639,0.059401713671209444,0.19317630462181934,0.05140203245236308,0.09996873764179151,0.04346466853990935,0.05457230605566396,0.1028663822111188,0.08929218422746171,0.03525467559348203,0.0439476093014639,0.14633105075102815,0.05022583920167303,0.10817873058821882,0.03255958098901919,0.05302383893330246,0.03477196312953973,0.05179933339162143,0.05553818757877306,0.08633222231936906,0.018253098433238028,0.12170107191174617,0.0569870098634367,0.03863526092436387,0.05855953462232762,0.1262153107655322,0.1337745909506099,0.027044682647054705
9,0.028608220188796184,0.04774082230739072,0.021570119211245933,0.07190039737081977,0.07742531244907472,0.06830537750227879,0.03954521855395088,0.042231988608586214,0.14020577487309857,0.017069627001688445,0.13021529820980748,0.030658945216531504,0.06377482673343776,0.02570659662705654,0.018361854733611814,0.01916184076033219,0.025055942279590175,0.06655805649145351,0.02570659662705654,0.03915179793614912,0.03376314356476117,0.04876898514909947,0.39064589462942245,0.017975099342704942,0.07190039737081977,0.11261863628956323,0.021570119211245933,0.003915179793614912,0.03449131336859794,0.035950198685409884,0.1792310835177287,0.1644375513318263,0.08094464483312358,0.029378967573778905,0.19004394873863795,0.06334798291287932,0.0934705165820657,0.10425557618768867,0.04575132099263506,0.09854130675336782,0.06830537750227879,0.017596661920244255,0.12317663344170979,0.056309318144781614,0.05033027815957384,0.026826577064465066,0.024635326688341955,0.05033027815957384,0.05982865052883047,0.042231988608586214,0.3142541884694479,0.09854130675336782,0.08798330960122128,0.24635326688341957,0.10909930390551438,0.03199989669810709,0.18300528397054025,0.035950198685409884,0.06243030609428017,0.028154659072390807,0.07038664768097702,0.05982865052883047,0.06334798291287932,0.017596661920244255,0.03519332384048851,0.035950198685409884,0.003832368152066438,0.20412127827483337,0.04927065337668391,0.13373463059385635,0.04575132099263506,0.06334798291287932,0.10206063913741668,0.06334798291287932,0.17596661920244255,0.02203422568033418,0.09854130675336782,0.042231988608586214,0.08446397721717243,0.10909930390551438,0.08628047684498373,0.07742531244907472,0.09502197436931897,0.14781196013005174,0.056309318144781614,0.16892795443434486,0.07190039737081977,0.04876898514909947,0.05875793514755781,0.0323551788168689,0.11613796867361208,0.021570119211245933,0.04673525829103285,0.15485062489814944,0.08446397721717243,0.08094464483312358,0.017069627001688445,0.06515025858512945,0.09854130675336782,0.17596661920244255
10,0.0,0.0,0.08568299997736868,0.018360642852293288,0.01797408841811359,0.012240428568195525,0.006120214284097762,0.01797408841811359,0.012240428568195525,0.007264895523536616,0.029956814030189318,0.019572838396343013,0.6769733376289131,0.006251897888330008,0.0,0.0,0.0,0.006665259212438679,0.006251897888330008,0.0,0.0,0.0,0.059913628060378636,0.006120214284097762,0.0,0.041939539642265045,0.0,0.026661036849754717,0.12396130984350576,0.0489617142727821,0.0,0.006665259212438679,0.35948176836227186,0.0812746725482901,0.01797408841811359,0.04793090244830291,0.0,0.006120214284097762,0.011982725612075728,0.04793090244830291,0.012240428568195525,0.023965451224151457,0.01797408841811359,0.011982725612075728,0.03060107142048881,0.019572838396343013,0.20370633540528738,0.012240428568195525,0.053922265254340775,0.005991362806037864,0.006524279465447671,0.08987044209056796,0.01797408841811359,0.041939539642265045,0.059913628060378636,0.013619272773372082,0.053922265254340775,0.06120214284097762,0.05626708099497007,0.04793090244830291,0.03594817683622718,0.011982725612075728,0.20370633540528738,0.011982725612075728,0.0659049908664165,0.012240428568195525,0.006524279465447671,0.3115508659139689,0.03594817683622718,0.09586180489660583,0.041939539642265045,0.07189635367245437,0.0659049908664165,0.03594817683622718,0.131809981732833,0.006251897888330008,0.005991362806037864,0.005991362806037864,0.029956814030189318,0.0659049908664165,0.012240428568195525,0.059913628060378636,0.11982725612075727,0.053922265254340775,0.011982725612075728,0.059913628060378636,0.03060107142048881,0.02554616368410993,0.05001518310664006,0.006120214284097762,0.023965451224151457,0.012240428568195525,0.12852449996605303,0.20969769821132522,0.07189635367245437,0.07788771647849223,0.0,0.0,0.029956814030189318,0.029956814030189318
11,0.02675959081014883,0.04351084456583912,0.02129718824439552,0.02690171146660487,0.04389223046175838,0.03474804397769796,0.032506234688814216,0.06254642840800569,0.056045232222093476,0.010644405252117885,0.04389223046175838,0.02867780041019307,0.010527136376594666,0.0423658223404223,0.03893075566417184,0.033457433811891917,0.03255119014063827,0.04638768303058668,0.03893075566417184,0.04638768303058668,0.04795695460448682,0.0666718637184329,0.4455061391868475,0.007846332511093087,0.03362713933325608,0.06803295721572548,0.019055378955511782,0.0292974840193179,0.031067617111042493,0.06837518331095405,0.010644405252117885,0.004882914003219651,0.1327739971468191,0.03893075566417184,0.10643865886976406,0.04169761893867046,0.04707799506655852,0.061649755444302824,0.04937875926947817,0.07242218026190132,0.025780806822162997,0.03291917284631878,0.01865419794624731,0.03291917284631878,0.040352567199907305,0.005974541752123556,0.026335338277055025,0.013450855733302436,0.07681140330807716,0.01755689218470335,0.031067617111042493,0.03291917284631878,0.04389223046175838,0.08888176668506072,0.05596259383874193,0.004988683531966873,0.17008239303931372,0.02129718824439552,0.026335511184586834,0.04169761893867046,0.028529949800142944,0.05376798231565401,0.0406003131771265,0.009875751853895635,0.013167669138527512,0.012329951088860565,0.0023898167008494227,0.16130394694696204,0.03621109013095066,0.061449122646461726,0.02194611523087919,0.023043420992423146,0.027432644038598984,0.023043420992423146,0.10753596463130802,0.03320564453708774,0.03950300741558254,0.02084880946933523,0.03621109013095066,0.07461679178498924,0.06501246937762843,0.0351137843694067,0.026335338277055025,0.17666622760857748,0.04279492470021442,0.07681140330807716,0.028022616111046738,0.03859950004751377,0.06526626684875868,0.035868948622139823,0.0406003131771265,0.025780806822162997,0.012329951088860565,0.07790870906962112,0.029627255561686903,0.01755689218470335,0.2913905937767271,0.6548097760327417,0.0998548243005003,0.030724561323230863
12,0.027299348839087693,0.04292833850808697,0.03602069120988035,0.04802758827984046,0.047016443007755926,0.042024139744860405,0.03602069120988035,0.13517227364729828,0.05403103681482052,0.0,0.07052466451163389,0.05759824209157538,0.025058776020673183,0.0367957187212174,0.03066309893434784,0.03839882806105026,0.04184178821576254,0.02615237885258211,0.03066309893434784,0.05884285241830974,0.03132347002584148,0.06891163405685125,0.38200859943801685,0.05403103681482052,0.030017242674900284,0.1763116612790847,0.05403103681482052,0.02615237885258211,0.14079570289051763,0.04802758827984046,0.007126290741303462,0.0,0.08815583063954235,0.02453047914747827,0.1821887166550542,0.08815583063954235,0.06603793388478063,0.06003448534980057,0.023508221503877963,0.11166405214342032,0.03602069120988035,0.0587705537596949,0.1234181628953593,0.08815583063954235,0.03602069120988035,0.00639980467684171,0.047016443007755926,0.04802758827984046,0.1175411075193898,0.07052466451163389,0.01919941403052513,0.14692638439923725,0.09403288601551185,0.14104932902326778,0.07052466451163389,0.05343773886560758,0.1704346059031152,0.018010345604940175,0.0735914374424348,0.1821887166550542,0.023508221503877963,0.06464760913566439,0.1175411075193898,0.041139387631786435,0.035262332255816944,0.06003448534980057,0.00639980467684171,0.3585003779341389,0.06464760913566439,0.14692638439923725,0.047016443007755926,0.11166405214342032,0.3056068795504135,0.09403288601551185,0.14692638439923725,0.012265239573739135,0.07052466451163389,0.047016443007755926,0.08815583063954235,0.1175411075193898,0.0720413824197607,0.07052466451163389,0.08815583063954235,0.041139387631786435,0.017631166127908472,0.047016443007755926,0.012006897069960115,0.03132347002584148,0.0735914374424348,0.030017242674900284,0.11166405214342032,0.09605517655968092,0.012006897069960115,0.09403288601551185,0.1821887166550542,0.12929521827132878,0.0,0.01279960935368342,0.1234181628953593,0.1175411075193898
13,0.003720074979947013,0.010028285538296614,0.0327235331802518,0.01308941327210072,0.03844150883822384,0.01963411990815108,0.029451179862226624,0.028831131628667874,0.06217471304247842,0.0038843909490753996,0.03844150883822384,0.013953594802688252,0.003414752720003625,0.010028285538296614,0.046798665845384196,0.027907189605376505,0.049415334040319746,0.03207399917416991,0.043455903999285325,0.04632910991824542,0.054636043520058,0.081954065280087,0.26268364372786285,0.00327235331802518,0.0163617665901259,0.06727264046689171,0.00981705995407554,0.0035637776860188786,0.0,0.00981705995407554,0.49331765053257576,0.34925021322985006,0.01601729534925993,0.006685523692197742,0.0929003130257076,0.012813836279407945,0.05235765308840288,0.05890235972445325,0.035238049768371846,0.05125534511763178,0.00654470663605036,0.012813836279407945,0.00961037720955596,0.048051886047779796,0.022906473226176262,0.01046519610201619,0.01922075441911192,0.01308941327210072,0.06086572232718774,0.00961037720955596,0.12907075192486633,0.05125534511763178,0.02562767255881589,0.09930723116541157,0.06727264046689171,0.0,0.13134182186393142,0.07199177299655396,0.05348418953758194,0.04164496790807582,0.048051886047779796,0.07047609953674369,0.15056257628304334,0.012813836279407945,0.06727264046689171,0.022906473226176262,0.003488398700672063,0.10571414930511555,0.03844150883822384,0.15056257628304334,0.048051886047779796,0.01601729534925993,0.03844150883822384,0.028831131628667874,0.09930723116541157,0.06351247507587855,0.04164496790807582,0.035238049768371846,0.022424213488963902,0.044848426977927805,0.01963411990815108,0.01601729534925993,0.06406918139703972,0.35878741582342244,0.0929003130257076,0.3203459069851986,0.18979649244546046,0.03414752720003625,0.010028285538296614,0.0327235331802518,0.02562767255881589,0.0327235331802518,0.04254059313432734,0.20181792140067514,0.10251069023526356,0.06086572232718774,0.007768781898150799,0.048837581809408885,0.054458804187483764,0.0064069181397039725
14,0.010134355719700385,0.01821293270550737,0.04457328514099113,0.0,0.008726972956830824,0.017829314056396452,0.07131725622558581,0.08726972956830824,0.02674397108459468,0.0211639818253746,0.02618091887049247,0.009503215261874873,0.40931379975364374,0.027319399058261057,0.01821293270550737,0.0,0.010355303545305517,0.0,0.01821293270550737,0.01941713055286883,0.009302586358037358,0.0,0.17453945913661648,0.04457328514099113,0.02674397108459468,0.09599670252513906,0.035658628112792905,0.009708565276434414,0.11403858314249847,0.07131725622558581,0.0211639818253746,0.01941713055286883,0.13090459435246235,0.027319399058261057,0.13090459435246235,0.07854275661147742,0.035658628112792905,0.0,0.061088810697815764,0.10472367548196988,0.0,0.0349078918273233,0.02618091887049247,0.01745394591366165,0.04457328514099113,0.009503215261874873,0.05236183774098494,0.017829314056396452,0.05236183774098494,0.02618091887049247,0.057019291571249235,0.13090459435246235,0.10472367548196988,0.10472367548196988,0.15708551322295483,0.009918863957390712,0.296717080532248,0.0980612273101805,0.07285173082202948,0.05236183774098494,0.07854275661147742,0.08726972956830824,0.18326643209344728,0.05236183774098494,0.05236183774098494,0.08023191325378405,0.009503215261874873,0.32289799940274044,0.13090459435246235,0.16581248617978564,0.05236183774098494,0.08726972956830824,0.07854275661147742,0.1396315673092932,0.16581248617978564,0.0,0.1134506484388007,0.08726972956830824,0.01745394591366165,0.148358540266124,0.04457328514099113,0.05236183774098494,0.17453945913661648,0.18326643209344728,0.07854275661147742,0.13090459435246235,0.11589054136657695,0.0651181045062615,0.0637452644692758,0.02674397108459468,0.05236183774098494,0.035658628112792905,0.05348794216918936,0.1396315673092932,0.16581248617978564,0.0698157836546466,0.0,0.019006430523749746,0.04363486478415412,0.1396315673092932
15,0.024154651823362242,0.04735578950200499,0.07146910044560409,0.03959774484148335,0.10305571598196403,0.045392536769505304,0.0376661475321427,0.08225547972872359,0.060845315244230515,0.008025043238809641,0.05389152120157752,0.04633029199741779,0.0251956563251062,0.04143631581425437,0.04735578950200499,0.03603467155354717,0.05497191556052876,0.06310855876855546,0.06412763161729843,0.06521217739417397,0.09171218902338657,0.08364957899935259,0.5606609135532539,0.0376661475321427,0.04346093946016465,0.29498516868231905,0.12941701972582362,0.05995313083012768,0.0380937956423213,0.032837154258791065,0.008025043238809641,0.015777139692138866,0.16262002888897076,0.0424228947622128,0.23163899463835952,0.06240070875972134,0.06277691255357115,0.08788767757499963,0.05767338233853033,0.1323651397933483,0.05891371793488986,0.0444368683591955,0.088873736718391,0.07185536160210336,0.060845315244230515,0.02573905110967655,0.029309423811384266,0.05891371793488986,0.16356549417320898,0.06901896574938876,0.10707445261625445,0.05767338233853033,0.06240070875972134,0.15316537604658875,0.11440129939282245,0.0,0.09360106313958201,0.027042362330769117,0.024664473698960934,0.02269116682171685,0.03214581966409887,0.03687314608528988,0.04254593779071909,0.019854770969002244,0.02552756267443146,0.01545277847472521,0.002059124088774124,0.07469175745481797,0.033091284948337074,0.07941908387600898,0.03120035437986067,0.05578245177005393,0.08225547972872359,0.06050977819124494,0.19192945270035502,0.06314105266933999,0.09927385484501122,0.03592768080105168,0.06901896574938876,0.10778304240315505,0.10527205335906549,0.06618256989667415,0.037818611369528084,0.10211025069772584,0.05105512534886292,0.09171013257110561,0.019315973093406512,0.031242613843131692,0.05228868424179718,0.032837154258791065,0.06901896574938876,0.03090555694945042,0.031871355604120744,0.14749258434115953,0.11156490354010785,0.028363958527146065,0.11005773584653224,0.15855255483560757,0.1333106050775865,0.10872850768739324
16,0.4580827804780257,0.013720705892498254,0.006715853464907037,0.02686341385962815,0.01972338522443235,0.02686341385962815,0.07387438811397741,0.0525956939318196,0.06044268118416334,0.0,0.15121262005398134,0.06443319226764153,0.0,0.013720705892498254,0.12348635303248427,0.17898108963233758,0.01560232793587576,0.051197607581923314,0.11662600008623515,0.051197607581923314,0.08409719852724268,0.09110529840451291,0.4865101688693313,0.033579267324535186,0.013431706929814075,0.11834031134659409,0.020147560394721112,0.007313943940274759,0.007159243585293504,0.02686341385962815,0.0,0.0,0.0394467704488647,0.04802247062374389,0.13806369657102643,0.13806369657102643,0.033579267324535186,0.040295120789442224,0.0262978469659098,0.17751046701989115,0.06715853464907037,0.0262978469659098,0.01972338522443235,0.1972338522443235,0.040295120789442224,0.007159243585293504,0.00657446174147745,0.020147560394721112,0.09861692612216175,0.01972338522443235,0.014318487170587008,0.11176584960511664,0.0525956939318196,0.09861692612216175,0.11176584960511664,0.007472372371194572,0.0525956939318196,0.006715853464907037,0.03430176473124563,0.1840849287613686,0.0131489234829549,0.00657446174147745,0.0131489234829549,0.00657446174147745,0.0131489234829549,0.04701097425434926,0.014318487170587008,0.1840849287613686,0.0131489234829549,0.07231907915625195,0.0394467704488647,0.11176584960511664,0.3155741635909176,0.059170155673297045,0.03287230870738725,0.0,0.0131489234829549,0.0262978469659098,0.03287230870738725,0.07231907915625195,0.02686341385962815,0.03287230870738725,0.0525956939318196,0.0131489234829549,0.0131489234829549,0.00657446174147745,0.006715853464907037,0.014016199754540448,0.006860352946249127,0.0,0.04602123219034215,0.013431706929814075,0.0,0.0920424643806843,0.0788935408977294,0.0394467704488647,0.0,0.03579621792646751,0.0920424643806843,0.059170155673297045
17,0.04162147194998495,0.023799976763421937,0.04326897401067847,0.013313530464824143,0.04887463139031155,0.019970295697236216,0.0465973566268845,0.14336558541158054,0.026627060929648286,0.01185269870301133,0.022808161315478723,0.014192508528656717,0.0798840642218642,0.023799976763421937,0.013599986721955393,0.014192508528656717,0.023197580476765296,0.05799674812780438,0.027199973443910785,0.05437195136981661,0.04862508256983038,0.05209830275338969,0.3584139635289514,0.01664191308103018,0.026627060929648286,0.08145771898385258,0.029955443545854325,0.14499187031951097,0.16676197521171643,0.2230016352858044,0.0039508995676704435,0.01087439027396332,0.5473958715714894,0.0849999170122212,0.11729911533674772,0.04887463139031155,0.06656765232412072,0.08653794802135693,0.06516617518708206,0.14010727665222644,0.05325412185929657,0.06190786642772796,0.06842448394643617,0.035841396352895134,0.04992573924309054,0.049673779850298506,0.14336558541158054,0.02329867831344225,0.16617374672705928,0.04887463139031155,0.07451066977544776,0.0977492627806231,0.05539124890901976,0.16943205548641338,0.0912326452619149,0.011109942064130442,0.0912326452619149,0.019970295697236216,0.010199990041466545,0.06190786642772796,0.022808161315478723,0.03258308759354103,0.016291543796770516,0.01954985255612462,0.026066470074832825,0.013313530464824143,0.0,0.13359065913351822,0.022808161315478723,0.07494110146514438,0.06190786642772796,0.04561632263095745,0.07494110146514438,0.05864955766837386,0.16617374672705928,0.05099995020733272,0.06842448394643617,0.05539124890901976,0.08471602774320669,0.13359065913351822,0.10317986110238712,0.05213294014966565,0.042358013871603345,0.1010075715399772,0.05539124890901976,0.08471602774320669,0.013313530464824143,0.031258981652033814,0.03739996348537733,0.0465973566268845,0.03909970511224924,0.026627060929648286,0.02329867831344225,0.12381573285545593,0.14662389417093466,0.07168279270579027,0.015803598270681774,0.049673779850298506,0.11404080657739361,0.10752418905868541
18,0.027212612519524667,0.04027477203601616,0.002816176092288412,0.04083455333818197,0.06754370546984723,0.035202201153605145,0.03942646529203776,0.07581436328248159,0.05773160989191244,0.010028680763441442,0.06616526250107484,0.06004208021847248,0.007346811328547558,0.04602831089830419,0.15390716456620462,0.11558100442055953,0.08996025870226393,0.11501155906264585,0.07048085106302829,0.09047575979594807,0.09844727180253728,0.17191538508801285,0.5775676039156324,0.0239374967844515,0.035202201153605145,0.12405986718951532,0.026753672876739912,0.07054042289175612,0.019513676071003558,0.005632352184576824,0.005014340381720721,0.003066974908337223,0.06478681953230245,0.02732930959586811,0.13646585390846686,0.06202993359475766,0.05491543379962403,0.0464669055227588,0.04962394687580613,0.10476166562670183,0.05913969793805665,0.042731732031944164,0.03308263125053742,0.10338322265792944,0.022529408738307295,0.009006312032770874,0.019298201562813495,0.035202201153605145,0.21090177422217604,0.030325745312992636,0.07655365227855242,0.0372179601568546,0.04962394687580613,0.14473651172110122,0.07581436328248159,0.018800454656488767,0.2026311164095417,0.035202201153605145,0.025890924880296103,0.0730574773449368,0.030325745312992636,0.05789460468844049,0.053759275782123306,0.0372179601568546,0.020676644531585887,0.03942646529203776,0.010507364038232686,0.15852094140882514,0.04548861796948895,0.12130298125197055,0.04411017500071656,0.04962394687580613,0.08132813515757116,0.06616526250107484,0.10751855156424661,0.03883638732044416,0.08408502109511594,0.035839517188082204,0.039974846094399386,0.08408502109511594,0.08448528276865234,0.0551377187508957,0.08132813515757116,0.10476166562670183,0.06065149062598527,0.11578920937688097,0.03942646529203776,0.04701959250270437,0.0503434650450202,0.0464669055227588,0.08132813515757116,0.07603675449178711,0.021121320692163086,0.10476166562670183,0.0923556789077503,0.034461074219309815,0.17048757297850453,0.2611830489503553,0.15162872656496318,0.024811973437903066
19,0.010020569811553977,0.0036016885275478934,0.02115495739076227,0.005288739347690567,0.010354786531221417,0.007051652463587423,0.008814565579484278,0.024161168572849973,0.056413219708699384,0.0020926358146218255,0.03624175285927496,0.02067233439592023,0.005518883603869328,0.014406754110191574,0.04682195085812261,0.030068850030429427,0.03481272543444488,0.04991771216929057,0.018008442637739465,0.0633570962148688,0.04231144096299819,0.06254734751051905,0.32099838246786394,0.0017629131158968558,0.014103304927174846,0.037967550614478526,0.008814565579484278,0.0019199120065111757,0.0,0.0,0.24274575449613175,0.2860668889701652,0.02588696632805354,0.007203377055095787,0.043144943880089236,0.008628988776017848,0.028206609854349692,0.029969522970246545,0.017257977552035696,0.03279015734886782,0.010577478695381134,0.013806382041628555,0.013806382041628555,0.02761276408325711,0.017629131158968556,0.0,0.029338561838460682,0.019392044274865412,0.0448707416352928,0.008628988776017848,0.04886188129944782,0.010354786531221417,0.0224353708176464,0.053499730411310654,0.043144943880089236,0.005884498520796662,0.10872525857782488,0.038784088549730825,0.04862279512189656,0.029338561838460682,0.03106435959366425,0.048322337145699945,0.0621287191873285,0.020709573062442834,0.05522552816651422,0.026443696738452833,0.0037586062538036784,0.04659653939049638,0.03451595510407139,0.0673061124529392,0.02761276408325711,0.006903191020814278,0.015532179796832125,0.008628988776017848,0.06040292143212493,0.019809286901513415,0.012080584286424986,0.018983775307239263,0.017257977552035696,0.015532179796832125,0.029969522970246545,0.013806382041628555,0.0224353708176464,0.2882082251189961,0.05004813490090351,0.17257977552035694,0.10577478695381133,0.02759441801934664,0.023410975429061304,0.056413219708699384,0.0224353708176464,0.01234039181127799,0.019392044274865412,0.07248350571854992,0.024161168572849973,0.008628988776017848,0.2783205633447028,0.6727905194308584,0.02761276408325711,0.015532179796832125
20,0.022156921186261856,0.01327308565332749,0.012993514907078408,0.019490272360617615,0.03815987071052915,0.04222892344800483,0.058470817081852845,0.06995976296930344,0.029235408540926423,0.0038559323212224786,0.11447961213158744,0.03809125400386647,0.1118612501429318,0.0365009855466506,0.023227899893323106,0.00692568254615754,0.041506636097555026,0.010613004003968172,0.019909628479991236,0.06014035602248631,0.033897348528161154,0.07118443190913842,0.35933878252414947,0.03898054472123523,0.019490272360617615,0.15899946129387146,0.035732165994465624,0.05306502001984086,0.09349671437312679,0.08445784689600966,0.0,0.003537668001322724,0.5819380283355695,0.20241455621324422,0.13355954748685203,0.05405981683991629,0.07471271071570085,0.025987029814156817,0.009539967677632287,0.14627950439036175,0.061719195808622444,0.03497988148465172,0.019079935355264574,0.03815987071052915,0.048725680901544034,0.02770273018463016,0.16853942897150376,0.019490272360617615,0.0985796660022003,0.015899946129387145,0.05540546036926032,0.06995976296930344,0.06995976296930344,0.1653594397456263,0.0985796660022003,0.018071489778570808,0.06995976296930344,0.019490272360617615,0.04313752837331434,0.047699838388161435,0.03497988148465172,0.02861990303289686,0.044519849162284006,0.009539967677632287,0.025439913807019432,0.029235408540926423,0.0,0.1430995151644843,0.03179989225877429,0.08903969832456801,0.03179989225877429,0.050879827614038864,0.08267971987281315,0.07949973064693573,0.1971593320044006,0.09291159957329242,0.08267971987281315,0.044519849162284006,0.06041979529167115,0.1430995151644843,0.06496757453539204,0.050879827614038864,0.13037955826097458,0.06995976296930344,0.044519849162284006,0.06041979529167115,0.019490272360617615,0.07457416676195454,0.0730019710933012,0.04222892344800483,0.03497988148465172,0.05197405962831363,0.061719195808622444,0.13037955826097458,0.10493964445395516,0.06041979529167115,0.02699152624855735,0.07618250800773294,0.05723980606579372,0.06041979529167115
21,0.011748503707469384,0.006334138449430796,0.059940318600565874,0.012401445227703286,0.0424912331174459,0.018602167841554926,0.028936705531307665,0.03642105695781077,0.04960578091081314,0.00490697437148139,0.03844444901102248,0.05508419223926618,0.0496075702650154,0.012668276898861592,0.021113794831435984,0.02423704458527712,0.01440557155784417,0.027011749332462632,0.01477965638200519,0.01800783288830842,0.023725359691963887,0.043137017621752524,0.2893450636092744,0.006200722613851643,0.018602167841554926,0.06879532980919813,0.016535260303604377,0.015756853777269868,0.03745725072270101,0.014468352765653832,0.0,0.004501958222077105,0.07284211391562154,0.02744793328086678,0.05463158543671615,0.07486550596883325,0.016535260303604377,0.014468352765653832,0.010116960266058548,0.03844444901102248,0.016535260303604377,0.03035088079817564,0.08295907418168008,0.034397664904599064,0.012401445227703286,0.8240595158994221,0.0424912331174459,0.028936705531307665,0.1719883245229953,0.014163744372481966,0.015423573826994531,0.056654977489927864,0.03035088079817564,0.056654977489927864,0.03844444901102248,0.0,0.03844444901102248,0.026869797993357116,0.010556897415717992,0.1092631708734323,0.018210528478905384,0.020233920532117096,0.06272515364956299,0.008093568212846838,0.024280704638540512,0.016535260303604377,0.002203367689570647,0.1477076198844548,0.022257312585328804,0.11330995497985573,0.012140352319270256,0.016187136425693676,0.0647485457027747,0.03035088079817564,0.06070176159635128,0.008445517932574394,0.004046784106423419,0.016187136425693676,0.016187136425693676,0.016187136425693676,0.02480289045540657,0.012140352319270256,0.034397664904599064,0.06272515364956299,0.016187136425693676,0.05260819338350445,0.033070520607208755,0.008627403524350504,0.0021113794831435985,0.010334537689752735,0.034397664904599064,0.018602167841554926,0.039271243221060396,0.13759065961839625,0.12342691524591427,0.13354387551197283,0.014720923114444168,0.02864377996441841,0.06070176159635128,0.06677193775598642
22,0.002433809777636663,0.010934788289485088,0.04924055765465046,0.017127150488574074,0.033533130588999746,0.036395194788219905,0.029972513355004633,0.0796411851488744,0.04495877003250695,0.02033049059061217,0.13832416367962397,0.025104625049043473,0.3998961553003835,0.01749566126317614,0.006560872973691053,0.0205401477673992,0.007460614088165816,0.006994663030431432,0.010934788289485088,0.016320880404340005,0.033510851002825436,0.03574490773634713,0.19700714221037352,0.017127150488574074,0.014986256677502316,0.14251580500324892,0.04709966384357871,0.006994663030431432,0.09357178427370749,0.11346737198680325,0.04066098118122434,0.02564709777824858,0.06916208183981198,0.01749566126317614,0.09431192978156179,0.012574923970874907,0.03853608859929167,0.05566323908786574,0.02934148926537478,0.033533130588999746,0.019268044299645834,0.010479103309062422,0.056587157868937074,0.02934148926537478,0.025690725732861113,0.013693431844932803,0.02934148926537478,0.02783161954393287,0.07544954382524943,0.025149847941749813,0.21681267087810271,0.15509072897412385,0.08592864713431185,0.20329460419581097,0.14251580500324892,0.004764116979951262,0.22425281081393583,0.09419932768715741,0.07216960271060158,0.025149847941749813,0.050299695883499626,0.041916413236249686,0.2011987835339985,0.03143730992718727,0.07754536448706192,0.029972513355004633,0.011411193204110668,0.1613781909595613,0.05239551654531211,0.16556983228318625,0.050299695883499626,0.02934148926537478,0.07544954382524943,0.05239551654531211,0.11527013639968664,0.019682618921073158,0.05449133720712459,0.03562895125081223,0.0398205925744372,0.09221610911974931,0.032113407166076385,0.03143730992718727,0.14251580500324892,0.15299490831231136,0.050299695883499626,0.19700714221037352,0.09634022149822917,0.06255358853860747,0.02624349189476421,0.040676982410363424,0.050299695883499626,0.07493128338751158,0.05352234527679398,0.2263486314757483,0.11736595706149912,0.03562895125081223,0.0025413113238265212,0.025104625049043473,0.09012028845793682,0.37305607780262223
23,0.0030630060123934062,0.005222382833104998,0.0020725880613070135,0.00455969373487543,0.00588396364806242,0.005250556421977768,0.004836038809716365,0.003922642432041613,0.00801400717038712,0.0016401534357871445,0.003584483601693198,0.0016938911576380518,0.00014418523983561902,0.0045166554232259435,0.003669782531371079,0.00648097486400646,0.0006420072301550854,0.000526671955129506,0.004304937200262228,0.002482882074181957,0.0019465007377808567,0.003388353136137047,0.025497175808270482,0.004421521197454962,0.002694364479699118,0.05282040930042241,0.004905125078426598,0.0013542993131901583,0.0012520065078194297,0.0020725880613070135,0.0005740537025255005,0.0003009554029311463,0.014608461471051524,0.0011291638558064859,0.016975573283490426,0.015961096792445183,0.003316140898091222,0.007806748364256417,0.0050047506891565405,0.01954558039413838,0.0067704543336029105,0.004869487157017175,0.004260801262390028,0.002975797707066051,0.0023489331361479485,0.0025040130156388594,0.003246324771344783,0.0029707095545400525,0.021845060440507602,0.003449220069553832,0.007070154397097956,0.00588396364806242,0.005748700115923053,0.009603710781894982,0.008183443694431641,0.013067663819685731,0.03111061239205417,0.003868831047773092,0.010091901961270468,0.0282024464510578,0.010618187272940227,0.0127147720211004,0.014473197938912158,0.014811356769260573,0.015284779131748354,0.0466332313794078,0.039401381275493814,0.9628734535340766,0.02292716869762253,0.24070145544200172,0.004057905964180979,0.005816331881992736,0.00838633899264069,0.014473197938912158,0.01859873566916282,0.0018348912656855395,0.00453132832666876,0.005342909519504955,0.00771002133194386,0.014608461471051524,0.004836038809716365,0.009400815483685935,0.006019227180201785,0.01156503199791579,0.006086858946271468,0.010618187272940227,0.0017962429864660783,0.0030999826564658086,0.003034627862479931,0.0028325370171195853,0.003516851835623515,0.0029016232858298193,0.003316140898091222,0.007236598969456079,0.008927393121198153,0.006086858946271468,0.00024602301536807167,0.0009574167412736814,0.0037197471338325638,0.00520764598736559
24,0.07104510124695872,0.0418257255800963,0.08188950226326744,0.02909232317247659,0.09282314996094077,0.04094475113163372,0.04094475113163372,0.03269906419078595,0.09050944986992718,0.010232161142373184,0.033753872713069365,0.05513429225132654,0.006746289292936205,0.03962437160219649,0.05833588041434484,0.0402020880999256,0.035045387394304885,0.051631855341930315,0.09355754406074172,0.05632566037301489,0.08882614235699336,0.06971165602700745,0.3807858765443138,0.11098182543574403,0.02909232317247659,0.15083761868652873,0.025859842819979193,0.03168318395982088,0.021823990682816756,0.03555728387747139,0.0063951007139832405,0.004693805031084575,0.04113753236905329,0.012107446878448929,0.13923472494141115,0.07067217099298899,0.05064219218912591,0.06572710050078044,0.06645293690385531,0.13396068232999406,0.04525472493496359,0.06012408577015481,0.05274042611417089,0.0653981283815719,0.030169816623309056,0.010337679797123725,0.016876936356534682,0.054952165992455775,0.16560493799849657,0.030589447146219115,0.04594524354277211,0.04008272384676988,0.049576000547320635,0.14661838459739507,0.07594621360440608,0.020380782529229313,0.27425021579368863,0.05602965944328824,0.06714129632594407,0.09809719257235786,0.0717269795152724,0.10231642666149152,0.12341259710715988,0.06328851133700507,0.07383659655983923,0.06249462014828304,0.014932204151400938,0.3385935356529771,0.10864527779519202,0.42508783448021736,0.049576000547320635,0.028479830101652278,0.04113753236905329,0.04535676645818696,0.11708374597345937,0.051731818480645425,0.07278178803755582,0.04852119202503721,0.06434331985928848,0.11813855449574279,0.0635721135991155,0.030589447146219115,0.03797310680220304,0.18775591696644836,0.044301957935903545,0.15505685277566242,0.025859842819979193,0.04160211730643993,0.05503384944749513,0.03232480352497399,0.04641157498047038,0.049564698738293445,0.02047237556581686,0.10970008631747544,0.05485004315873772,0.04008272384676988,0.011511181285169833,0.07121512749129678,0.09704238405007443,0.04641157498047038
25,0.003875074082103538,0.006964079951230883,0.11078267963734133,0.022156535927468267,0.028363931074888684,0.011930442422482914,0.027269582679960946,0.01334773227053585,0.013634791339980473,0.0,0.028363931074888684,0.012718107062518613,0.1885226107459144,0.02263325984150037,0.008705099939038603,0.012718107062518613,0.0,0.0055683968548669045,0.015669179890269485,0.00371226456991127,0.003557030391432347,0.026677727935742603,0.09009719282611699,0.010226093504985356,0.022156535927468267,0.1067818581642868,0.020452187009970712,0.0055683968548669045,0.010901234625015953,0.010226093504985356,0.016184945489172955,0.001856132284955635,0.2152321828623906,0.08879201937819375,0.048385529480692455,0.07007559442031322,0.013634791339980473,0.025565233762463384,0.01167926573671887,0.06340172828504528,0.013634791339980473,0.03670626374397359,0.04504859641305849,0.015016198804352832,0.006817395669990236,0.012718107062518613,0.6373542159180868,0.013634791339980473,0.06840712788649624,0.008342332669084906,0.009084362187513293,0.07007559442031322,0.04171166334542453,0.07341252748794717,0.06006479521741133,0.07964620621911349,0.1418196553744434,0.05453916535992189,0.03830243973176986,0.12179805696863964,0.03837473027779057,0.04171166334542453,0.1151241908333717,0.08175486015703208,0.058396328683594345,0.06306090994740968,0.029069959000042542,0.43380129879241514,0.08676025975848303,0.16517818684788116,0.030032397608705665,0.028363931074888684,0.06006479521741133,0.06673866135267925,0.10845032469810378,0.01915121986588493,0.03503779721015661,0.028363931074888684,0.04171166334542453,0.06507019481886227,0.02386088484496583,0.06507019481886227,0.08175486015703208,0.07674946055558114,0.03503779721015661,0.07508099402176416,0.03408697834995118,0.021342182348594082,0.03830243973176986,0.027269582679960946,0.020021598405803774,0.008521744587487796,0.05624351427741946,0.1768574525846,0.11679265736718869,0.1251349900362736,0.018208063675319575,0.014534979500021271,0.015016198804352832,0.07341252748794717
26,0.029016092288987792,0.010092812826937605,0.06998494908193292,0.035404150712036654,0.06367541841316632,0.043637674133440524,0.024700570264211616,0.027404610456299428,0.1226794989789177,0.008796116639618278,0.046749041366628434,0.03247531533767647,0.004295906304429821,0.026073099802922144,0.0698086220529851,0.05354038474589904,0.051646117583007016,0.08608101395863899,0.06308008016836002,0.0744242099850733,0.09450993869745605,0.10825683887163147,0.4932829882133897,0.013996989816386583,0.02387721792207123,0.09511011864245095,0.016467046842807746,0.0035867089149432914,0.0008777112253426071,0.004116761710701937,0.14562459770034705,0.12643148925175102,0.03224071818388168,0.008410677355781337,0.09108002886946574,0.02418053863791126,0.050224492870563624,0.05434125458126556,0.046749041366628434,0.045943023412031395,0.015643694500667358,0.02095646681952309,0.019344430910329006,0.04191293363904618,0.04034426476487898,0.007899401028083463,0.02901664636549351,0.02387721792207123,0.10397631614301842,0.012896287273552671,0.1729091113924936,0.049973113185016606,0.03707682591146393,0.11526056750737701,0.06770550818615152,0.0018322005759407478,0.2377752966061274,0.0716316537662137,0.08242463808665709,0.060451346594778146,0.060451346594778146,0.07254161591373377,0.12170871114415334,0.03465877204767281,0.06770550818615152,0.035404150712036654,0.00877711225342607,0.14750128569125867,0.08221383136889829,0.17893598592054333,0.045943023412031395,0.02418053863791126,0.024986556592508303,0.02095646681952309,0.09833419046083912,0.03700698036543788,0.05642125682179294,0.02821062841089647,0.03224071818388168,0.051585149094210685,0.046107731159861685,0.010478233409761546,0.03224071818388168,0.3304673613847872,0.09914020841543617,0.19344430910329008,0.09962563339898686,0.06615695708821924,0.05635153828373496,0.05516460692340595,0.041106915684449144,0.05351790223912517,0.015643694500667358,0.07657170568671899,0.051585149094210685,0.023374520683314217,0.12216828666136495,0.37302727077060804,0.06931754409534562,0.024986556592508303
27,0.002354423674158441,0.01480936370628906,0.08698460619084733,0.014497434365141221,0.016219672805335816,0.01242637231297819,0.0,0.006082377302000931,0.028994868730282442,0.0,0.0709610685233442,0.002207796490672571,0.012967117096367737,0.008462493546450891,0.02115623386612723,0.017662371925380567,0.0024057544943651282,0.00451100722358018,0.01480936370628906,0.01578852528253063,0.012967117096367737,0.012967117096367737,0.09326311863068094,0.018639558469467285,0.0020710620521630315,0.0527139366173414,0.014497434365141221,0.0067665108353702685,0.0,0.004142124104326063,0.3613875534081475,0.19171780700215763,0.006082377302000931,0.0,0.07704344582534513,0.09123565953001397,0.016568496417304252,0.047634427199749724,0.02838442740933768,0.0709610685233442,0.0393501789910976,0.05474139571800838,0.044604100214673495,0.01419221370466884,0.0020710620521630315,0.002207796490672571,0.006082377302000931,0.016568496417304252,0.04054918201333954,0.004054918201333954,0.035324743850761134,0.010137295503334885,0.022302050107336747,0.03446680471133861,0.04663155931534047,0.016130522884299933,0.16422418715402515,0.08698460619084733,0.1015499225574107,0.1155651687380177,0.03446680471133861,0.07704344582534513,0.2392401738787033,0.03649426381200559,0.15814180985202422,0.05177655130407579,0.011038982453362853,0.43387624754273313,0.08920820042934699,0.446041002146735,0.02838442740933768,0.03243934561067163,0.0628512321206763,0.016219672805335816,0.13583975974468748,0.016924987092901782,0.02027459100666977,0.006082377302000931,0.022302050107336747,0.03446680471133861,0.010355310260815157,0.022302050107336747,0.03041188651000466,0.2737069785900419,0.0709610685233442,0.23721271477803632,0.13461903339059703,0.015128303279095692,0.023271857252739954,0.018639558469467285,0.022302050107336747,0.008284248208652126,0.047634427199749724,0.13786721884535444,0.06690615032201025,0.05676885481867536,0.029501024768012044,0.0529871157761417,0.016219672805335816,0.05676885481867536
28,0.015736361884905993,0.07070141111244152,0.009228297154456921,0.050755634349513065,0.0587210642455126,0.05998393150396998,0.0922829715445692,0.08582309389728765,0.0461414857722846,0.01095429205174687,0.10389111366513769,0.019675124703496645,0.019259749633759444,0.028280564444976605,0.07070141111244152,0.0639441552863641,0.04287851700336021,0.025125342744814226,0.0424208466674649,0.06532589113651699,0.009629874816879722,0.05777924890127833,0.3432923755891506,0.06459808008119844,0.0461414857722846,0.20778222733027538,0.027684891463370765,0.040200548391702756,0.1770761223314698,0.20763668597528073,0.005477146025873435,0.015075205646888534,0.4562174991382133,0.12726254000239473,0.18519720262046283,0.10840811860710019,0.04152733719505614,0.0692122286584269,0.04517004941962508,0.19423121250438785,0.08766882296734074,0.07227207907140012,0.027102029651775047,0.06323806918747511,0.027684891463370765,0.009837562351748323,0.18971420756242532,0.03229904004059922,0.0587210642455126,0.009034009883925016,0.009837562351748323,0.07678908401336264,0.04517004941962508,0.16261217791065027,0.09034009883925016,0.030803503851207947,0.10840811860710019,0.009228297154456921,0.018853709629984405,0.07227207907140012,0.031619034593737556,0.04065304447766257,0.02258502470981254,0.02258502470981254,0.03613603953570006,0.06459808008119844,0.009837562351748323,0.12195913343298771,0.054204059303550094,0.09034009883925016,0.04065304447766257,0.054204059303550094,0.16261217791065027,0.1174421284910252,0.13551014825887522,0.032993991852472704,0.13551014825887522,0.04065304447766257,0.09485710378121266,0.20778222733027538,0.11073956585348306,0.10840811860710019,0.08582309389728765,0.054204059303550094,0.04065304447766257,0.04517004941962508,0.018456594308913842,0.033704561859079024,0.08012826592743372,0.0230707428861423,0.08582309389728765,0.018456594308913842,0.04152733719505614,0.04517004941962508,0.04968705436158759,0.01806801976785003,0.01095429205174687,0.08361927998986075,0.10389111366513769,0.04517004941962508
29,0.031696414099970725,0.0234848006214062,0.01858777334841365,0.012228798255535297,0.02585809473985774,0.017120317557749416,0.018098621418192237,0.032562045227969,0.03472978704572024,0.4023831176071415,0.03591402047202464,0.015121946491559065,0.004083502536276522,0.027482213493134913,0.054964426986269826,0.03024389298311813,0.030682852056382926,0.04421526982575221,0.021985770794507933,0.04368255573146604,0.045428965716076304,0.06380472712932066,0.32705701309857105,0.006848127023099766,0.012717950185756707,0.0526738966923028,0.02152268492974212,0.015981422828585137,0.021900750091223473,0.038643002487491536,0.015677264322356162,0.011186995980009596,0.1268962056678204,0.047469277851778485,0.07901084503845421,0.07374345536922393,0.030816571603948947,0.03228402739461318,0.027294655558738726,0.08475708831397814,0.0371755466968273,0.0263369483461514,0.011971340157341546,0.027294655558738726,0.02396844458084918,0.015121946491559065,0.03926599571608027,0.0205443810692993,0.10822091502236758,0.016759876220278164,0.050580303782111355,0.022506119495802106,0.025379241133564077,0.0727857481566366,0.032562045227969,0.006531039525151822,0.09577072125873237,0.02690335616217765,0.02948091992899927,0.0263369483461514,0.024421533920976755,0.033040898834262665,0.04070255653496126,0.01292904736992887,0.014844461795103518,0.01956607720885647,0.0036501250152039125,0.566483816245402,0.02059070507062746,0.3428591821062619,0.024900387527270418,0.0162810226139845,0.03112548440908802,0.0263369483461514,0.07709543061327956,0.019987064358643575,0.03112548440908802,0.024421533920976755,0.024900387527270418,0.045969946204191536,0.041577914068820006,0.018675290645452813,0.03112548440908802,0.10582664699089928,0.03351975244055633,0.07422230897551758,0.02592505230173483,0.021948826132486304,0.01598965148691486,0.03179487546439177,0.029688923590207035,0.04206706599904142,0.011739646325313885,0.05363160390489013,0.055068164723771115,0.023942680314683093,0.15735328264290815,0.32329678706091797,0.066560651274819,0.009577072125873236
30,0.0461724934651908,0.03660828714949426,0.18157518469567405,0.0334480603386768,0.07952081276106635,0.0501720905080152,0.04778294334096685,0.0467769486829802,0.08839844518078868,0.00850798865199461,0.10992582940500346,0.040750112537483146,0.012465565289402692,0.05369215448592492,0.12934928126154638,0.08659398914215169,0.09158303608101444,0.09627090225213683,0.10494375649521687,0.07025173948128904,0.05235537421549131,0.129641879009788,0.3976040638053317,0.026280618837531772,0.05972867917620857,0.20347972677096388,0.04778294334096685,0.04163066043335647,0.03820323050389045,0.01911317733638674,0.011343984869326147,0.0026019162770847793,0.06548772815617228,0.03416773467286131,0.1847689472977718,0.13565315118064258,0.08600929801374034,0.07406356217849863,0.05847118585372525,0.11226467683915248,0.0501720905080152,0.05613233841957624,0.04443810124883119,0.11460352427330149,0.03583720750572514,0.025468820335926966,0.05145464355127822,0.052561237675063543,0.15202508321968564,0.03274386407808614,0.05093764067185393,0.03508271151223515,0.05613233841957624,0.1169423717074505,0.05379349098542723,0.01329138386882369,0.19178548960021882,0.0334480603386768,0.041489392102760154,0.07718196532691733,0.02806616920978812,0.05145464355127822,0.05847118585372525,0.03742155894638416,0.02806616920978812,0.0501720905080152,0.017828174235148878,0.1894466421660698,0.04443810124883119,0.12162006657574852,0.05145464355127822,0.05613233841957624,0.07952081276106635,0.06081003328787426,0.15436393065383466,0.03172718219622835,0.04911579611712921,0.02104962690734109,0.09589274480010941,0.10524813453670545,0.06928526784440193,0.08653735506351337,0.05379349098542723,0.10992582940500346,0.06314888072202327,0.10758698197085446,0.026280618837531772,0.024931130578805385,0.029286629719595406,0.04778294334096685,0.06782657559032129,0.052561237675063543,0.031058913171628455,0.12863660887819556,0.09121504993181138,0.06081003328787426,0.29777960281981136,0.34128219250142133,0.07484311789276832,0.07484311789276832
31,0.03914696234169998,0.04634355593994538,0.04536742251804446,0.03771508618969961,0.07919298628454907,0.042087849805896665,0.04482082706601983,0.06635088040056815,0.059032308818660256,0.011030055053724074,0.050298248045591985,0.033212899929106886,0.006274191499700391,0.05806903394884722,0.08766190701893282,0.05710288057986797,0.07301667439295666,0.10893502043281894,0.07314464853172102,0.08571936034057884,0.07871258426896854,0.12890611626657167,0.5800351157598054,0.04919359068221689,0.03334232257350256,0.18192983335639654,0.03279572712147792,0.04405022684168635,0.018063156101794972,0.031155940765404025,0.012327708589456317,0.00714328002838157,0.21564036130184647,0.09380382407121474,0.13591228727213153,0.06367544167473879,0.045914017970069096,0.06777783605105438,0.05243859902625547,0.12788597109464345,0.04044806344982277,0.04441228284876739,0.02247368529696663,0.06956140687156338,0.036075299833625715,0.021559250831174645,0.057789476477914194,0.04919359068221689,0.1867456230628894,0.04280701961326977,0.07866213141104261,0.04120175637777215,0.04922807255526024,0.1305614098204728,0.07705263530388559,0.029800214371609176,0.1498245686464442,0.037168490737674975,0.030151229165747598,0.07651754755871971,0.03478070343578169,0.0615350906940753,0.06207017843924117,0.029429825984122967,0.03585087892611343,0.03388891802552719,0.0058268245489661195,0.1498245686464442,0.04708772157459675,0.11664912844616013,0.051368423535923725,0.04173684412293803,0.04815789706492849,0.039061405397108666,0.15089474413677595,0.044110131557297406,0.06795614363606577,0.04441228284876739,0.050833335790757855,0.1000614083460181,0.07870974509154702,0.037991229906776926,0.033175440200284075,0.13323684854630216,0.05511403775208483,0.1075526367783403,0.03771508618969961,0.050763913043030434,0.03461807793104354,0.05247316339436468,0.04013158088744041,0.0426344452579213,0.01913084082086212,0.1134386019751649,0.08186842501037844,0.04173684412293803,0.18815976268117537,0.28143562571506353,0.1134386019751649,0.026219299513127736
32,0.02720311289686605,0.043999207295146114,0.015952760312363583,0.022333864437309017,0.06559098023044689,0.055834661093272536,0.041477176812145314,0.2077047707297485,0.07178742140563613,0.018936450849846014,0.051535770181065414,0.061221542594830994,0.02164104675940354,0.019555203242287163,0.07985041323933924,0.027209574486591556,0.09080089194656753,0.09207932464620512,0.03422160567400253,0.12335154811095404,0.0516055730416546,0.11319932151072619,0.682458532397745,0.007976380156181791,0.0382866247496726,0.08901633031274934,0.031905520624727166,0.0277975319686657,0.04591615694612325,0.03988190078090895,0.0037872901699692024,0.006949382992166425,0.06246760021947323,0.019555203242287163,0.16553914058160404,0.024987040087789292,0.08614490568676333,0.06540631728069068,0.053097460186552245,0.05934422020849957,0.031905520624727166,0.015616900054868307,0.0406039401426576,0.06559098023044689,0.09571656187418148,0.02380837767576761,0.010931830038407815,0.041477176812145314,0.13274365046638062,0.017178590060355138,0.0731257314327148,0.09994816035115717,0.11087999038956498,0.29828279104798466,0.06715267023593371,0.0,0.11556506040602547,0.0191433123748363,0.022814403782668354,0.02342535008230246,0.015616900054868307,0.031233800109736615,0.03904225013717077,0.006246760021947323,0.012493520043894646,0.004785828093709075,0.0017005984054119722,0.010931830038407815,0.02342535008230246,0.04528901015911809,0.04528901015911809,0.04841239017009175,0.12493520043894646,0.034357180120710276,0.09526309033469667,0.027703204593240147,0.06402929022496005,0.026548730093276122,0.051535770181065414,0.08901633031274934,0.0685968693431634,0.015616900054868307,0.0765228102688547,0.07183774025239421,0.024987040087789292,0.06246760021947323,0.01754803634359994,0.03162922218682056,0.08799841459029223,0.05902521315574525,0.07339943025788104,0.0685968693431634,0.01754803634359994,0.06715267023593371,0.03591887012619711,0.010931830038407815,0.05112841729458424,0.12754488040589793,0.2233216707846168,0.04372732015363126
33,0.01832003360505239,0.03086606604923721,0.038273517283343765,0.023165549934655437,0.07197747866939826,0.034244725990360214,0.041295110753081433,0.04239769291485103,0.03122313252062255,0.00836903845589044,0.058173578650609556,0.03543191666775285,0.02102053887375595,0.05247231228370325,0.0874538538061721,0.07408491666893777,0.04796857640541183,0.07458888358786775,0.046299099073855814,0.06910440685346571,0.0441431316348875,0.09774550576296516,0.4239769291485103,0.03625912163685199,0.05035989116229443,0.08578137868818697,0.019136758641671883,0.0669106161597049,0.027916055556411332,0.05438868245527798,0.007173461533620379,0.004387581387521633,0.23762427889486276,0.12243539532864092,0.15775885735758524,0.04141170005636612,0.06748225415747454,0.06546785851098276,0.061131557226064275,0.07493545724485298,0.03122313252062255,0.04042570719788122,0.02957978575454723,0.12423510016909838,0.035251923813606104,0.012884333333728308,0.1656468002254645,0.034244725990360214,0.16268882165000978,0.0256358143206076,0.048316250001481154,0.04436967863182085,0.058173578650609556,0.14296896448031163,0.08183740725424733,0.008965242885154667,0.128179071603038,0.035251923813606104,0.022635115102773953,0.043383685773335935,0.0256358143206076,0.03746772862242649,0.05915957150909446,0.018733864311213246,0.02662180717909251,0.034244725990360214,0.007515861111341514,0.10845921443333985,0.03746772862242649,0.07986542153727752,0.04141170005636612,0.03352375718848686,0.064089535801519,0.04732765720727557,0.128179071603038,0.03806814812739256,0.05521560007515483,0.03253776433000195,0.03943971433939631,0.08183740725424733,0.05741027592501565,0.0256358143206076,0.04831365006576048,0.11733315015970401,0.045355671490305755,0.08775336440515678,0.02820153905088488,0.035734916085385114,0.046299099073855814,0.033237528167114325,0.06803350723545863,0.0533814846320321,0.025179945581147216,0.13409502875394744,0.09169733583909642,0.043383685773335935,0.39334480742685074,0.4219619166796021,0.1409969787633418,0.0256358143206076
34,0.014076635021393905,0.012648895176743167,0.11144224568180482,0.012382471742422756,0.024243556581713146,0.0,0.024764943484845512,0.07273066974513945,0.0,0.04409520289130228,0.060608891454282866,0.0,0.31011134767066084,0.012648895176743167,0.0,0.0,0.0,0.013485211468557553,0.0,0.0,0.0,0.0,0.09697422632685258,0.0,0.012382471742422756,0.08485244803599601,0.012382471742422756,0.09439648027990287,0.15839975995053124,0.37147415227268266,0.0,0.0,0.3151662355622709,0.17708453247440434,0.08485244803599601,0.024243556581713146,0.049529886969691024,0.012382471742422756,0.04848711316342629,0.060608891454282866,0.012382471742422756,0.036365334872569724,0.10909600461770916,0.024243556581713146,0.012382471742422756,0.03959993998763281,0.3757751270165538,0.0,0.012121778290856573,0.09697422632685258,0.013199979995877605,0.15758311778113546,0.07273066974513945,0.060608891454282866,0.036365334872569724,0.05510926658460562,0.12121778290856573,0.024764943484845512,0.025297790353486335,0.15758311778113546,0.024243556581713146,0.09697422632685258,0.036365334872569724,0.060608891454282866,0.036365334872569724,0.024764943484845512,0.0,0.254557344107988,0.08485244803599601,0.10909600461770916,0.060608891454282866,0.012121778290856573,0.254557344107988,0.07273066974513945,0.12121778290856573,0.05059558070697267,0.024243556581713146,0.036365334872569724,0.04848711316342629,0.1333395611994223,0.06191235871211378,0.060608891454282866,0.08485244803599601,0.09697422632685258,0.024243556581713146,0.036365334872569724,0.012382471742422756,0.0,0.0,0.049529886969691024,0.04848711316342629,0.024764943484845512,0.049529886969691024,0.16970489607199202,0.08485244803599601,0.07273066974513945,0.0,0.013199979995877605,0.012121778290856573,0.08485244803599601
35,0.0,0.0,0.13459744720966657,0.02427167080830053,0.021600608168112167,0.011032577640136603,0.011032577640136603,0.010800304084056083,0.07502152795292891,0.005238412917610078,0.028080790618545817,0.02822631355331176,0.19571539328055582,0.02253991303226896,0.02479390433549586,0.004704385592218627,0.002563097828427743,0.0048060402031303035,0.009015965212907583,0.0048060402031303035,0.0,0.013815204231568646,0.08856249348925987,0.0419237950325191,0.013239093168163926,0.09720273675650475,0.011032577640136603,0.0048060402031303035,0.28226313553311755,0.20741245963456817,0.15715238752830232,0.04085134172660757,0.03024085143535703,0.01126995651613448,0.05832164205390285,0.08640243267244867,0.019858639752245888,0.039717279504491776,0.00648018245043365,0.07992225022201502,0.026478186336327852,0.03240091225216825,0.03456097306897946,0.0259207298017346,0.004413031056054641,0.00705657838832794,0.036721033885790684,0.006619546584081963,0.08208231103882623,0.0021600608168112164,0.004704385592218627,0.11016310165737205,0.0388810947026019,0.04968139878665798,0.0518414596034692,0.022095650506609506,0.19224541269619827,0.0838475900650382,0.03155587824517654,0.15336431799359637,0.03456097306897946,0.036721033885790684,0.29376827108632547,0.04752133796984676,0.08856249348925987,0.07943455900898355,0.051748241514404894,0.5594557515541051,0.07560212858839258,0.15768443962721881,0.03456097306897946,0.05832164205390285,0.129603649008673,0.07560212858839258,0.11448322329099447,0.01577793912258827,0.01944054735130095,0.0129603649008673,0.03456097306897946,0.06696188532114772,0.011032577640136603,0.05832164205390285,0.12312346655823934,0.14472407472635151,0.028080790618545817,0.16632468289446367,0.09046713664912015,0.0046050680771895485,0.01577793912258827,0.004413031056054641,0.01944054735130095,0.019858639752245888,0.05957591925673766,0.1814451086121422,0.1166432841078057,0.10584298002374962,0.0,0.0023521927961093134,0.00648018245043365,0.0907225543060711
36,0.0036334981984196624,0.008706576586775667,0.09801668652515472,0.013850183965510993,0.05632029751865754,0.01598098149866653,0.00958858889919992,0.007300779307974125,0.050073742029155134,0.005058653420160952,0.09491013100366362,0.013628854754365162,0.007782323874424503,0.018501475246898293,0.026119729760327,0.015900330546759354,0.006187858708310127,0.012763074094537426,0.029384695980367876,0.030167266041633917,0.028905774390719584,0.03891161937212252,0.14184371226921158,0.02663496916444422,0.006392392599466613,0.06674998224433486,0.0074577913660443815,0.022045309799655556,0.0011357378961970967,0.004261595066311075,0.03414591058608643,0.022045309799655556,0.025031243341625573,0.010883220733469584,0.055277329046089806,0.06779295071690258,0.028765766697599754,0.03515815929706637,0.022945306396490107,0.07926560391514764,0.02450417163128868,0.025031243341625573,0.03441795959473516,0.03963280195757382,0.01598098149866653,0.0022714757923941935,0.058406234463793,0.056466134628621746,0.10742575267447642,0.012515621670812787,0.011357378961970966,0.020859369451354644,0.027117180286761036,0.06257810835406392,0.06674998224433486,0.06756850963305965,0.2930741407915327,0.10440907912462133,0.14692347990183938,0.18982026200732724,0.06570701377176713,0.1387148068515084,0.2690858659224749,0.08343747780541858,0.1783476088090822,0.1161284655569768,0.02157902002774484,0.42031629444479607,0.12828512212583104,0.33896475358451295,0.04171873890270929,0.026074211814193303,0.04380467584784475,0.022945306396490107,0.0844804462779863,0.02067811939359221,0.04693358126554795,0.01981640097878691,0.0292031172318965,0.05110545515581887,0.04048515312995521,0.0292031172318965,0.04276170737527702,0.2982889831543714,0.13141402754353426,0.3306210058039711,0.10014748405831027,0.05447626712097152,0.017413153173551334,0.06498932476124389,0.01981640097878691,0.028765766697599754,0.0340927605304886,0.10533981572934095,0.04693358126554795,0.03337499112216743,0.016440623615523096,0.026121971612533223,0.03128905417703196,0.04276170737527702
37,0.04962208411596139,0.05121124795406128,0.00734701697673251,0.04062468210663858,0.08080802270122306,0.04883605402181021,0.04192121451429726,0.0605002473626958,0.07865629939795982,0.011286194951150663,0.031730898966448845,0.08661356186411848,0.00992164934302158,0.04767943775033292,0.06357258366711055,0.06956727575256325,0.06325441764016908,0.0908384775125418,0.05827486836151801,0.09460380300528964,0.08072614692731195,0.08298106723254411,0.6405410804693807,0.08989291359766835,0.04710734414493198,0.21830858488916804,0.03803161729132123,0.08801448339298092,0.012439181757080845,0.02204105093019753,0.0015390265842478176,0.002353328432967404,0.08546188788296889,0.030903339282623187,0.13961595545237493,0.041461707982826494,0.06136920062917743,0.056183070998542715,0.06134640466846777,0.09307730363491662,0.037167262352882105,0.034269370883764756,0.02115393264429923,0.12565435990713741,0.057047425936981845,0.017046286111555235,0.027500112437589,0.06525879785215347,0.18488537131117527,0.050346359693432166,0.22620882380469237,0.06557719119732762,0.04865404508188823,0.18023150612942945,0.08842343845317079,0.01586840792636221,0.10280811265129426,0.025498470683954007,0.035759578312749694,0.06261564062712573,0.027077033784703015,0.06346179793289769,0.03723092145396664,0.020307775338527262,0.027077033784703015,0.023337583337856207,0.0018428417417897548,0.10026964073397836,0.07319260694927533,0.20857777587279042,0.08165418000699502,0.03892323606551058,0.04865404508188823,0.05457714622229201,0.1510390790802965,0.035318102037283645,0.06853874176752951,0.033423213577992786,0.041461707982826494,0.0799618653954511,0.07908847686717937,0.030884741660676875,0.041884786635712476,0.11423123627921584,0.04696173047034429,0.0935003822878026,0.02290540586863665,0.029313963968018303,0.04988681912766315,0.02290540586863665,0.07403876425504731,0.04408210186039506,0.02290540586863665,0.11126968570901395,0.08292341596565299,0.030038584354904908,0.02052035445663757,0.041924649625716924,0.13707748353505902,0.06557719119732762
38,0.0,0.010397477772532611,0.2493726595359518,0.030535427698279816,0.017437322194380156,0.0025446189748566514,0.010178475899426605,0.01992836822214875,0.030535427698279816,0.009061639090436358,0.027401506305454532,0.010850473237959955,0.14338891951754612,0.010397477772532611,0.007798108329399458,0.013563091547449942,0.0,0.0,0.015596216658798916,0.0027712338615950723,0.0026553503614360394,0.018587452530052277,0.06476719672198344,0.027990808723423164,0.012723094874283256,0.05231196658314047,0.012723094874283256,0.0,0.01627570985693993,0.025446189748566512,0.09363693726784238,0.03602604020073594,0.01992836822214875,0.010397477772532611,0.04732987452760328,0.057294058638677654,0.005089237949713303,0.01781233282399656,0.014946276166611563,0.07722242686082641,0.015267713849139908,0.044838828499834685,0.029892552333223125,0.009964184111074375,0.0025446189748566514,0.013563091547449942,0.08967765699966937,0.012723094874283256,0.06476719672198344,0.022419414249917342,0.0,0.01992836822214875,0.022419414249917342,0.044838828499834685,0.03736569041652891,0.05662523943470079,0.1967926361937189,0.08142780719541284,0.11437225549785873,0.18931949811041313,0.06974928877752062,0.10711497919404953,0.32383598360991717,0.0398567364442975,0.1569358997494214,0.07124933129598623,0.08409116759418965,0.6227615069421485,0.05978510466644625,0.2789971551100825,0.04982092055537188,0.04732987452760328,0.057294058638677654,0.0398567364442975,0.06227615069421484,0.012996847215665764,0.01245523013884297,0.022419414249917342,0.01992836822214875,0.054803012610909065,0.012723094874283256,0.0398567364442975,0.054803012610909065,0.15942694577719,0.042347782472066095,0.17686426797157015,0.12214171079311927,0.023898153252924357,0.041589911090130445,0.03562466564799312,0.027401506305454532,0.010178475899426605,0.03816928462284977,0.14946276166611563,0.054803012610909065,0.07473138083305782,0.006041092726957573,0.01627570985693993,0.004982092055537187,0.03238359836099172
39,0.0,0.0019188361107367634,0.04132523346315162,0.003756839405741056,0.0036777450656096684,0.001878419702870528,0.001878419702870528,0.007355490131219337,0.00939209851435264,0.0,0.00919436266402417,0.0,0.03920321656193593,0.0,0.0019188361107367634,0.0040048712434052215,0.0,0.0,0.0,0.0,0.003920321656193593,0.0019601608280967963,0.014710980262438673,0.005635259108611584,0.001878419702870528,0.016549852795243507,0.001878419702870528,0.0,0.018021920595323496,0.007513678811482112,0.03344618895002997,0.010228526035367261,0.0036777450656096684,0.0019188361107367634,0.012872107729633838,0.020227597860853177,0.001878419702870528,0.005635259108611584,0.0055166175984145025,0.029421960524877347,0.007513678811482112,0.00919436266402417,0.00919436266402417,0.0055166175984145025,0.001878419702870528,0.0020024356217026107,0.0018388725328048342,0.003756839405741056,0.04413294078731602,0.0018388725328048342,0.0020024356217026107,0.007355490131219337,0.0018388725328048342,0.012872107729633838,0.012872107729633838,0.010450087663900171,0.08458813650902237,0.03193313494879897,0.03262021388252498,0.0643605386481692,0.016549852795243507,0.029421960524877347,0.11217122450109489,0.023905342926462844,0.07355490131219336,0.6255137610558859,0.04205114805575483,0.7355490131219337,0.023905342926462844,0.06619941118097403,0.01838872532804834,0.007355490131219337,0.020227597860853177,0.02206647039365801,0.011033235196829005,0.0019188361107367634,0.011033235196829005,0.007355490131219337,0.0018388725328048342,0.012872107729633838,0.0,0.007355490131219337,0.01838872532804834,0.05700504851694986,0.014710980262438673,0.06252166611536436,0.03944681376028109,0.0019601608280967963,0.0019188361107367634,0.005635259108611584,0.0055166175984145025,0.007513678811482112,0.035689974354540036,0.06619941118097403,0.023905342926462844,0.020227597860853177,0.0,0.0,0.007355490131219337,0.007355490131219337
40,0.0,0.016096090373543807,0.0018537716157064608,0.010195743886385535,0.0009073716861590031,0.0009268858078532304,0.0018537716157064608,0.0009073716861590031,0.004634429039266152,0.0,0.0036294867446360125,0.0,0.0,0.000946828845502577,0.0066278019185180385,0.005928480699152373,0.0010766744992875906,0.009084879212729791,0.004734144227512884,0.004037724094546574,0.0029016602358296027,0.007737760628878941,0.021776920467816076,0.0037075432314129216,0.0018537716157064608,0.012703203606226045,0.007415086462825843,0.0,0.001976160233050791,0.004634429039266152,0.015403414882577642,0.013122603307276366,0.0036294867446360125,0.001893657691005154,0.006351601803113022,0.01451794697854405,0.0027806574235596914,0.005561314847119383,0.0027221150584770095,0.011795831920067041,0.004634429039266152,0.009981088547749034,0.0018147433723180062,0.0027221150584770095,0.0,0.0009880801165253956,0.0009073716861590031,0.0009268858078532304,0.0045368584307950155,0.0036294867446360125,0.0009880801165253956,0.0018147433723180062,0.0009073716861590031,0.005444230116954019,0.0009073716861590031,0.006187778757871435,0.03448012407404212,0.0037075432314129216,0.003787315382010308,0.0589791596003352,0.0045368584307950155,0.012703203606226045,0.008166345175431028,0.009073716861590031,0.0036294867446360125,0.005561314847119383,0.0009880801165253956,0.09708877041901334,0.9046495711005261,0.4019656569684384,0.0036294867446360125,0.0027221150584770095,0.009981088547749034,0.005444230116954019,0.01724006203702106,0.001893657691005154,0.0009073716861590031,0.0045368584307950155,0.006351601803113022,0.005444230116954019,0.005561314847119383,0.016332690350862055,0.0027221150584770095,0.009073716861590031,0.0045368584307950155,0.013610575292385046,0.0037075432314129216,0.0058033204716592054,0.0,0.0037075432314129216,0.0027221150584770095,0.0,0.0018537716157064608,0.0036294867446360125,0.006351601803113022,0.0027221150584770095,0.01320292704220941,0.03952320466101582,0.0027221150584770095,0.0027221150584770095
41,0.00665922707774635,0.009574090982570912,0.03046040429083374,0.016401756156602783,0.033259774782319874,0.01991641819016052,0.022259526212532348,0.033259774782319874,0.01523020214541687,0.0,0.012615776641569609,0.019982426557065978,0.06846197339399226,0.028722272947712738,0.02393522745642728,0.021231328216882603,0.010887057004818849,0.0089312196639113,0.010770852355392276,0.0102071081873272,0.013447887630962767,0.013447887630962767,0.08372288134859832,0.03514662033557739,0.008200878078301391,0.10207310191815411,0.03983283638032104,0.18755561294213732,0.05869837801138131,0.03514662033557739,0.0013906731196586892,0.0,0.09977932434695963,0.04428017079439048,0.11812954491651542,0.10321999070375135,0.029288850279647827,0.057406146548109736,0.05160999535187567,0.14336109819965465,0.06795013264878295,0.08372288134859832,0.01949710935515303,0.012615776641569609,0.024602634234904174,0.048707164732848314,0.04358177385269501,0.021087972201346436,0.06422577199344529,0.011468887855972372,0.029973639835598965,0.029819108425528165,0.033259774782319874,0.05619755049426462,0.029819108425528165,0.13426315071347436,0.23969975618982256,0.026945742257275997,0.06941215962363911,0.2064399814075027,0.03670044113911159,0.09633865799016791,0.0802822149918066,0.05963821685105633,0.04587555142388949,0.10661141501791808,0.012489016598166234,0.7317150452110373,0.08601665891979278,0.16973954026839108,0.028672219639930926,0.04587555142388949,0.09289799163337621,0.08372288134859832,0.1479486533420436,0.013164375101035006,0.025231553283139217,0.030965997211125404,0.0894573252765845,0.08831043649098726,0.04686216044743652,0.1261577664156961,0.033259774782319874,0.04243488506709777,0.021790886926347505,0.0401411074959033,0.009372432089487305,0.009780281913427467,0.015557897846677732,0.005857770055929565,0.012615776641569609,0.014058648134230958,0.028117296268461916,0.09175110284777897,0.09519176920457068,0.05619755049426462,0.0013906731196586892,0.004995606639266494,0.029819108425528165,0.029819108425528165
42,0.437671697031039,0.04369781247956162,0.0,0.05703654173462013,0.055835727128336406,0.042777406300965104,0.07129567716827516,0.08375359069250461,0.07129567716827516,0.01692606245023562,0.027917863564168203,0.04560163101472875,0.0,0.0,0.014565937493187207,0.10640380570103375,0.0331269448150521,0.07764502139861829,0.029131874986374415,0.09317402567834193,0.014879634554974703,0.07439817277487351,0.3210554309879343,0.042777406300965104,0.1283322189028953,0.11167145425667281,0.014259135433655033,0.046587012839170966,0.01520054367157625,0.014259135433655033,0.0,0.0,0.12563038603875692,0.05826374997274883,0.2931375674237661,0.06979465891042051,0.15685048977020538,0.11407308346924026,0.055835727128336406,0.18146611316709332,0.09981394803558523,0.11167145425667281,0.06979465891042051,0.08375359069250461,0.05703654173462013,0.0,0.027917863564168203,0.07129567716827516,0.06979465891042051,0.027917863564168203,0.0,0.13958931782084102,0.06979465891042051,0.13958931782084102,0.055835727128336406,0.0,0.15354824960292512,0.0,0.0,0.027917863564168203,0.055835727128336406,0.027917863564168203,0.055835727128336406,0.013958931782084101,0.013958931782084101,0.0,0.0,0.4327268852446072,0.027917863564168203,0.041876795346252306,0.041876795346252306,0.027917863564168203,0.09771252247458871,0.041876795346252306,0.055835727128336406,0.04369781247956162,0.027917863564168203,0.041876795346252306,0.12563038603875692,0.13958931782084102,0.05703654173462013,0.06979465891042051,0.06979465891042051,0.041876795346252306,0.027917863564168203,0.027917863564168203,0.0,0.0,0.04369781247956162,0.014259135433655033,0.08375359069250461,0.05703654173462013,0.042777406300965104,0.013958931782084101,0.027917863564168203,0.013958931782084101,0.01692606245023562,0.0,0.12563038603875692,0.041876795346252306
43,0.0035625253252060825,0.0048017877853484105,0.08461166079873704,0.013318502162764163,0.016872837965282775,0.013318502162764163,0.003917206518460048,0.006902524622161135,0.016452267377532203,0.0009299705787972791,0.0322117815700853,0.005010991222979555,0.053139674747406926,0.008803277606472086,0.03281221653321414,0.035076938560856884,0.0,0.0,0.016806257248719435,0.008532118524683219,0.0032701338306096567,0.03515393867905381,0.12424544319890043,0.02271979780706828,0.012535060859072154,0.07592777084377249,0.010968178251688134,0.005972482967278253,0.04426375580298607,0.035254858666140435,0.016739470418351027,0.011944965934556505,0.07516082366353236,0.02400893892674205,0.08052945392521324,0.07516082366353236,0.01566882607384019,0.02350323911076029,0.012271154883842018,0.07132608776233174,0.032904534755064406,0.04141514773296681,0.0076694718024012615,0.006902524622161135,0.010184736947996124,0.03340660815319703,0.04141514773296681,0.008617854340612106,0.0674913518611311,0.012271154883842018,0.01002198244595911,0.02530925694792416,0.01380504924432227,0.0322117815700853,0.03144483438984517,0.0392262030766158,0.10430481651265715,0.039955506488292485,0.04721757988925936,0.27226624898524476,0.03988125337248656,0.0498515667156082,0.12194460165818005,0.05675409133776933,0.07822861238449286,0.1135989890353414,0.06681321630639406,0.8352054792814974,0.05598714415752921,0.2086096330253143,0.005368630261680883,0.02377536258744391,0.03911430619224643,0.058287985698249584,0.06365661595993047,0.008803277606472086,0.009203366162881513,0.012271154883842018,0.020707573866483406,0.03604651747128593,0.013318502162764163,0.06519051032041072,0.04294904209344706,0.07132608776233174,0.026076204128164287,0.05522019697728908,0.02820388693291235,0.004087667288262071,0.008002979642247351,0.007834413036920096,0.012271154883842018,0.0031337652147680386,0.02350323911076029,0.06979219340185147,0.05598714415752921,0.05675409133776933,0.0018599411575945582,0.005010991222979555,0.011504207703601891,0.018406732325763026
44,0.024336868912162513,0.019681625118432636,0.08777221428972166,0.012844714286300733,0.0482014413413854,0.03211178571575183,0.02140785714383455,0.0670628749097536,0.08349064286095476,0.010164732038017687,0.041914296818596,0.0479245915561973,0.04244493472526415,0.026242166824576852,0.05904487535529791,0.0342318511115695,0.017407220580041165,0.05828591550187427,0.032802708530721064,0.04196585916134947,0.04244493472526415,0.055848598322715985,0.3164529409803998,0.03211178571575183,0.014985500000684188,0.2493900660706462,0.0192670714294511,0.05828591550187427,0.136927404446278,0.1048985000047893,0.19312990872233604,0.09792033804314877,0.0817328787962622,0.03936325023686527,0.0922114530009112,0.094307167841841,0.034252571430135284,0.07064592857465403,0.0922114530009112,0.1131686014102092,0.029971000001368375,0.0880200233190516,0.0482014413413854,0.0565843007051046,0.0192670714294511,0.06389945540826307,0.1194557459329986,0.03211178571575183,0.1173600310920688,0.0356271522958066,0.08443856607520477,0.0398185819776662,0.0461057265004556,0.1508914685469456,0.1320300349785774,0.08813171401232334,0.1655614724334542,0.034252571430135284,0.024055319589195448,0.1928057653655416,0.0502971561823152,0.0775414491144026,0.1320300349785774,0.020957148409298,0.0502971561823152,0.03211178571575183,0.004564246814875933,0.4317172572315388,0.2158586286157694,0.230528632502278,0.0544885858641748,0.0482014413413854,0.0712543045916132,0.0691585897506834,0.1026900272055602,0.03717640300148387,0.0293400077730172,0.0293400077730172,0.0482014413413854,0.0796371639553324,0.029971000001368375,0.0649671600688238,0.0356271522958066,0.1131686014102092,0.0775414491144026,0.1320300349785774,0.05137885714520293,0.026807327194903675,0.017494777883051232,0.027830214286984917,0.0565843007051046,0.006422357143150367,0.0428157142876691,0.1655614724334542,0.1508914685469456,0.1320300349785774,0.007623549028513265,0.0547709617785112,0.031435722613947,0.0670628749097536
45,0.008820243247858139,0.06340511470587902,0.02327610525070294,0.015517403500468626,0.053167481483768486,0.007758701750234313,0.06982831575210882,0.15190708995362423,0.007758701750234313,0.01841966800417101,0.053167481483768486,0.016541884371308085,0.41291276089533424,0.015851278676469755,0.007925639338234878,0.016541884371308085,0.018025081949206084,0.02534899396497371,0.03170255735293951,0.0,0.06477062916005243,0.04048164322503277,0.23545598942811757,0.10086312275304607,0.015517403500468626,0.15950244445130546,0.05431091225164019,0.008449664654991237,0.20677355464135105,0.124139228003749,0.0,0.016899329309982475,0.18988386244203032,0.03170255735293951,0.09114425397217454,0.1215256719628994,0.03103480700093725,0.02327610525070294,0.0607628359814497,0.13671638095826183,0.0620696140018745,0.0607628359814497,0.0607628359814497,0.03797677248840606,0.0620696140018745,0.008270942185654042,0.04557212698608727,0.007758701750234313,0.13671638095826183,0.03038141799072485,0.0,0.13671638095826183,0.03797677248840606,0.15190708995362423,0.07595354497681212,0.07769424691584323,0.0607628359814497,0.03103480700093725,0.0,0.09114425397217454,0.03038141799072485,0.022786063493043636,0.08354889947449333,0.015190708995362425,0.015190708995362425,0.02327610525070294,0.008270942185654042,0.35698166139101695,0.015190708995362425,0.10633496296753697,0.022786063493043636,0.03797677248840606,0.2582420529211612,0.1291210264605806,0.08354889947449333,0.03170255735293951,0.04557212698608727,0.0607628359814497,0.04557212698608727,0.1291210264605806,0.08534571925257745,0.06835819047913091,0.08354889947449333,0.1291210264605806,0.22786063493043637,0.03038141799072485,0.015517403500468626,0.024288985935019658,0.03170255735293951,0.02327610525070294,0.07595354497681212,0.10086312275304607,0.03103480700093725,0.1215256719628994,0.09114425397217454,0.04557212698608727,0.0,0.008270942185654042,0.13671638095826183,0.14431173545594303
