,가사,가창력,감동,감정,감탄,강력,걱정,관객,그날,기대,기도,기분,기억,기회,김준수,내용,넘버,노래,눈물,대박,대사,댄버스,드라큘라,레베카,루시,류정,마음,막심,매력,모차르트,목소리,몰입,무대,민영기,박수,박효신,별로,부인,분위기,사내,사람,사랑,사의,생각,선택,성량,세상,소름,소리,소화,순간,스위니,스토리,시작,시카고,실력,앙상블,어제,엄마,엘리,엘리자,여운,역할,연기,연기력,연출,열연,열정,영상,워낙,음악,음향,의상,이유,이해,인물,인상,인생,자리,장면,장치,재미,전달,조명,조합,죽음,집중,처음,최고,추천,친구,캐스팅,커튼,토드,페어,표정,표현,해적,후회,힐링
0,0.020255177988244354,0.046084032279067606,0.20393281474527836,0.03866897615937558,0.014731038536904984,0.008746554131287334,0.01979483303396607,0.0359069064337059,0.010795584182805048,0.05662242937622853,0.020715522942522633,0.03958966606793214,0.10726037434683941,0.03544656147942762,0.0,0.093450025718491,0.09529140553560411,0.7743002130960682,0.06813105323318555,0.014270693582626703,0.021175867896800912,0.0,0.0,0.0,0.0,0.0011288819862316584,0.06122587891901134,0.0008312104335591409,0.040050011022210424,0.0008312104335591409,0.07135346791313352,0.03314483670803621,0.2030121248367218,0.0,0.023017247713914037,0.0,0.023477592668192316,0.0038238416414231625,0.026700007348140282,0.0,0.08240174681581225,0.09759313030699551,0.0,0.19196384593404306,0.029001732119531685,0.029155204094920322,0.017032763308296388,0.01887414312540951,0.02531897248530544,0.014270693582626703,0.027160352302418565,0.0,0.17032763308296386,0.022556902759635757,0.0006670169227994568,0.01841379817113123,0.033485876012546226,0.010587933948400456,0.06019138909919034,0.0,0.003239180716354685,0.02577931743958372,0.040050011022210424,0.30751042945789153,0.024398282576748878,0.046494840382106356,0.02531897248530544,0.03084311193664481,0.013350003674070141,0.01880980909349698,0.10357761471261316,0.01288965871979186,0.006244720379897554,0.010587933948400456,0.01795345321685295,0.00644482935989593,0.023017247713914037,0.021636212851079195,0.022096557805357474,0.036367251387984176,0.013810348628348422,0.03958966606793214,0.01034539500142334,0.017493108262574667,0.015651728445461546,0.014748449151660702,0.022556902759635757,0.09114830094709958,0.13442072664925797,0.07595691745591632,0.0501776000163326,0.032684491753757934,0.09022761103854303,0.0,0.016112073399739826,0.013350003674070141,0.027620697256696844,0.0,0.020715522942522633,0.02690033394417408
1,0.017466014799975626,0.015471074614219439,0.19066048323609755,0.03566486938176841,0.015267495454524146,0.015633915345432726,0.022962313163604316,0.040306187999943746,0.41454427867738086,0.0715740186908092,0.018565274472701364,0.018687414436337556,0.03151211061813784,0.03261137029086358,0.0,0.06693270007263386,0.0804902360362513,0.7053582899990156,0.05471870370901454,0.014168235781798409,0.016366755127249884,0.0,0.0,0.001944530590258854,0.0,0.0,0.048978125418113465,0.00022053899186992302,0.032489230327227385,0.00044107798373984604,0.07120759879990063,0.032244950399955,0.16928598959976374,0.06829010634384992,0.017588154763611818,0.0,0.026260092181781533,0.00016909199456242838,0.01575605530906892,0.0,0.05569582341810409,0.08879575356351244,0.0,0.1503542952361538,0.012946836145436477,0.015595841344979272,0.0036641989090857954,0.008794077381805909,0.02381729290905767,0.012580416254527898,0.013923955854526023,0.0,0.1234835032361913,0.029802151127231134,0.000176974727187305,0.016733175018158464,0.08287631282568736,0.021252353672697614,0.03169074961299788,0.0,0.00042971407770384416,0.03456560970904267,0.02992429109086733,0.2812883362541529,0.02003095403633568,0.0448253666544829,0.0250386925454196,0.016000335236341305,0.013557535963617442,0.01671874192181778,0.08158949570897704,0.026748652036326304,0.0008921586353906007,0.014168235781798409,0.01722173487270324,0.004030618799994375,0.02027523396360807,0.01001547701816784,0.02467227265451102,0.051665204618109715,0.015878195272705113,0.046291046218117214,0.008733671153188393,0.005984858218173465,0.0250386925454196,0.0017391547855897089,0.023573012981785282,0.10870456763621193,0.17954574654520397,0.07682603712716551,0.040306187999943746,0.051543064654473524,0.06558916047263573,0.0,0.05997072214537085,0.012213996363619318,0.022107333418150965,0.0,0.020153093999971873,0.010960806091941664
2,0.035127221553510286,0.017941337394541165,0.0733539038323303,0.01446415005144541,0.00826522860082595,0.03202776082820055,0.04132614300412975,0.16633772559162222,0.0033038948560016514,0.11674635398666654,0.021696225077168115,0.0826522860082595,0.07645336455764003,0.06818813595681408,0.0,0.15084042196507358,0.14980726838997033,0.5599692377059581,0.0061989214506194615,0.013430996476342168,0.080585978858053,0.0,0.0,0.0,0.0,0.0,0.05992290735598813,0.0,0.07232075025722706,0.0,0.03925983585392326,0.0330609144033038,0.41016196931598775,0.0,0.0402929894290265,0.0,0.03719352870371677,0.0,0.05992290735598813,0.0022843958194907464,0.07645336455764003,0.06715498238171083,0.0,0.2582883937758109,0.04959137160495569,0.01371984624288442,0.007232075025722705,0.007232075025722705,0.0330609144033038,0.0165304572016519,0.03099460725309731,0.0,0.11054743253604707,0.06922128953191732,0.0014969880999891228,0.0330609144033038,0.01878811323785717,0.01136468932613568,0.06543311285067954,0.0,0.0018174257730021249,0.021696225077168115,0.03409406797840704,0.27068623667704983,0.017563610776755143,0.06715498238171083,0.0402929894290265,0.17150349346713845,0.03925983585392326,0.05487938497153768,0.14877411481486708,0.0330609144033038,0.02156160747935099,0.018596764351858384,0.02272937865227136,0.0051657678755162185,0.04545875730454272,0.015497303626548655,0.05165767875516218,0.10331535751032436,0.03202776082820055,0.05888975378088489,0.020052082970369537,0.018596764351858384,0.0051657678755162185,0.0,0.03616037512861353,0.17563610776755142,0.10951427896094383,0.20766386859575198,0.11571320041156329,0.03409406797840704,0.0898843610339822,0.0,0.007232075025722705,0.02582883937758109,0.02892830010289082,0.0,0.03409406797840704,0.02695200934918874
3,0.05227690672389423,0.0016687870190067334,0.09066776009925405,0.08658362676144982,0.01797018668633864,0.013886053348534405,0.022054320024142877,0.03675720004023813,0.005224217367547842,0.050643253388772534,0.02695528002950796,0.03430672003755559,0.07514805341559795,0.00898509334316932,0.0,0.1053706401153493,0.5766796272979582,0.18705330687143404,0.20338984022265097,0.016336533351216945,0.07514805341559795,0.0,0.0,0.0,0.0,0.0,0.19113744020923829,0.0,0.026138453361947114,0.0,0.05881152006438101,0.026138453361947114,0.2605677069519103,0.0,0.004084133337804236,0.0,0.016336533351216945,0.004523297578212711,0.07024709341023287,0.0,0.214008586900942,0.10373698678022761,0.0,0.21645906690362454,0.003267306670243389,0.0066751480760269336,0.17888504019582557,0.004900960005365084,0.05227690672389423,0.010618746678291015,0.02695528002950796,0.0,0.041658160045603215,0.044108640048285755,0.0,0.00898509334316932,0.0,0.007351440008047626,0.0016687870190067334,0.0,0.0,0.05227690672389423,0.03185624003487304,0.3504186403836035,0.008168266675608472,0.107004293450471,0.03594037337267728,0.005717786672925931,0.03594037337267728,0.0008343935095033667,0.06616296007242864,0.004900960005365084,0.049436095064835484,0.01797018668633864,0.05554421339413762,0.08249949342364558,0.04900960005365084,0.04247498671316406,0.01797018668633864,0.06943026674267203,0.0016336533351216946,0.0155197066836561,0.0125159026425505,0.11762304012876201,0.006534613340486778,0.008723115466841265,0.037574026707798976,0.12660813347193134,0.23687973359264572,0.0914845867668149,0.020420666689021184,0.013069226680973557,0.025321626694386267,0.0,0.12579130680437048,0.022054320024142877,0.06697978673998949,0.0,0.011435573345851862,0.011932850532891325
4,0.009694508343907862,0.010228451148220767,0.04637889203024466,0.04410318584622873,0.014701061948742909,0.006417491438924923,0.010240677828071686,0.02116406751134815,0.0021832264252843623,0.029766236886928366,0.007009175046769065,0.009648994220227544,0.015838915040750873,0.01037722019911264,0.4462918390793118,0.02089098276926624,0.12539141073927776,0.12753057455225272,0.031768858328862386,0.01365423710409558,0.01429143483562004,0.0,0.7913073391233443,0.0013042945623258839,0.06437581779328198,0.11228178848819652,0.032087457194624615,0.00024654434110194987,0.033771479770796406,0.0022188990699175486,0.05739330996088176,0.02630716348722415,0.19507353409384554,0.0,0.009648994220227544,0.0,0.006736090304687153,0.0005040822823094788,0.009011796488703084,0.0,0.03140474533941984,0.09098273323695688,0.0012486551403089493,0.06567688047069975,0.0077374010256541625,0.016644479595741068,0.007191231541490339,0.016476112772275335,0.012197785146325385,0.010013107209670092,0.01338115236201367,0.00043368328972549915,0.039187660488754314,0.015247231432906731,6.594769952188512e-05,0.008602169375580216,0.011535843402317553,0.011606101538481243,0.003719436781171188,0.00019499137205310923,0.009767823773229505,0.012926011125210484,0.010604790817514234,0.16421495823858953,0.012470869888407296,0.03094960410261665,0.016203028030193422,0.006645062057326516,0.01624854215387374,0.0058116199705799815,0.02444108441633109,0.016339570401234377,0.007551436360500024,0.008920768241342447,0.016749197514357245,0.004961039481154728,0.015747886793390238,0.008010485767736074,0.012425355764726979,0.028127728434436897,0.023849400808486947,0.00882973999398181,0.008043282039282694,0.013927321846177492,0.012834982877849847,0.004752564954686201,0.015747886793390238,0.054525920169021684,0.1315813315598011,0.02871941204228104,0.011150960301678057,0.019161446069414133,0.01401835009353813,0.0021617314907966933,0.02407697142688854,0.015247231432906731,0.024577626787372044,0.0,0.012971525248890801,0.002137198969952837
5,0.00699757753077007,0.005718455095357132,0.2813026167369568,0.09516705441847295,0.009796608543078098,0.012595639555386125,0.02519127911077225,0.026590794616926264,0.005967298819332166,0.037786918666158374,0.03918643417231239,0.0503825582215445,0.38626627969850785,0.02519127911077225,0.0,0.1721404072569437,0.22532199649079623,0.11895881802309118,0.2505132756015685,0.008397093036924083,0.02799031012308028,0.0,0.0,0.0,0.0,0.0,0.2533123066138765,0.0,0.034987887653850344,0.0,0.026590794616926264,0.037786918666158374,0.20432926389848602,0.0,0.009796608543078098,0.0,0.022392248098464223,0.0,0.030789341135388306,0.0,0.18613556231848385,0.12455688004770724,0.0,0.3120919578723451,0.002799031012308028,0.008577682643035697,0.03638740316000436,0.008397093036924083,0.012595639555386125,0.009796608543078098,0.06437771328308464,0.0,0.10916220948001308,0.044784496196928446,0.0,0.005598062024616056,0.0,0.005598062024616056,0.021444206607589243,0.0,0.0,0.01819370158000218,0.020992732592310208,0.39886191925389397,0.009796608543078098,0.08956899239385689,0.05458110474000654,0.001399515506154014,0.02799031012308028,0.004288841321517849,0.019593217086156196,0.001399515506154014,0.011682988756804171,0.019593217086156196,0.06577722878923865,0.015394670567694153,0.03218885664154232,0.05178207372769852,0.01399515506154014,0.08956899239385689,0.008397093036924083,0.040585949678466404,0.011436910190714264,0.026590794616926264,0.00699757753077007,0.0033212908884387294,0.015394670567694153,0.13435348859078533,0.20712829491079407,0.11895881802309118,0.047583527209236476,0.020992732592310208,0.040585949678466404,0.0,0.04898304271539049,0.00699757753077007,0.044784496196928446,0.0,0.012595639555386125,0.20445230324407299
6,0.07641979440544662,0.00253452253853487,0.053344986354451375,0.1230656429386413,0.009428416192879778,0.013646391858115468,0.01290204321130917,0.02505973777581204,0.005025147682228701,0.03523250261549812,0.017864367523351157,0.02183422697298475,0.03696931612471281,0.007939718899267182,0.0,0.09850213759403346,0.6686732010476579,0.217101688651837,0.0831189322267033,0.015135089151728065,0.06500644848775004,0.0,0.0,0.0,0.0,0.0,0.0883293727543474,0.0,0.03027017830345613,0.0,0.04590149988638839,0.028037132363037235,0.10817867000251535,0.0,0.00868406754607348,0.0,0.032999456675079225,0.0006869899831378094,0.018856832385759557,0.0,0.09726155651602297,0.11686273754858882,0.0004254333091492858,0.1319978267003169,0.006947254036858784,0.01013809015413948,0.019601181032565855,0.0032255108028272925,0.02952582965664983,0.0052104405276440875,0.03572873504670231,0.0014185116343974368,0.03622496747790652,0.02009741346377005,0.0,0.001240581078010497,0.0011280112819662333,0.011909578348900772,0.003294879300095331,0.0,0.0,0.024811621560209943,0.016375670229738563,0.40939175574346404,0.006947254036858784,0.04466091880837789,0.03969859449633591,0.007691602683665082,0.006451021605654585,0.004562140569362766,0.05855542688209546,0.010917113486492375,0.003624678078162695,0.011413345917696573,0.08212646736429491,0.03622496747790652,0.035480618831100215,0.04590149988638839,0.02952582965664983,0.03969859449633591,0.0019849297248167954,0.03151075938146663,0.006082854092483689,0.03696931612471281,0.02208234318858685,0.0008832336503556381,0.03796178098712121,0.0853519781671222,0.3421522613152951,0.14291494018680925,0.02505973777581204,0.015135089151728065,0.02580408642261834,0.0013093875367656122,0.2094100859681719,0.010172764839686077,0.03969859449633591,0.0,0.011413345917696573,0.015016523466674023
7,0.03928890255342927,0.01767800877288144,0.19176726246316667,0.035079377279847564,0.014499475942336993,0.017305826124724796,0.02432170158069431,0.0402243526142252,0.007478628343325611,0.07156192965088902,0.023386251519898375,0.042095252735817074,0.028998951884673985,0.01824127618552073,0.0,0.1276889332986451,0.4532255544556305,0.2717482426612191,0.0790455301372565,0.01496720097273496,0.04677250303979675,0.0,0.0009433706369718454,0.004467852792953135,0.0011062823961362623,0.0,0.06875557946850122,0.0008445360847129841,0.06407832916452154,0.0,0.08419050547163415,0.022918526489500407,0.16744556088247237,0.0,0.015902651033530894,0.0,0.02057990133751057,0.0032376200197806846,0.02245080145910244,0.0,0.27689321799559674,0.20205721313192196,0.004811917841918121,0.22965298992540203,0.012160850790347155,0.02723368919065519,0.09307728104919553,0.015902651033530894,0.01637037606392886,0.021983076428704472,0.019644451276714634,0.0017826952468177652,0.12067305784267561,0.03367620218865366,0.002710841142868189,0.014031750911939025,0.10844738463867078,0.012628575820745122,0.008600112375996378,0.0010019125718147132,0.00082277750898604,0.01309630085114309,0.04724022807019471,0.3451810724337,0.013564025881541058,0.06267515407332765,0.025724876671888212,0.0070158754559695126,0.014499475942336993,0.006211192271552939,0.04490160291820488,0.024789426611092277,0.010249346219738657,0.053320653465368295,0.04303070279661301,0.017773551155122764,0.03835345249263333,0.0402243526142252,0.0374180024318374,0.04536932794860284,0.0060804253951735774,0.04630477800939878,0.020544712898213566,0.014499475942336993,0.01637037606392886,0.0005549959521436496,0.017305826124724796,0.1253503081466553,0.4476128540908549,0.12441485808585935,0.04303070279661301,0.0416275277054191,0.0187090012159187,0.00164555501797208,0.06267515407332765,0.01637037606392886,0.04630477800939878,0.0,0.025724876671888212,0.05417511573290433
8,0.009156494829535948,0.027767954600382526,0.08196334607827664,0.014847510713171138,0.0137665356291287,0.013194254702282703,0.014402403325624251,0.022573303225592093,0.0029484658333026976,0.04705420954067084,0.006136123271182076,0.012939907623684481,0.01704125426608079,0.01627821303028613,0.0004859738112287042,0.026388509404565406,0.08746360165296317,0.17289242667714058,0.011191271458321715,0.019807278745836442,0.010873337610073938,0.4564862580538209,0.0007053768372185231,0.6674823190991549,0.0004511940947266878,0.09737878707370243,0.021619501680848766,0.3130974272419662,0.026960790331411404,0.00396107856246712,0.06320524903165786,0.021333361217425767,0.1651984275495444,0.07336544326369414,0.018217609504597564,0.0003523604960115368,0.009633395601907612,0.18107826086205067,0.013130667932633148,7.029804390303218e-05,0.0373254337842889,0.04346155705547097,0.0004361170794819222,0.07967422237089265,0.013448601780880923,0.040596424854360415,0.0023209170922087645,0.0770671648152609,0.018948857355567447,0.012908114238859705,0.01230403992718893,0.0023629681764166174,0.041363193657035655,0.02263688999524165,0.0006910054790689376,0.01004670960462972,0.02898073786022598,0.013480395165705702,0.011334521819337428,0.0012258814858142602,0.009228104643251083,0.014338816555974696,0.027215137410009624,0.17886958302419875,0.018599130122494895,0.03201593851855104,0.014752130558696805,0.00715351158557496,0.014497783480098584,0.011724247497939289,0.0256890549384203,0.018185816119772786,0.004511925626304369,0.010618990531475718,0.007821172666895288,0.00740785866417318,0.021587708296023987,0.00858421390268995,0.02063390675128066,0.025752641708069852,0.017645328577751567,0.010873337610073938,0.010295253343065802,0.004323900336169753,0.01971189859136211,0.0028294187935083374,0.015133651176594137,0.07455548741410346,0.20672058813070393,0.04648192861382485,0.01691408072678168,0.05032892817762294,0.024671666624027415,0.002237116277151778,0.014974684252470248,0.02250971645594254,0.024290146006130085,0.0,0.016850493957132128,0.002985833135054362
9,0.0969544210361929,0.04041268696872106,0.17496372531818716,0.04569116393659665,0.017830698121598692,0.004457674530399673,0.05293488504849612,0.10586977009699224,0.007127540525253135,0.0913823278731933,0.02674604718239804,0.026188837866098078,0.056835350262595834,0.03231814034539763,0.0014195255637130583,0.1894511675419861,0.26801768114028035,0.44353861577476744,0.055163722313695956,0.016716279488998773,0.15044651540098897,0.0,0.0,0.004435528423562672,0.0,0.0,0.08190976949609399,0.0,0.06017860616039559,0.0020122223262379895,0.06017860616039559,0.03844744282469718,0.2574307041305811,0.0,0.027303256498697998,0.0,0.035661396243197384,0.000771407096227491,0.03176093102909767,0.0,0.1459888408705893,0.31426605439317695,0.0,0.31705210097467673,0.022288372651998366,0.01992174709725686,0.028417675131297917,0.011701395642299143,0.054606512997395995,0.021173954019398446,0.050148838466996325,0.0,0.08079535086349407,0.059064187527795665,0.0064589484917245395,0.04457674530399673,0.07156408387657105,0.02061674470309849,0.011383855484146777,0.0,0.0,0.01838790743789865,0.054049303681096034,0.2741469836195799,0.011144186325999183,0.08803907197539354,0.042905117355096854,0.06463628069079526,0.0245172099171982,0.04781219303341647,0.1158995377903915,0.11645674710669146,0.015117430270621332,0.03398976829429751,0.1008548862502926,0.030646512396497752,0.04234790803879689,0.028417675131297917,0.030089303080197794,0.08581023471019371,0.00612930247929955,0.036218605559497345,0.11383855484146778,0.015601860856398855,0.007243721111899469,0.019174125722162757,0.06017860616039559,0.16381953899218799,0.23012744763188311,0.0791237229145942,0.05850697821149571,0.07410883906789456,0.047920001201796486,0.0,0.010029767693399264,0.01950232607049857,0.05962139684409563,0.0,0.028974884447597875,0.016861749148000718
10,0.02654058304555019,0.0031895729730837437,0.3106809427096758,0.05308116609110038,0.010928475371697137,0.009367264604311832,0.018734529208623663,0.037469058417247326,0.0033283701137934254,0.018734529208623663,0.028101793812935497,0.043713901486788546,0.057764798393256295,0.018734529208623663,0.0,0.08742780297357709,0.45587354407650915,0.11396838601912729,0.25447735508380476,0.0015612107673853054,0.043713901486788546,0.0,0.0,0.0,0.0,0.0,0.2013961889927044,0.0,0.02341816151077958,0.0,0.031224215347706107,0.018734529208623663,0.1467538121342187,0.0,0.004683632302155916,0.0,0.010928475371697137,0.0,0.010928475371697137,0.0,0.1998349782253191,0.3153645750118317,0.0,0.2685282519902725,0.24198766894472232,0.0,0.05620358762587099,0.0015612107673853054,0.010928475371697137,0.007806053836926527,0.043713901486788546,0.0,0.08586659220619179,0.043713901486788546,0.0,0.007806053836926527,0.001774433963197692,0.009367264604311832,0.03668008919046305,0.0,0.0,0.02654058304555019,0.007806053836926527,0.3028748888727492,0.014050896906467748,0.07962174913665057,0.02654058304555019,0.006244843069541222,0.021856950743394273,0.0047843594596256155,0.039030269184632635,0.007806053836926527,0.0065164007694663234,0.014050896906467748,0.014050896906467748,0.009367264604311832,0.015612107673853053,0.09211143527573301,0.021856950743394273,0.09679506757788893,0.009367264604311832,0.06869327376495343,0.0,0.09055022450834771,0.009367264604311832,0.0,0.024979372278164887,0.11240717525174199,0.2092022428296309,0.10772354294958607,0.04995874455632977,0.010928475371697137,0.02341816151077958,0.0,0.06400964146279751,0.009367264604311832,0.018734529208623663,0.0,0.10460112141481545,0.15639361846719177
11,0.018979789706726546,0.05570974508532534,0.27412582348575937,0.07399715480597185,0.02522630277476313,0.00961002010467167,0.031713066345416506,0.048530601528591934,0.004865841813076711,0.08793168395774578,0.02066154322504409,0.022823797748595213,0.048530601528591934,0.031713066345416506,0.0,0.08240592239755956,0.19412240611436773,0.35172673583098313,0.13718303699418807,0.022583547245978424,0.0261873047852303,0.003843140187318022,0.00726854203719542,0.046663910325618965,0.001136500655018187,0.0005891548545642311,0.0814449203870924,0.001735209412741265,0.040602334942237805,0.01648448942104202,0.09778195456503423,0.06270538118298265,0.4242823876212542,0.19559941171532472,0.029550811821865385,0.0,0.024986052272146342,0.005654295310360155,0.01105152312037242,0.0005312155492018745,0.07111414877457035,0.07495815681643903,0.0004119463377474471,0.2123814443132439,0.023064048251212006,0.03803969378072875,0.01633703417794184,0.03579732488990197,0.03411557137158443,0.021382294732894463,0.02234329674336163,0.0,0.10715172416708911,0.03651807639775234,0.0010443330558996592,0.0319533168480333,0.08819929846570704,0.017057785685792214,0.040739284952264344,0.0030878398629009527,0.035500575267972546,0.0348363228794348,0.04588784599980722,0.43461315923377625,0.04444634298410647,0.0437255914762561,0.09682095255456707,0.028589809811398217,0.00816851708897092,0.017670051304596587,0.051653858062610226,0.038199829916069884,0.1990540711576292,0.012973527141306753,0.03339481986373405,0.03988158343438743,0.043485340973639305,0.02090179372766088,0.04228408846055535,0.07159464977980394,0.03844008041868668,0.030511813832332552,0.025277990060742335,0.013934529151773921,0.03411557137158443,0.006841868933429283,0.04612809650242401,0.1367025359889545,0.27412582348575937,0.07351665380073827,0.031232565340182927,0.07303615279550468,0.03651807639775234,0.0012678776881418765,0.014655280659624296,0.03459607237681801,0.05766012062803002,0.0,0.017538286691025796,0.005766049920183213
12,0.01606784344811464,0.013335888951749088,0.2992635842211352,0.11850034542984547,0.0200848043101433,0.019080564094636137,0.036152647758257946,0.059250172714922736,0.004281911437187257,0.05322473142187975,0.0401696086202866,0.02811872603420062,0.04920777055985109,0.02811872603420062,0.0,0.0803392172405732,0.33139927111736445,0.200848043101433,0.22193708762708347,0.01205088258608598,0.05824593249941557,0.004589775954561462,0.0,0.014389215329673246,0.0,0.0,0.11147066392129532,0.0,0.043182329266808095,0.0,0.06025441293042991,0.051216250990865415,0.24302613215273394,0.0,0.019080564094636137,0.0,0.019080564094636137,0.07646550465753939,0.01405936301710031,0.0,0.1606784344811464,0.18076323879128972,0.0017219238856567103,0.3012720646521495,0.01606784344811464,0.046162692525285313,0.033139927111736446,0.025106005387679126,0.09640706068868785,0.017072083663621805,0.038161128189272274,0.007655156951188263,0.09239009982665919,0.05322473142187975,0.0,0.01004240215507165,0.033100450946216046,0.009038161939564486,0.030775128350190206,0.0,0.0,0.019080564094636137,0.044186569482315266,0.36554343844460807,0.018076323879128973,0.12653426715390279,0.059250172714922736,0.046195049913329594,0.01405936301710031,0.005129188058365034,0.029122966249707786,0.011046642370578817,0.005239548568464408,0.021089044525650465,0.03715688797376511,0.09439858025767352,0.04117384883579377,0.04820353034434392,0.05021201077535825,0.09038161939564486,0.009038161939564486,0.023097524956664797,0.01641340178676811,0.08435617810260186,0.019080564094636137,0.00834132135024894,0.035148407542750774,0.14762331167955325,0.40872576771141617,0.11147066392129532,0.038161128189272274,0.021089044525650465,0.0401696086202866,0.007066256533122071,0.06025441293042991,0.023097524956664797,0.05322473142187975,0.0,0.04117384883579377,0.005239548568464408
13,0.025996651857500275,0.036514144132682724,0.22990788986476807,0.021122279634218973,0.020309884263672088,0.01787269815203144,0.02518425648695339,0.0788023509430477,0.004329896591158101,0.06336683890265692,0.020309884263672088,0.06499162964375069,0.042244559268437946,0.052805699085547435,0.0,0.07636516483140705,0.08448911853687589,0.5329313630787557,0.06742881575539134,0.01624790741093767,0.024371861116406508,0.001856484474409366,0.0,0.0025867498276296824,0.0,0.0,0.05686767593828185,0.0,0.04793132686226613,0.0,0.07067839723757888,0.03493300093351599,0.28433837969140924,0.04980496098551672,0.042244559268437946,0.0,0.017060302781484554,0.0022493793102514,0.024371861116406508,0.0,0.04549414075062548,0.06661642038484446,0.0,0.19578728430179895,0.030871024080781576,0.029045341923724897,0.008123953705468836,0.023559465745859622,0.06742881575539134,0.01787269815203144,0.028433837969140924,0.0,0.05605528056773497,0.04386935000953171,0.010594084058278243,0.028433837969140924,0.04616743514577597,0.020309884263672088,0.3601622398541887,0.0,0.0014290888788261447,0.02274707037531274,0.040619768527344176,0.3022110778434407,0.03655779167460976,0.02274707037531274,0.03249581482187534,0.07798995557250082,0.005686767593828185,0.036514144132682724,0.14541877132789216,0.07311558334921953,0.006781779793395523,0.03493300093351599,0.027621442598594042,0.005686767593828185,0.02274707037531274,0.042244559268437946,0.03168341945132846,0.03574539630406288,0.019497488893125206,0.055242885197188084,0.01659733824212851,0.0048743722232813015,0.01624790741093767,0.0,0.021122279634218973,0.1478559574395328,0.3273953343303941,0.09180067687179784,0.07555276946086018,0.059304862049922503,0.20066165652508025,0.0,0.00893634907601572,0.03330821019242223,0.017060302781484554,0.0,0.023559465745859622,0.04577701360541978
14,0.018442811752297932,0.0026913495209563497,0.2252657721173533,0.02371218653866877,0.006586718482963547,0.03293359241481773,0.009221405876148966,0.036885623504595864,0.015446563106736285,0.05401109156030108,0.028981561325039606,0.04347234198755941,0.04742437307733754,0.026346873931854187,0.0,0.16466796207408865,0.3293359241481773,0.2252657721173533,0.15017718141156886,0.0013173436965927094,0.06850187222282088,0.0,0.0,0.0,0.0,0.0,0.18574546121957203,0.0,0.03952031089778128,0.0,0.009221405876148966,0.030298905021632315,0.10538749572741675,0.0,0.005269374786370838,0.0,0.013173436965927094,0.0,0.01976015544889064,0.0,0.13832108814223448,0.08035796549215526,0.0022587878295998276,0.35831748547321696,0.01712546805570522,0.0026913495209563497,0.11856093269334383,0.002634687393185419,0.04478968568415212,0.005269374786370838,0.09221405876148965,0.0,0.061915153739857336,0.03556827980800315,0.0,0.007904062179556255,0.001497260616741312,0.011856093269334384,0.0161480971257381,0.0,0.0,0.01976015544889064,0.01580812435911251,0.2595167082287637,0.010538749572741675,0.03952031089778128,0.027664217628446897,0.07508859070578443,0.002634687393185419,0.00807404856286905,0.03161624871822502,0.005269374786370838,0.0,0.011856093269334384,0.011856093269334384,0.07772327809896985,0.0421549982909667,0.03556827980800315,0.01580812435911251,0.050059060470522956,0.0013173436965927094,0.06323249743645004,0.0161480971257381,0.005269374786370838,0.005269374786370838,0.015631415290492924,0.03952031089778128,0.10407015203082404,0.12383030747971467,0.5849006012871629,0.06059781004326463,0.03293359241481773,0.03293359241481773,0.0,0.02107749914548335,0.006586718482963547,0.03161624871822502,0.0,0.025029530235261478,0.13608822493551312
15,0.03622098162791602,0.019485517948661053,0.11533378016073106,0.026242294147470355,0.009537640519983974,0.007001620497329276,0.014554549695235659,0.0264628176277012,0.0020568516573258883,0.03985961905172493,0.011853137062407829,0.009317117039753131,0.01924067365014108,0.014830204045524214,0.09171341747364267,0.024698629785854454,0.14234790648900936,0.16280145928042009,0.029109099390471318,0.013507063164139153,0.014940465785639635,0.0001259849674597742,0.0026686881713678264,0.0024575924888887465,0.00013039779157559127,0.0004055844134818471,0.037047944678781676,0.0005972741177320801,0.0178072710286406,0.8710247550259501,0.04636506171853481,0.020233029311179877,0.14113502734773972,0.11113012929402609,0.013837848384485419,0.22561387062289356,0.010915912271426744,0.004426781645782012,0.005733610486001926,0.0003656979914301807,0.033299045514857344,0.050720400453093964,0.00018906066601100243,0.09333656300770443,0.008765808339176022,0.013290700103711008,0.007056751367386986,0.03125920332272204,0.016704653627486382,0.013562194034196864,0.012183922282754094,0.0008405069954984905,0.02866805243000963,0.01791753276875602,0.00015976377260310494,0.012845492723446624,0.03458853976840871,0.014389157085062528,0.007940630146708694,0.0007085741606632287,0.01348035863187658,0.01262496924321578,0.010971043141484456,0.1542010435514172,0.013396801424023733,0.04840490391067011,0.018744495819621683,0.008931200949349155,0.0059541339662327695,0.012164369586447362,0.07927819114298817,0.028061612859374814,0.027498499730255668,0.00788371441825265,0.02309983455418084,0.008986331819406865,0.018303448859159997,0.012845492723446624,0.01334167055396602,0.03660689771831999,0.010474865310965057,0.012073660542638672,0.016500742077912398,0.010199210960676504,0.008820939209233733,0.006738004161329059,0.021831824542853488,0.06389667839688686,0.11726336061275094,0.025525592836720117,0.011798006192350118,0.02668334110793204,0.02105999236204554,0.0024245249337907517,0.00264628176277012,0.012183922282754094,0.032692605944222526,0.0,0.010364603570849637,0.0048899005796479746
16,0.017714191434255126,0.005428546941169096,0.04782831687248884,0.03542838286851025,0.0566854125896164,0.01948561057768064,0.005314257430276538,0.06908534659359498,0.0,0.04074264029878679,0.010628514860553075,0.03365696372508474,0.03719980201193576,0.03719980201193576,0.0,0.09565663374497768,0.1541134654780196,0.17359907605570024,0.02125702972110615,0.0425140594422123,0.0283427062948082,0.0,0.0,0.0,0.0,0.0,0.03542838286851025,0.0,0.09034237631470114,0.0,0.0425140594422123,0.04959973601591435,0.4658832347209098,0.0,0.10451372946210524,0.0,0.012399934003978588,0.0,0.10805656774895626,0.0,0.09742805288840319,0.13285643575691344,0.0030373698319116726,0.16474198033857268,0.005314257430276538,0.0036190312941127302,0.02125702972110615,0.12222792089636036,0.1541134654780196,0.012399934003978588,0.06377108916331846,0.0,0.05845683173304191,0.10628514860553076,0.0,0.017714191434255126,0.010066758303291403,0.00708567657370205,0.028952250352901842,0.0,0.0,0.030114125438233715,0.0283427062948082,0.35782666697195353,0.01948561057768064,0.22142739292818908,0.04605689772906333,0.06908534659359498,0.003542838286851025,0.010857093882338192,0.16297056119514716,0.03365696372508474,0.07578642962995226,0.024799868007957176,0.024799868007957176,0.03719980201193576,0.08679953802785012,0.015942772290829615,0.1293135974700624,0.0850281188844246,0.0141713531474041,0.010628514860553075,0.027142734705845478,0.09742805288840319,0.0017714191434255126,0.010509705385174985,0.03719980201193576,0.14702778890431753,0.46942607300776085,0.18777042920310433,0.012399934003978588,0.03188554458165923,0.02125702972110615,0.0,0.005314257430276538,0.02125702972110615,0.05491399344619089,0.0,0.01948561057768064,0.0
17,0.01266232533745347,0.01053933947793251,0.17211382958686755,0.19087283008679862,0.016414125437439683,0.017821050474934513,0.022041825587419003,0.06378060169976563,0.0059988918152135496,0.06378060169976563,0.02532465067490694,0.03142132583738454,0.05862187656228458,0.022979775612415557,0.0,0.06753240179975184,0.18618307996181585,0.25559138181156077,0.140692503749483,0.00562770014997932,0.028607475762394877,0.0,0.0018917835373828261,0.0022398965024737344,0.0,0.0,0.17398972963686066,0.0,0.03845595102485869,0.0,0.11677477811207089,0.06753240179975184,0.2429290564741073,0.0,0.018759000499931067,0.0,0.01829002548743279,0.0019477634813977003,0.04408365117483801,0.0,0.08957422738717084,0.42348443628594384,0.0,0.17398972963686066,0.02532465067490694,0.008144035051129666,0.010786425287460363,0.006096675162477597,0.04080082608735007,0.01547617541244313,0.022041825587419003,0.0,0.05393212643730182,0.04455262618733628,0.0027180857902253846,0.008910525237467257,0.0751565991285726,0.024855675662408663,0.008144035051129666,0.0,0.0032999054357361656,0.096608852574645,0.024855675662408663,0.5454179395354958,0.04080082608735007,0.09191910244966223,0.03142132583738454,0.02251080059991728,0.006096675162477597,0.018683374529062175,0.10833322788710191,0.011724375312456917,0.026425895944340052,0.015945150424941407,0.10880220289960019,0.018759000499931067,0.05252520139980699,0.01547617541244313,0.03986287606235352,0.08582242728718463,0.00844155022496898,0.017352075462436237,0.028264592236273547,0.017352075462436237,0.02532465067490694,0.013911979083715083,0.0361110759623673,0.127092228387033,0.23589443128663318,0.07269112693723288,0.01969695052492762,0.03470415092487247,0.04314570114984145,0.0,0.0281385007498966,0.028607475762394877,0.08488447726218808,0.0,0.01969695052492762,0.008808631981446683
18,0.012645042781302853,0.03431075380133626,0.19777637225131495,0.07587025668781712,0.03892302231119785,0.01956030055232785,0.028648925051389277,0.031217449366341417,0.006107709985439686,0.0740920475466964,0.020350615726159278,0.01896756417195428,0.04939469836446427,0.022128824867279993,0.0,0.06757194736258712,0.2884650384484713,0.30031976605594274,0.049592277157922124,0.031217449366341417,0.03793512834390856,0.0,0.0,0.003460110811155756,0.0,0.0,0.05216080147287427,0.0003567532413376248,0.03339081609437785,0.0007135064826752496,0.05848332286352569,0.04307217697381285,0.4597658523764334,0.0,0.03339081609437785,0.0,0.016596618650459995,0.000547060786239291,0.00948378208597714,0.0004368645481868955,0.06401552908034569,0.052951116646705695,0.00033877914716102153,0.17643786255786637,0.015806303476628567,0.037943657145007165,0.00810073053177214,0.034971446442040706,0.022523982454195707,0.02173366728036428,0.017782091411207138,0.0011295828309732085,0.07349931116632283,0.026475558323352848,0.0020039728538029287,0.01758451261774928,0.3148376384779768,0.015213567096254994,0.031888818238889,0.0,0.0,0.01956030055232785,0.02370945521494285,0.3603837192671313,0.02785860987755785,0.1665589228849735,0.06441068666726141,0.01679419744391785,0.044850386114933555,0.016348065046519044,0.057297850102778554,0.02568524314952142,0.022060246646687084,0.015015988302797137,0.031415028159799276,0.01699177623737571,0.0474189104298857,0.032007764540172845,0.01758451261774928,0.14423251922423566,0.048801961984090696,0.026673137116810706,0.018366344681891765,0.013237779161676424,0.01481840950933928,0.00984665730037988,0.027463452290642135,0.10274097259808568,0.3811294925802063,0.12151095797658211,0.03101987057288356,0.043862492147644275,0.06480584425417713,0.001042685618330526,0.03892302231119785,0.018374827791580707,0.07389446875323855,0.0006402955103543308,0.029439240225220705,0.007215968529290168
19,0.020088964695632688,0.023197654539973696,0.10743228945925307,0.005240599485817223,0.02969673041963093,0.016595231705087872,0.033190463410175744,0.09083705775416519,0.0027931293889562323,0.08297615852543935,0.02096239794326889,0.08210272527780316,0.05589972784871704,0.0690012265632601,0.0,0.09695109048761862,0.0690012265632601,0.35548733178793496,0.006114032733453427,0.01572179845745167,0.0462919621247188,0.003991936247933075,0.0,0.015296053640562047,0.0020658800860794296,0.0,0.07511525929671352,0.0,0.08559645826834797,0.0015770930509945002,0.04192479588653778,0.027076430676722316,0.5677316109635324,0.0,0.08035585878253075,0.0,0.028823297171994725,0.0,0.03843106289599296,0.0,0.0716215263061687,0.026202997429086113,0.0,0.2567893748050439,0.03930449614362917,0.007137739858453445,0.004367166238181019,0.012228065466906853,0.07598869254434973,0.020088964695632688,0.03406389665781195,0.0,0.1362555866312478,0.07336839280144111,0.007593367778157793,0.05065912836289982,0.22038447508071216,0.018342098200360278,0.07583848599606786,0.0,0.0015364609226584287,0.018342098200360278,0.05153256161053602,0.3205500018824868,0.03231703016253954,0.0925839242494376,0.03755762964835676,0.10743228945925307,0.00698746598108963,0.016952132163826933,0.07686212579198592,0.012228065466906853,0.1576747241014088,0.0235826976861775,0.020088964695632688,0.00698746598108963,0.058520027591625653,0.014848365209815464,0.05327942810580843,0.10568542296398066,0.03057016366726713,0.06114032733453426,0.016952132163826933,0.040177929391265375,0.006114032733453427,0.0,0.027076430676722316,0.16944605004142352,0.23932070985231982,0.13276185364070298,0.06114032733453426,0.07860899228725834,0.027076430676722316,0.0,0.008734332476362038,0.04192479588653778,0.021835831190905094,0.0,0.01921553144799648,0.025519608525083504
20,0.026799046376044654,0.0016760444183959587,0.19251559845648406,0.07766254255914981,0.024064449807060507,0.01531374078631123,0.025705207748450996,0.03336207814160661,0.005829930002809529,0.057426527948667115,0.022970611179466846,0.0404720292209654,0.057973447262463944,0.01531374078631123,0.0,0.09133552540407056,0.3204947178849422,0.2433790946395892,0.10938386275936593,0.007656870393155615,0.0350028360829971,0.0,0.0,0.0,0.0,0.0,0.13180755462503596,0.0,0.026252127062247825,0.0,0.057973447262463944,0.035549755396793926,0.42495630682013663,0.0,0.021329853238076357,0.0,0.014219902158717572,0.002271484489141026,0.01531374078631123,0.0,0.13946442501819156,0.1143061365835374,0.0,0.18321797012193794,0.01531374078631123,0.0055868147279865285,0.013126063531123913,0.004922273824171467,0.024611369120857336,0.01531374078631123,0.026252127062247825,0.0,0.03828435196577808,0.057973447262463944,0.0,0.004922273824171467,0.0,0.022423691865670017,0.007262859146382487,0.0,0.0,0.022970611179466846,0.019689095296685867,0.375733568578422,0.01531374078631123,0.12032224903530253,0.0793033005005403,0.03664359402438759,0.4648814167273052,0.012290992401570363,0.12141608766289619,0.04265970647615271,0.0022828086455171596,0.010391466962139764,0.03773743265198125,0.03773743265198125,0.06234880177283858,0.07492794599016567,0.014766821472514402,0.0645364790280259,0.013672982844920741,0.023517530493263675,0.014525718292764974,0.038831271279574905,0.010938386275936594,0.0116814019785659,0.03281515882780978,0.10938386275936593,0.15532508511829962,0.10172699236621031,0.026252127062247825,0.01531374078631123,0.04648814167273052,0.0,0.09789855716963251,0.014766821472514402,0.07274026873497835,0.0,0.01859525666909221,0.02111597997103373
21,0.006199249180776804,0.0008443428674499307,0.31078902559627714,0.03926191147825309,0.032649379018757835,0.02190401377207804,0.016531331148738143,0.040088478035689996,0.0044054260390505385,0.038435344920816183,0.022317297050796495,0.022317297050796495,0.027276696395417938,0.01033208196796134,0.0,0.033062662297476286,0.05000727672493289,0.08720277180959371,0.11902558427091464,0.008265665574369072,0.031822812461320925,0.0,0.0008335652029627502,0.0,0.0,0.0,0.08059023935009846,0.0007462346879089422,0.02149073049335959,0.0007462346879089422,0.02190401377207804,0.01942431409976732,0.20622835608050835,0.0,0.032649379018757835,0.0,0.007025815738213711,0.0005721542060218467,0.0057859659020583504,0.0,0.1024942531221765,0.29508426100497587,0.0,0.15126168001095402,0.010745365246679794,0.00042217143372496533,0.026863413116699483,0.013225064918990516,0.015704764591301237,0.009918798689242886,0.04959399344621443,0.0,0.01818446426361196,0.030169679346447112,0.004790615181129778,0.013225064918990516,0.026774476826246358,0.00909223213180598,0.03504022899917213,0.005311758222344931,0.0,0.016531331148738143,0.011571931804116701,0.18101807607868267,0.007439099016932165,0.06736517443110794,0.011158648525398248,0.03430251213363165,0.00909223213180598,0.009709942975674202,0.01942431409976732,0.0057859659020583504,0.0012937648450690436,0.020250880657204227,0.02149073049335959,0.004132832787184536,0.01942431409976732,0.047527577052622165,0.01735789770617505,0.09422858754780743,0.0037195495084660826,0.01818446426361196,0.013931657312923857,0.009918798689242886,0.0037195495084660826,0.0004903961342035421,0.019011030821048866,0.07273785705444784,0.7786256971055666,0.13555691541965278,0.03926191147825309,0.011985215082835154,0.024383713444388763,0.0,0.011571931804116701,0.03140952918260247,0.038435344920816183,0.0,0.031822812461320925,0.012506393502334087
22,0.026098103685315586,0.008286021915650666,0.4210964297333353,0.050785499063316815,0.012343697689000616,0.023982041224344053,0.022571332917029695,0.10474509181809094,0.007894717742162041,0.06489258213646037,0.043026603373087856,0.051490853216974,0.05008014490965964,0.04267392629625927,0.0,0.18198137164355194,0.1770438925679517,0.3234048794518161,0.17140105933869426,0.008464249843886136,0.04232124921943068,0.0,0.0,0.0,0.0,0.0,0.20420002748375304,0.0,0.04196857214260209,0.0,0.0641872279828032,0.047964082448688106,0.13295925796437805,0.0,0.023276687070686874,0.0,0.014812437226800739,0.0,0.023276687070686874,0.0007798008537665236,0.23558828732149745,0.09557548782054762,0.0024188757754858158,0.2281820687080971,0.01869188507191522,0.011528378317427014,0.03420967645237313,0.008464249843886136,0.025392749531658407,0.016575822610943685,0.025745426608487,0.0006720997462857202,0.07265147782668933,0.07194612367303216,0.0005110115280766353,0.020102593379229573,0.004008441372807178,0.026450780762144174,0.16968331835962885,0.0030218745981139806,0.0,0.025745426608487,0.06277651967548885,0.4203910755796781,0.03315164522188737,0.03420967645237313,0.03350432229871596,0.035267707682858904,0.008816926920714726,0.022696494812434437,0.03562038475968749,0.0074062186134003696,0.0011040398369791802,0.08887462336080443,0.02433471830117264,0.01798653091825804,0.02433471830117264,0.06983006121206062,0.035267707682858904,0.0673613216742605,0.003879447845114479,0.08287911305471841,0.02161570934517565,0.007758895690228958,0.006348187382914602,0.0008369633324399155,0.02186597876337252,0.17245909056918002,0.19009294441060948,0.16963767395455132,0.11391469581563425,0.029272197376772887,0.012343697689000616,0.000620396061554814,0.008111572767057547,0.020102593379229573,0.028566843223115708,0.0,0.022218655840201107,0.19541505114531488
23,0.004843167533957357,0.002366112285977551,0.016143891779857856,0.02393507433448491,0.008142136723754398,0.02386488350065944,0.009545953400263776,0.017758280957843642,0.003890664886274849,0.043448126137965275,0.008844045062009087,0.01782847179166911,0.018179425960796455,0.007580610053150646,0.0,0.07917526055512897,0.3177539047278979,0.14368063684073493,0.007861373388452522,0.012353586753282533,0.0205659143108624,0.0,0.0,0.00011174739165302595,0.0,0.0,0.022952402660928344,0.00012673833583647106,0.06822549047835581,0.0,0.02182934931972084,0.027584997693409295,0.0637332771135258,0.0,0.006808510881070488,0.0,0.025338891010994288,0.0003886920460170011,0.07461285635647348,0.6113259849853033,0.0544680870485639,0.10753235742061842,0.5133053354589526,0.08696644310975603,0.009545953400263776,0.010109752494631355,0.03902610360696073,0.02007457847408412,0.014740075103348477,0.005615266706037516,0.021057250147640684,0.0,0.03565694358333822,0.01916209763435302,0.00010170302411675903,0.0033691600236225093,0.00039888592253841055,0.007510419219325177,0.0006453033507211503,0.0004510668080521035,0.0003704191714484522,0.008422900059056273,0.013757403429791914,0.25212547510108446,0.007159465050197832,0.02912919603756961,0.028708051034616797,0.002597060851542351,0.003720114192749854,0.007098336857932652,0.033551218568574154,0.00329896918979704,0.00263675124329447,0.024005265168310377,0.015652555943079575,0.03256854689501759,0.026672516853678198,0.04864224784104998,0.0442904161438709,0.02182934931972084,0.0009124808397310963,0.030182058544951647,0.0027963145197916514,0.013336258426839099,0.02723404352428195,0.027651435932422953,0.031024348550857273,0.07749068054331772,0.2649002068573198,0.10528625073820341,0.016986181785763485,0.023022593494753815,0.0043518316971790745,0.0003704191714484522,0.14178548432744725,0.007931564222277991,0.014108357598919258,0.0,0.012002632584155189,0.0011718894414642091
24,0.018268936109196443,0.009597513393426595,0.02627247002370155,0.013310224879557409,0.017485981704516596,0.009221462988451537,0.021313758794062516,0.022096713198742363,0.0014837270863754077,0.043584461860511514,0.008525503517625006,0.008873483253038272,0.026446459891408182,0.014528153953503837,0.00044325006386587663,0.0578516310124554,0.11657321136344397,0.14293267632099882,0.0049587112296390345,0.016094062762863532,0.023923606809662008,0.0009940033505005748,0.0010527783739865029,0.00512451394813752,0.005761391444469208,0.0008533341165812534,0.017224996902956646,0.0,0.04793420855317733,0.00015708024170490092,0.031231181253340585,0.02844734337003446,0.19121486460958942,0.0,0.009917422459278069,0.0,0.014615148887357153,0.03215662671404727,0.03201413565802043,0.00019235365196459847,0.036798857019952835,0.0366248671522462,0.0,0.0960424069740613,0.008699493385331639,0.014307404225385944,0.004697726428079085,0.031405171121047216,0.022531687868008944,0.01496312862277042,0.010178407260838018,0.5331709777269956,0.04941312242868371,0.020878784124795935,0.00037815398564944666,0.01130934140093113,0.07336622460744524,0.006698609906705362,0.0035546345901579985,0.0005590548650197223,0.0029076314844158754,0.006872599774411995,0.020095829720116087,0.3054392127589938,0.02966527244398089,0.041061608778765336,0.02261868280186226,0.0062636352374387805,0.0029578277510127573,0.012885550389322745,0.05645971207080234,0.010526386996251283,0.005265119260826846,0.009482447790011487,0.008612498451478323,0.008351513649918374,0.028273353502327826,0.0066116149728520455,0.021226763860209198,0.04080062397720539,0.014093179284237256,0.02244469293415563,0.011730294147521397,0.02270567773571558,0.031144186319487267,0.0011354966338869138,0.022531687868008944,0.08325415169762379,0.1826023661581111,0.04906514269327045,0.007655554179091842,0.02870832817159441,0.01130934140093113,0.671968939372111,0.0573296614093355,0.020791789190942617,0.024010601743515325,0.0,0.010874366731664548,0.0022694479572529505
25,0.011611982652975628,0.0016029340993152419,0.09760342175879515,0.06245363643086892,0.014436518973969699,0.011298145283976286,0.016005705818966407,0.022282453198953233,0.0020072246644539738,0.028245363209940717,0.009101283700980898,0.0615121243238709,0.03075606216193545,0.007845934224983532,0.0,0.08630527647481885,0.5328958525608816,0.14091297868070424,0.03860199638691898,0.010042795807978922,0.022910127936951914,0.0,0.0,0.0,0.0,0.0,0.07626248066683994,0.0005666726508645699,0.02134094109195521,0.0,0.0433095569219091,0.014436518973969699,0.5341512020368789,0.0,0.010984307914976945,0.0,0.010356633176978262,0.0,0.00972895843897958,0.0006939227536142696,0.13024250813472663,0.09069899964080963,0.0,0.10952924178077011,0.008159771593982873,0.01731168827260461,0.02165477846095455,0.007532096855984191,0.007845934224983532,0.005649072641988143,0.016319543187965746,0.0005980825801784479,0.03922967112491766,0.052097003253890654,0.0,0.007532096855984191,0.002853599004601788,0.006276747379986826,0.0064117363972609675,0.0,0.0,0.0072182594869848495,0.007532096855984191,0.22878744200051981,0.005335235272988802,0.08002852909483203,0.01945791687795916,0.013181169497972335,0.05523537694388407,0.0028852813787674358,0.023851640043949938,0.00972895843897958,0.004584784709696111,0.011611982652975628,0.023851640043949938,0.022910127936951914,0.02165477846095455,0.007532096855984191,0.017888730032962454,0.02855920057894006,0.005649072641988143,0.02981455005493742,0.007694083676713162,0.3998288081051608,0.013181169497972335,0.0022343700863455547,0.017888730032962454,0.07061340802485179,0.21466476039554944,0.08002852909483203,0.023537802674950595,0.012553494759973652,0.02636233899594467,0.0005520729315519069,0.11360912757776155,0.00972895843897958,0.027931525840941374,0.0,0.011925820021974969,0.17094697274724072
26,0.009940142896426047,0.023472692748153865,0.05705900208078329,0.0045182467711027486,0.018589358143965597,0.016782059435524497,0.022333048325736446,0.04621520983013669,0.002201719381077274,0.07965023593629703,0.015103853491972047,0.027367666156393793,0.024914903623509444,0.04001875711548149,0.0,0.06015722843811089,0.05976995014344494,0.2262996168498034,0.010198328426203348,0.021816677266181844,0.03911510776126094,0.0,0.001301858099595856,0.001233133641932847,0.002137348458780367,0.0006331360666876817,0.027884037215948395,0.0,0.08223209123407003,0.0002330931447715568,0.03988966435059284,0.024785810858620794,0.3454522388420273,0.0,0.03175682016260789,0.0,0.021300306206627245,0.0005361526018695839,0.016007502846192595,0.0,0.05951176461366764,0.03846964393681769,0.0002213493463961425,0.17040244965301796,0.015362039021749346,0.021230918721644787,0.007745565893318998,0.011876534369755797,0.025043996388398094,0.017040244965301796,0.015362039021749346,0.0,0.04479518941636154,0.03420958269549224,0.7149012401316301,0.026980387861727843,0.12236754771778656,0.009294679071982798,0.03191231261265862,0.0002765292761052573,0.000908350989322341,0.008132844187984947,0.029949521454166794,0.2998824928363339,0.029949521454166794,0.03162772739771924,0.021171213441738595,0.04479518941636154,0.028787686570168943,0.02584633583504583,0.08352301888295653,0.021171213441738595,0.03704425401062191,0.024269439799066195,0.018072987084410994,0.008132844187984947,0.03769508734748579,0.011747441604867147,0.04492428218125019,0.03382230440082629,0.016265688375969894,0.036662345228376594,0.017934192212072615,0.012909276488864996,0.020267564087518047,0.0004595389853517486,0.028271315510614344,0.1284473010642067,0.2805185781030364,0.07926295764163108,0.033435026106160344,0.05925357908389033,0.012392905429310397,0.0,0.028529501040391644,0.04569883877058209,0.024785810858620794,0.0,0.019493007498186145,0.008621208206108372
27,0.05129550781957713,0.011084336056043144,0.039458082938136255,0.008878068661080657,0.014796781101801096,0.023674849762881752,0.04044453501158966,0.06510583684792481,0.006309098685254387,0.08088907002317933,0.012823876954894283,0.09272649490462019,0.02663420598324197,0.023674849762881752,0.0,0.08088907002317933,0.4804021597718089,0.31862401972545024,0.019729041469068127,0.02959356220360219,0.1085097280798747,0.0,0.0,0.003140964145638595,0.0,0.0,0.07102454928864525,0.0017811626868942637,0.1094961801533281,0.0,0.041430987085043065,0.023674849762881752,0.19531751054377447,0.0,0.055241316113390754,0.0,0.024661301836335157,0.0027313115818065,0.02663420598324197,0.0,0.15783233175254502,0.13218457784275645,0.0,0.2150465520128426,0.012823876954894283,0.011084336056043144,0.016769685248707908,0.014796781101801096,0.10259101563915426,0.02663420598324197,0.030580014277055596,0.0018798902221061871,0.07497035758245889,0.06313293270101801,0.005717279795588094,0.034525822570869225,0.26011313200913827,0.013810329028347688,0.013099669884414624,0.0,0.0,0.003945808293813626,0.07201100136209866,0.3403259653414252,0.006905164514173844,0.034525822570869225,0.043403891231949876,0.019729041469068127,0.031566466350509005,0.016122670626971845,0.0621464806275646,0.024661301836335157,0.018528264941232872,0.006905164514173844,0.036498726717776035,0.009864520734534064,0.036498726717776035,0.031566466350509005,0.027620658056695377,0.05326841196648394,0.004932260367267032,0.17262911285434612,0.019145671369529067,0.010850972807987469,0.014796781101801096,0.0,0.021701945615974938,0.15092716723837118,0.3413124174148786,0.23181623726155048,0.036498726717776035,0.08384842624353954,0.02959356220360219,0.0017352729210141386,0.044390343305403285,0.027620658056695377,0.018742589395614722,0.003196804792446813,0.030580014277055596,0.053526098719117184
28,0.014984883641324453,0.0031889899216931326,0.05869079426185411,0.07117819729629116,0.021852955310264828,0.011863032882715192,0.028721026979205203,0.04932524198602633,0.0026622093523171273,0.05993953456529781,0.028721026979205203,0.021852955310264828,0.043705910620529656,0.009989922427549636,0.0,0.1254984004960923,0.4077137090743695,0.236636287502582,0.06743197638596005,0.009365552275827783,0.039959689710198545,0.0,0.0,0.0,0.0,0.0,0.12737151095125784,0.0,0.06368575547562892,0.0,0.08179248987556265,0.04682776137913892,0.4963742706188725,0.0,0.018731104551655567,0.0,0.01685799409649001,0.010372624109929814,0.05307146289635744,0.0027610775373170834,0.06743197638596005,0.23726065765430385,0.0010705783946304138,0.18356482460622456,0.00811681197238408,0.007653575812063519,0.010614292579271488,0.023726065765430383,0.126747140799536,0.006868071668940374,0.019979844855099273,0.0,0.11425973776509896,0.04682776137913892,0.0009046812687287204,0.015609253793046306,0.0035482191961744296,0.007492441820662226,0.007015777827724892,0.0,0.0,0.036837838951589284,0.04870087183430447,0.42269859271569393,0.015609253793046306,0.1592143886890723,0.10801603624788043,0.00561933136549667,0.051198352441191884,0.012118161702433905,0.13611269307536378,0.021852955310264828,0.037136694586694594,0.012487403034437045,0.04807650168258262,0.04932524198602633,0.08428997048245004,0.05307146289635744,0.026847916524039644,0.08428997048245004,0.03558909864814558,0.015609253793046306,0.015307151624127038,0.09053367199966857,0.021852955310264828,0.018521721327919023,0.03558909864814558,0.10302107503410561,0.15109757671668825,0.07367567790317857,0.013736143337880749,0.023726065765430383,0.05369583304807929,0.0,0.02247732546198668,0.03184287773781446,0.08928493169622487,0.0,0.012487403034437045,0.002606083830645235
29,0.00851711027041359,0.05561965348315656,0.20212927766749395,0.05019011409350865,0.03163498100439333,0.019467680618088203,0.021292775676033975,0.04775665401624763,0.004701563662570585,0.08334600764619013,0.01520912548288141,0.026159695830556027,0.04669201523244593,0.036653992413744195,0.0,0.0647908745570748,0.18357414457837862,0.31665399255359095,0.05110266162248154,0.01855513308911532,0.02418250951778144,0.0013902346740014423,0.0,0.004358466792502989,0.001079197393050974,0.0,0.06418250953775954,0.00027461979694121065,0.05885931561875106,0.000823859390823632,0.06266159698947141,0.04775665401624763,0.4936882131743306,0.0,0.02448669202743907,0.0008428003228635922,0.02114068442120516,0.0008422276499478512,0.017338403050484806,0.0,0.07726235745303757,0.23893536133606696,0.0005215675700797862,0.17125475293724468,0.029809885946447564,0.03588865909108706,0.012167300386305127,0.038631178726518785,0.029809885946447564,0.019467680618088203,0.022357414459835672,0.0023187329259259978,0.11300380233780888,0.04547528519381542,0.006390807057395586,0.026463878340213652,0.2554918086049444,0.017946768069800063,0.02221678896114913,0.0,0.001070178037554575,0.02676806084987128,0.03422053233648317,0.3309505705074995,0.03376425857199673,0.1230418251565106,0.04486692017450016,0.036197718649257755,0.01520912548288141,0.018643459268097174,0.1196958175502767,0.08365019015584775,0.07982859491526051,0.019619771872917018,0.019467680618088203,0.007756653996269519,0.057642585580120545,0.020836501911547532,0.04547528519381542,0.07254752855334433,0.04304182511655439,0.03072243347542045,0.016779113341287455,0.11923954378579026,0.02524714830158314,0.005594549755340643,0.03467680610096961,0.1314068441720954,0.35315589371250633,0.11239543731849362,0.03787072245237471,0.07239543729851551,0.014752851718394968,0.00214035607510915,0.042129277587581504,0.03269961978819503,0.04000000001997811,0.0,0.03589353613960013,0.00809395296357512
30,0.019075230640275016,0.019741854181707534,0.09211328480238067,0.05998658056612801,0.028612845960412525,0.007027716551680269,0.013302463472823366,0.03162472448256121,0.004280714544940502,0.04568015758592175,0.00903563556644606,0.01355345334966909,0.03564056251209279,0.015059392610743435,0.6611524219302757,0.047688076600687544,0.30520369024440025,0.25902155290478707,0.03513858275840134,0.019075230640275016,0.019075230640275016,0.0011471232517840022,0.011643291861492567,0.007192596607331392,0.0,0.0,0.03940541066477865,0.00045319363753854573,0.0346366030047099,0.0027191618252312743,0.06048856031981946,0.04040937017216155,0.3897872787414092,0.04000688315183197,0.018322261009737845,0.0,0.019075230640275016,0.0020848399308797017,0.00903563556644606,0.0,0.06073955019666519,0.049946985492299055,0.0004303606421302539,0.10491376852151259,0.009286625443291785,0.027433485681074107,0.011043554581211852,0.03815046128055003,0.025600967438263837,0.017820281256046396,0.01882424076342929,0.0,0.09537615320137509,0.026604926945646732,0.0,0.021585129408732254,0.07416992792480859,0.013804443226514815,0.009742733232530993,0.0016129342883103278,0.009713386859956622,0.018322261009737845,0.024847997807726667,0.30269379147594305,0.01807127113289212,0.1029058495067468,0.04166431955639017,0.01606335211812633,0.022087109162423704,0.010768284099113202,0.050448965245990504,0.02886383583725825,0.018595198181263203,0.011796524211749024,0.027357896576183906,0.01606335211812633,0.029114825714103974,0.011796524211749024,0.019577210393966465,0.06575934773357967,0.03789947140370431,0.022840078792960874,0.019741854181707534,0.04191530943323589,0.020330180024503635,0.009232452948597791,0.023593048423498048,0.07554795293056289,0.21058050667356235,0.05597074253659643,0.01355345334966909,0.03564056251209279,0.015812362241280607,0.0017660703381739311,0.013302463472823366,0.024095028177189493,0.047186096846996095,0.0,0.016565331871817777,0.006023796593930334
31,0.008213305393539162,0.019215674586004174,0.08061908059096044,0.022066161495084478,0.015291130778754939,0.0076077160557666895,0.016653706788743002,0.023353038837850983,0.003066280704089546,0.050226065701504466,0.00756986672215591,0.009083840066587093,0.017789186797066387,0.015669624114862734,0.20461075885439198,0.01763778946262327,0.09261731934557756,0.15964848917026814,0.020362941482599397,0.02032509214898862,0.008781045397700856,0.0005189593842799801,0.0012977734990121546,0.007472000907533226,0.0,0.0014850578639166332,0.023882929508401898,0.00027336683683099484,0.047879407017636134,0.002255276403855707,0.06623633381886421,0.020400790816210178,0.14167005570514785,0.050213519023681166,0.01434489743848545,0.07508647465050063,0.02467776551422827,0.0005239906024672326,0.013966404102377653,0.0,0.03444289358580939,0.042958993648234786,0.00019469546407582296,0.08663712463507439,0.010257169408521258,0.025711113882681647,0.007342770720491233,0.03262612557249197,0.014042102769599213,0.015745322782084292,0.01513973344431182,0.0002163894042587777,0.02467776551422827,0.01582102144930585,0.0004935762023760497,0.013550061432659079,0.03265113758809673,0.012830924094054268,0.011753652060654466,0.40538479571195085,0.6561553373096709,0.011695444085730882,0.03614611359829447,0.18088196532591547,0.01249028009155725,0.02452636817978515,0.014685541440982466,0.005488153373563035,0.010635662744629053,0.010284445553072659,0.023390888171461763,0.016918652124018458,0.02831806995781688,0.011354800083233864,0.01430704810487467,0.009538032069916446,0.02365583350673722,0.011279101416012306,0.018811118804557436,0.023920778842012675,0.01267952675961115,0.012793074760443487,0.009665832286722423,0.0041634266971857506,0.024639916180617488,0.18633776242841832,0.015366829445976497,0.07516877655100819,0.16400116253550778,0.03391300291525848,0.012036088088227898,0.045305652332103125,0.019719502811216146,0.38743459236986044,0.016502309454299882,0.025472601520054636,0.03402655091609082,0.0,0.013852856101545316,0.0028831507767372836
32,0.022854904807712642,0.03318854830115559,0.5193889151399794,0.05579285585412203,0.021510498642553073,0.023751175584485685,0.03024913871609026,0.05915387126702095,0.02675083532240477,0.08581792687601904,0.03248981565802287,0.021958634030939596,0.06497963131604574,0.0571372620192816,0.0005708264571411968,0.09971012391600123,0.13981824117659497,0.30674867335057454,0.15998433365398848,0.021286430948359813,0.03204168026963635,0.0,0.0004519298084518934,0.0014269088435145125,0.0005299740863086498,0.011538881023305228,0.13937010578820846,0.0,0.018373550923847418,0.0012137468012154435,0.07259793291861662,0.05377624660638269,0.32131307347313653,0.0967068123857962,0.04414133575607245,0.001241651436316535,0.02083829555997329,0.000620403874378027,0.01321999395740241,0.0029726033935285937,0.12727045030177236,0.05265590813541638,0.0023051905829555796,0.32176120886152304,0.02643998791480482,0.037308506021299044,0.016132873981914805,0.04727828347477811,0.03540269568253527,0.01882168631223394,0.039884049566400494,0.0008540154737151288,0.06789251134055814,0.06341115745669292,0.0003246629348069521,0.021958634030939596,0.09906657530862699,0.025767784832225037,0.03204411560111574,0.0,0.0007883172688693393,0.03338608643479592,0.04683014808639159,0.2919602055338193,0.03293795104640939,0.09164368692504382,0.042572861896719626,0.03338608643479592,0.028904732550930692,0.018310923200637565,0.07887182835602793,0.02643998791480482,0.0056114712709760236,0.022182701725132856,0.02263083711351938,0.042796929590912886,0.03786744031866114,0.017701347841267635,0.04369320036768593,0.1736524629997774,0.036971169541888095,0.023975243278678945,0.028610817500996196,0.03069727410447678,0.0031369477187056564,0.02871456253513312,0.04346913267349267,0.13376841343337692,0.25879818679321664,0.09881385313922818,0.03562676337672853,0.046606080392198324,0.02061422786578003,0.0007883172688693393,0.0008962707767730448,0.02487151405545199,0.07640708371990207,0.0,0.03226574796382961,0.0016366791207013402
33,0.016749669492318903,0.028478963844844857,0.11912100474471536,0.03316875340255256,0.028981336029472837,0.012011276149097107,0.02214923399971118,0.026777432148904563,0.0023492689017390166,0.06281126059619589,0.01123990979089821,0.011901080955068694,0.03041387355184222,0.02181864841762594,0.0,0.048926666148615745,0.21466023796735015,0.23140990745966905,0.03867851310397326,0.026557041760847735,0.024242942686251042,0.0007554535917550695,0.00022225646186471997,0.004912218524256549,0.0,0.0,0.039449879462172155,0.00039794243057618775,0.03449109573089353,0.0021886833681690324,0.08154444358102624,0.031405630298097946,0.5072284781127889,0.043236227390568496,0.02093708686539863,0.6176593090747218,0.011901080955068694,0.001525555157766301,0.010248153044642487,0.0,0.05498740182017851,0.031185239910041115,0.0,0.11537436814774929,0.009366591492415175,0.05076684859298431,0.022810405163881664,0.038347927521888016,0.0318464110742116,0.01465596080577904,0.014986546387864282,0.00041999986284563056,0.0900294735212141,0.02126767244748387,0.00031933470127138325,0.0246837234623647,0.03619585170468511,0.010137957850614073,0.005853383873248746,0.00047209767737548566,0.0021322942645290222,0.01873318298483035,0.020606501283313386,0.27824286492174494,0.026116260984734078,0.11295007387912417,0.02578567540264884,0.008705420328244694,0.01377439925355173,0.009455466256786437,0.04253534489496774,0.050138813282928296,0.02886174813836612,0.010688933820756141,0.022039038805682767,0.010799129014784557,0.02876094564141601,0.013113228089381247,0.025014309044449942,0.06457438370065051,0.0422047593128825,0.024242942686251042,0.02138736415225503,0.017741426238574626,0.011350104984926624,0.0019613410440986155,0.021377867641512283,0.07867936853628747,0.2506940664146415,0.05190193638738291,0.012121471343125521,0.03956007465620057,0.01983513492511449,0.000581534799417006,0.007934053970045795,0.026777432148904563,0.04727373823818953,0.0,0.016749669492318903,0.004599481775038426
34,0.020893016133764916,0.0,0.09306889005040735,0.13485492231793716,0.011396190618417226,0.007597460412278151,0.011396190618417226,0.036087936958321215,0.0020246433653626624,0.017094285927625838,0.043685397370599365,0.02469174633990399,0.07217587391664243,0.007597460412278151,0.0,0.1709428592762584,0.3722755602016294,0.09116952494733781,0.1614460337609107,0.007597460412278151,0.030389841649112605,0.0,0.0,0.0,0.0,0.0,0.1709428592762584,0.0,0.034188571855251676,0.0,0.032289206752182144,0.03988666716446029,0.2564142889143876,0.0,0.0037987302061390756,0.0,0.013295555721486763,0.0,0.036087936958321215,0.0,0.14055301762714578,0.3209927024187519,0.0,0.45014952942748043,0.11206254108110272,0.0019402132387656879,0.015194920824556302,0.005698095309208613,0.009496825515347689,0.0018993651030695378,0.18233904989467561,0.0,0.09306889005040735,0.028490476546043066,0.0,0.0037987302061390756,0.0,0.009496825515347689,0.0,0.0,0.0,0.06077968329822521,0.0037987302061390756,0.2887034956665697,0.009496825515347689,0.06457841350436429,0.020893016133764916,0.0037987302061390756,0.08737079474119873,0.0019402132387656879,0.036087936958321215,0.005698095309208613,0.0019819592071909503,0.015194920824556302,0.17474158948239746,0.018993651030695377,0.028490476546043066,0.013295555721486763,0.013295555721486763,0.05128285778287752,0.018993651030695377,0.015194920824556302,0.013581492671359816,0.05318222288594705,0.0037987302061390756,0.0022537599558218554,0.037987302061390754,0.30009968628498696,0.14245238273021532,0.10256571556575504,0.032289206752182144,0.013295555721486763,0.005698095309208613,0.0,0.10826381087496365,0.028490476546043066,0.03988666716446029,0.0,0.017094285927625838,0.03369330652224615
35,0.02180097365437563,0.0013099899922237325,0.3398387069652672,0.05642604945838399,0.011541691934669451,0.035907486018971625,0.017953743009485813,0.044243152416232896,0.01845443771933884,0.041678331986306355,0.04873158816860435,0.09425715079980052,0.05642604945838399,0.014106512364595997,0.0,0.18338466073974796,0.357792449974753,0.14042391853847833,0.3385562967503039,0.014747717472077633,0.032701460481563444,0.0,0.0,0.0,0.0,0.0,0.16158368708537232,0.0,0.023083383869338902,0.0,0.009618076612224543,0.021159768546893994,0.13208825214121706,0.0,0.010900486827187816,0.0,0.01538892257955927,0.0,0.026289409406747084,0.0,0.17569019944996833,0.19813237821182558,0.0,0.266100119604879,0.007053256182297999,0.003274974980559331,0.03526628091148999,0.0025648204299265447,0.07181497203794325,0.010900486827187816,0.06347930564068198,0.0,0.10836366316439652,0.046166767738677804,0.0009290742815813562,0.016030127687040905,0.0014575560761687211,0.014106512364595997,0.00523995996889493,0.0,0.0,0.016671332794522542,0.016030127687040905,0.2641765042824341,0.006412051074816362,0.035907486018971625,0.024365794084302176,0.0371898962339349,0.012824102149632723,0.004584964972783064,0.041678331986306355,0.005129640859853089,0.0013381759667136148,0.021159768546893994,0.021159768546893994,0.021159768546893994,0.020518563439412357,0.05899086988831053,0.021159768546893994,0.07245617714542489,0.0012824102149632723,0.1134933040242496,0.006549949961118662,0.01538892257955927,0.008335666397261271,0.009890984677393796,0.016030127687040905,0.12375258574395578,0.3135492975585201,0.21031527525397667,0.2058268395016052,0.021159768546893994,0.02693061451422872,0.0,0.035907486018971625,0.0057708459673347255,0.02180097365437563,0.0,0.04296074220126963,0.21544633064089197
36,0.02404917585045991,0.013023142456802137,0.03708788564890203,0.014197706224970307,0.041144373141750686,0.06490379988557855,0.03853663118206226,0.04722910438102368,0.006177207377499715,0.08837347752277437,0.02289017942393172,0.04664960616775958,0.03476989279584565,0.03216215083615723,0.0,0.08866322662940641,0.22542480495973263,0.3363987127998067,0.010720716945385742,0.03882638028869431,0.05852931953967352,0.0,0.0,0.0018451814936654614,0.0,0.0,0.042593118674910925,0.0010463565563549424,0.08402724092329365,0.0031390696690648274,0.08344774271002957,0.027815914236676523,0.2312197870923736,0.0,0.029554408876468805,0.0,0.03303139815605337,0.0020056602648511166,0.02491842317035605,0.0006406614310222783,0.07272702576464382,0.10257118374774467,0.0009936385734272664,0.17269046755270007,0.01883369193108306,0.02634226542398614,0.008692473198961412,0.008692473198961412,0.02202093210403558,0.07707326236412453,0.027815914236676523,0.0005521773708830024,0.06780129095189902,0.03737763475553407,0.000839664063626376,0.027815914236676523,0.17816306452527667,0.01709519729129078,0.015982947560620804,0.0006206708081449545,0.0005096991452067522,0.006953978559169131,0.07272702576464382,0.6064448801808746,0.0350596419024777,0.04433161331470321,0.05012659544734415,0.013618208011706214,0.03332114726268542,0.021014616237112538,0.0454906097412314,0.030423656196364945,0.020257374890881526,0.00898222230559346,0.017384946397922825,0.013618208011706214,0.030423656196364945,0.014487455331602355,0.031582652622893136,0.04433161331470321,0.016805448184658733,0.12806910513136482,0.01657490858138454,0.0034769892795845653,0.053313835620296665,0.0037819344262871417,0.020861935677507392,0.15327727740835292,0.3297344833472696,0.16631598720679502,0.04288286778154297,0.05592157757998509,0.016805448184658733,0.0005096991452067522,0.2361455219051184,0.026946666916780382,0.03419039458258156,0.0,0.02289017942393172,0.019955026011913145
37,0.013282057008598361,0.07051855848954006,0.22246079022631823,0.03383371723589459,0.036020064068585676,0.016342942574365884,0.03552813603123018,0.05575184423362275,0.009846589917652972,0.09849492481273352,0.015304427828837617,0.021644833643641774,0.027274676737821326,0.04574930747406102,0.00041773914165103637,0.03399769324834642,0.11751614225714599,0.2909481047603666,0.0316473704032035,0.04361761931218721,0.027821263445994098,0.007369448016491389,0.0059531190650562995,0.0020014460853323484,0.4520954003014952,0.24220459302204178,0.054877305500546314,0.00019738614291547538,0.06575438099318448,0.0033555644295630814,0.1373572397638176,0.042305811212572556,0.22431918503410564,0.00040211055842065597,0.0383703869137286,0.0003028862209332541,0.021043588264651723,0.0018917525831581832,0.010002536759561729,0.00012085525532971356,0.10357818119874031,0.049739390443722255,0.0003748826999165141,0.17906180559740012,0.023339252438977366,0.05505249300925296,0.008308117964226135,0.09658187133412882,0.034107010589980974,0.026728090029648554,0.12041305181046168,0.0006249810016395504,0.026892066042100385,0.04383625399545632,0.0015839538621643943,0.01896655877359519,0.08703531494561692,0.03640267476430662,0.01250685439561122,0.0,0.001538405587787768,0.022628689718352763,0.028695802179070532,0.40873754037159893,0.05651706562506463,0.02918773021642603,0.030226244961954293,0.02875046084988781,0.01076775815100361,0.03299799530270639,0.028641143508253256,0.037495848180652165,0.007243509673002968,0.032576567807097216,0.02169949231445905,0.009455950051388957,0.02957034091214697,0.012790128971242865,0.06673823706789547,0.05832080176203478,0.012462176946339203,0.015468403841289448,0.01663858307987564,0.022628689718352763,0.016397601245183163,0.0028537172902688584,0.032576567807097216,0.14730511785256206,0.4046927987311204,0.05974192720328399,0.02601752730902395,0.04941143841881859,0.027274676737821326,0.0008653531431306195,0.01213422492143554,0.040939344442140625,0.07094695472082581,0.0,0.031592711732386224,0.0029658464802846795
38,0.02280215577087687,0.0017917341240281327,0.15259904246663752,0.028941197709189872,0.010524071894250862,0.024556167753252013,0.01754011982375144,0.028941197709189872,0.0018697030482150703,0.044727305550566164,0.014909101850188722,0.15523006044020024,0.020171137797314154,0.010524071894250862,0.0,0.18329425215820253,0.5323426366508561,0.22714455171758113,0.06752946132144304,0.013155089867813578,0.03157221568275259,0.0,0.003537726855587755,0.0,0.0,0.0,0.12891988070457308,0.0,0.09120862308350748,0.0,0.05525137744481703,0.021048143788501724,0.17627820422870194,0.0,0.00438502995593786,0.0,0.01754011982375144,0.0,0.03157221568275259,0.0,0.14821401251069966,0.3657114983252175,0.0,0.26047077938270885,0.013155089867813578,0.008062803558126599,0.05437437145362946,0.0017540119823751439,0.12716586872219793,0.01929413180612658,0.028941197709189872,0.0,0.08331556916281933,0.03946526960344074,0.0,0.021048143788501724,0.0,0.014032095859001151,0.0044793353100703315,0.0,0.0,0.00964706590306329,0.020171137797314154,0.2341605996470817,0.007893053920688148,0.03508023964750288,0.03508023964750288,0.005262035947125431,0.02280215577087687,0.006271069434098465,0.02367916176206444,0.005262035947125431,0.00366057077954474,0.005262035947125431,0.01754011982375144,0.011401077885438435,0.01754011982375144,0.0841925751540069,0.014032095859001151,0.029818203700377445,0.0008770059911875719,0.09471664704825776,0.027771878922436058,0.00877005991187572,0.024556167753252013,0.0,0.01754011982375144,0.08243856317163176,0.2613477853738964,0.15873808440495052,0.05963640740075489,0.028941197709189872,0.014032095859001151,0.0,0.1473370065195121,0.013155089867813578,0.03244922167394016,0.0,0.012278083876626007,0.2269553883317739
39,0.014114775804138412,0.0024030551782050174,0.3552218577374834,0.01646723843816148,0.014114775804138412,0.037639402144369095,0.018819701072184548,0.047049252680461374,0.020061010309354952,0.061164028484599786,0.018819701072184548,0.08939358009287661,0.037639402144369095,0.007057387902069206,0.0,0.15996745911356866,0.45402528836645223,0.16702484701563788,0.08704111745885354,0.014114775804138412,0.011762313170115344,0.0,0.0,0.0,0.0,0.0,0.068221416386669,0.0,0.03528693951034603,0.0,0.03293447687632296,0.01646723843816148,0.10115589326299196,0.0,0.011762313170115344,0.0,0.011762313170115344,0.0,0.011762313170115344,0.0,0.09174604272689968,0.1952543986239147,0.0,0.1199755943351765,0.01646723843816148,0.01682138624743512,0.028229551608276823,0.004704925268046137,0.042344327412415235,0.01646723843816148,0.011762313170115344,0.0,0.11762313170115343,0.042344327412415235,0.003408601251222195,0.009409850536092274,0.0026737514768458066,0.007057387902069206,0.021627496603845157,0.0,0.0,0.011762313170115344,0.011762313170115344,0.308172605057022,0.011762313170115344,0.09409850536092275,0.044696790046438305,0.011762313170115344,0.009409850536092274,0.0,0.007057387902069206,0.004704925268046137,0.0,0.023524626340230687,0.004704925268046137,0.004704925268046137,0.025877088974253757,0.011762313170115344,0.021172163706207617,0.039991864778392165,0.004704925268046137,0.15996745911356866,0.014418331069230106,0.018819701072184548,0.0023524626340230685,0.0,0.023524626340230687,0.11762313170115343,0.40462357305196783,0.31052506769104504,0.14585268330943027,0.023524626340230687,0.014114775804138412,0.0,0.058811565850576716,0.01646723843816148,0.021172163706207617,0.0,0.03293447687632296,0.22583789561978054
40,0.0065413323336548914,0.013364023138481996,0.0359773278351019,0.029435995501447012,0.021259330084378397,0.004905999250241168,0.021259330084378397,0.01144733158389606,0.0034863926605167715,0.02289466316779212,0.032706661668274455,0.016353330834137227,0.024529996251205843,0.0016353330834137229,0.0,0.06377799025313519,0.7342645544527615,0.2910892888476427,0.021259330084378397,0.021259330084378397,0.026165329334619566,0.0,0.0,0.0,0.0,0.0,0.04088332708534307,0.0,0.04578932633558424,0.0,0.03107132858486073,0.09484931883799592,0.253476627929127,0.0,0.021259330084378397,0.0,0.06050732408630774,0.004527948504586128,0.019623997000964673,0.0,0.05069532558582541,0.08340198725409986,0.0,0.08340198725409986,0.02289466316779212,0.03341005784620499,0.01144733158389606,0.014717997750723506,0.016353330834137227,0.019623997000964673,0.021259330084378397,0.0,0.06214265716972146,0.04742465941899796,0.0,0.019623997000964673,0.11709681317419403,0.01144733158389606,0.0016705028923102495,0.0,0.0,0.008176665417068614,0.026165329334619566,0.22567596551109376,0.019623997000964673,0.07031932258679008,0.029435995501447012,0.0032706661668274457,0.008176665417068614,0.006682011569240998,0.07358998875361752,0.014717997750723506,0.03924825168890872,0.016353330834137227,0.03924799400192935,0.019623997000964673,0.02780066241803329,0.01798866391755095,0.07522532183703125,0.04578932633558424,0.013082664667309783,0.04578932633558424,0.006682011569240998,0.2436646294286447,0.01798866391755095,0.003880926538949468,0.0359773278351019,0.07522532183703125,0.29599528809788384,0.06377799025313519,0.02289466316779212,0.02289466316779212,0.026165329334619566,0.0,0.053965991752652855,0.009811998500482337,0.01144733158389606,0.0,0.019623997000964673,0.0
41,0.055284182562092415,0.002921024251952379,0.08928077758590787,0.09849480801292326,0.02065213716400004,0.03209024390098468,0.027006640906769283,0.037809297269476995,0.005418907116774139,0.04543470176080009,0.021605312725415427,0.02637119053249236,0.039397923205169307,0.015568534169784645,0.0,0.057825984059200114,0.4718219029006163,0.1979427915872619,0.11183926587273868,0.01811033566689234,0.06290958705341551,0.0,0.0006408308144590423,0.0005058347221444407,0.0,0.0,0.12295964742258485,0.0005736925931295702,0.054013281813538566,0.0,0.058143709246338576,0.05178920550356933,0.12264192223544639,0.0,0.007625404491323091,0.0,0.05274238106498472,0.0013195873983388848,0.022876213473969276,0.0,0.12836097560393872,0.2589460275178467,0.0,0.16934752474480033,0.010167205988430789,0.009087631006074067,0.015568534169784645,0.018745786041169266,0.035267495772369296,0.008260854865600017,0.028595266842461595,0.0,0.06894636560904628,0.039397923205169307,0.0,0.010167205988430789,0.0014444746982267996,0.019698961602584653,0.001947349501301586,0.0,0.0,0.03463204539809237,0.027324366093907745,0.4228922240812931,0.012073557111261561,0.10357841100713866,0.04257517507655393,0.007943129678461554,0.02065213716400004,0.01038586400694179,0.04765877807076932,0.24369521853520046,0.011935494088821094,0.031454793526707756,0.03240796908812314,0.030501617965292365,0.03590294614664622,0.018745786041169266,0.04035109876658469,0.052424655877846255,0.0015886259356923107,0.02668891571963082,0.01038586400694179,0.04384607582510778,0.03622067133378468,0.012064263833365037,0.029866167591015444,0.1477422120193849,0.36252443852498534,0.24719019559372354,0.03177251871384622,0.03876247283089238,0.02923071721673852,0.0,0.18523378410172345,0.020016686789723116,0.03209024390098468,0.0,0.028277541655323132,0.004641581034541537
42,0.06066325516276886,0.007745986447208881,0.11121596779840957,0.12132651032553772,0.022748720686038323,0.0075829068953461075,0.0075829068953461075,0.07330143332167904,0.0,0.05055271263564071,0.022748720686038323,0.015165813790692215,0.05560798389920479,0.010110542527128143,0.0,0.12132651032553772,0.29573336891849816,0.20221085054256285,0.04802507700385868,0.020221085054256287,0.070773797689897,0.0,0.0,0.0,0.0,0.0,0.10110542527128143,0.0,0.04296980574029461,0.004563962502134902,0.04044217010851257,0.070773797689897,0.28562282639137004,0.0,0.03285926321316646,0.0,0.03033162758138443,0.0,0.027803991949602393,0.0,0.17440685859296046,0.11374360343019162,0.0,0.29067809765493413,0.022748720686038323,0.007745986447208881,0.05813561953098682,0.04802507700385868,0.04549744137207665,0.0075829068953461075,0.04802507700385868,0.0,0.11627123906197365,0.05308034826742275,0.0,0.022748720686038323,0.03160133702541493,0.002527635631782036,0.00516399096480592,0.0,0.0,0.0353868988449485,0.04296980574029461,0.5333311183060095,0.015165813790692215,0.23507011375572934,0.1061606965348455,0.0353868988449485,0.0353868988449485,0.01032798192961184,0.08341197584880718,0.03285926321316646,0.00263755015017295,0.0631908907945509,0.1263817815891018,0.07330143332167904,0.13143705285266585,0.03033162758138443,0.0075829068953461075,0.21484902870147304,0.005055271263564072,0.03285926321316646,0.030983945788835524,0.05813561953098682,0.0075829068953461075,0.008997770824491557,0.10110542527128143,0.11627123906197365,0.23001484249216525,0.04802507700385868,0.020221085054256287,0.015165813790692215,0.022748720686038323,0.0,0.025276356317820357,0.015165813790692215,0.06571852642633293,0.0,0.022748720686038323,0.0158253009010377
43,0.004438366502633999,0.0005420870451993527,0.014617663590196756,0.010709971343312474,0.0020744539088398037,0.0034735042194526944,0.0023156694796351296,0.003569990447770825,0.0007199518470052276,0.006850522210587259,0.002605128164589521,0.00824957252120015,0.006754035982269128,0.0015437796530900865,0.0,0.019345488777785146,0.08490788091995476,0.033963152367981905,0.013604558192856386,0.0029910730778620427,0.004631338959270259,0.0,0.0,0.0,0.0,0.0,0.008924976119427063,8.710898091468809e-05,0.010951186914107802,0.0,0.00603038926988315,0.003087559306180173,0.023156694796351296,0.0,0.0010613485114994345,0.0,0.011385374941539388,6.678833163367656e-05,0.0017367521097263472,0.0,0.02735384572818997,0.061654699895285325,0.0,0.017271034868945344,0.0009648622831813041,0.0016755417760707266,0.006223361726519411,0.0011095916256584997,0.005306742557497172,0.0022674263654760647,0.007429439580496041,0.0,0.010516998886676215,0.00472782518758839,6.990187087657363e-05,0.0006754035982269129,0.0,0.0013508071964538257,0.0005913676856720212,0.0,0.0,0.001688508995567282,0.0034735042194526944,0.04915973332808744,0.0010613485114994345,0.0120607785397663,0.0037629629044070856,0.0007718898265450432,0.00361823356192989,0.0009363321689807002,0.002460398822112325,0.00472782518758839,0.0030204582827156254,0.0031358024203392383,0.004197150931838672,0.0055479581282924986,0.0027981006212257817,0.0027498575070667164,0.011530104284016584,0.005692687470769694,0.0003859449132725216,0.007477682694655106,0.0006899289666173581,0.007188224009700715,0.0013990503106128909,0.0008014244240045301,0.0027981006212257817,0.014231718676924235,0.07197872632532529,0.02031035106096645,0.0034735042194526944,0.004293637160156803,0.003907692246884281,0.0,0.0779126293668903,0.0010131053973403692,0.003955935361043347,0.984641459370619,0.002894586849543912,0.002265343712036719
44,0.0451048006484417,0.02677853585332791,0.168468357977513,0.10524453484636395,0.024287200349160914,0.02505822258246761,0.03700906719872139,0.12876071296221817,0.006985956989972136,0.07671671221401621,0.039322133898641476,0.03431048938214796,0.03315395603218791,0.03431048938214796,0.0,0.04973093404828187,0.14225360204508536,0.3184321823556653,0.09213715688015013,0.052429511864855304,0.04626133399840174,0.0,0.0,0.0006137533833317333,0.0,0.0,0.0990763569799104,0.0,0.05859768973130887,0.0,0.05782666749800217,0.05127297851489526,0.2104890696927279,0.0,0.03392497826549461,0.0,0.020046578065974086,0.0,0.027756800399041045,0.0,0.11334026829608426,0.21742826979248817,0.0006610179414258419,0.19930924730978083,0.015805955782787262,0.018902495896466764,0.03315395603218791,0.015805955782787262,0.047032356231708435,0.026214755932427652,0.04086417836525487,0.0007346718590927036,0.026600267049081,0.04124968948190822,0.0,0.013107377966213826,0.002190812518304716,0.020817600299280783,0.023628119870583452,0.0,0.0,0.04973093404828187,0.013878400199520522,0.25983449262435643,0.016962489132747303,0.020046578065974086,0.013878400199520522,0.03199742268222787,0.012336355732907131,0.01969009989215288,0.03970764501529483,0.04780337846501513,0.011665978210735938,0.025829244815774303,0.04857440069832183,0.009637777916333697,0.02544373369912096,0.06900648988094926,0.052429511864855304,0.031226400448921176,0.002313066699920087,0.040478667248601524,0.026384733855484857,0.017348000249400652,0.014263911316173869,0.0,0.03199742268222787,0.20971804745942121,0.6711748540934785,0.11719537946261774,0.020432089182627435,0.028913333749001086,0.07016302323090931,0.0013563091801034668,0.053200534098162,0.017348000249400652,0.04973093404828187,0.0,0.031611911565574524,0.026147882196477106
45,0.029487673342756114,0.00777337839926559,0.26729149062304736,0.09321909637387416,0.012365798498575144,0.0703899299149662,0.014268229036817473,0.045658332917815916,0.0,0.034243749688361934,0.03899982603396776,0.025682812266271452,0.03329253441924077,0.021877951189786794,0.0,0.09036545056651067,0.29107187235107645,0.17026753317268853,0.31390103880998443,0.013317013767696308,0.05802413141639106,0.0,0.0,0.0,0.0,0.0,0.14743836671378055,0.0,0.023780381728029123,0.0,0.03614618022660427,0.06278020776199689,0.16170659575059804,0.0,0.0190243053824233,0.0,0.008560937422090483,0.0,0.00951215269121165,0.0,0.15409687359762872,0.11414583229453978,0.001631004481805104,0.28346215019810717,0.03139010388099844,0.010688395298990187,0.028536458073634946,0.00951215269121165,0.017121874844180967,0.012365798498575144,0.048511978725179414,0.0,0.08846302002826834,0.05612170087814873,0.0,0.0057072916147269896,0.044326248139688114,0.00380486107648466,0.10299726379026908,0.0,0.0,0.053268055070785233,0.0190243053824233,0.3728763854954966,0.016170659575059802,0.08275572841354135,0.09036545056651067,0.004756076345605825,0.008560937422090483,0.008745050699173789,0.0351949649574831,0.013317013767696308,0.004962894857888438,0.0351949649574831,0.08085329787529902,0.029487673342756114,0.04280468711045242,0.40807135045297976,0.02758524280451378,0.06848749937672387,0.000951215269121165,0.013317013767696308,0.017490101398347578,0.017121874844180967,0.016170659575059802,0.002257397358145633,0.0380486107648466,0.1274628460622361,0.271096351699532,0.17787725532565785,0.04280468711045242,0.017121874844180967,0.010463367960332814,0.0,0.03329253441924077,0.024731596997150287,0.022829166458907958,0.0030826125392281974,0.028536458073634946,0.11017626584512331
