title,code,th
난설,20004090,2
난설,19008450,1
땡큐 베리 스트로베리,21004051,2
랭보,22012631,3
랭보,19011324,2
랭보,18012337,1
명동로망스,21000336#,3
명동로망스,,2
명동로망스,15010425,1
베르나르다 알바,20008790#,2
베르나르다 알바,18012739,1
빈센트 반 고흐,22001888#,5
빈센트 반 고흐,19016052,4
빈센트 반 고흐,17011813,3
빈센트 반 고흐,15005119,2
빈센트 반 고흐,13013900,1
빨래,23000548,27
빨래,22005675#,26
빨래,21008475#,25
빨래,20003788#,24
빨래,19011860#,23
빨래,18018218#,22
빨래,18005012,21
빨래,17014995,20
사의찬미,22008657,7
사의찬미,22004785,6
사의찬미,19008114,5
사의찬미,17008547,4
사의찬미,15004097,3
시데레우스,22007400#,3
시데레우스,20005205,2(1)
시데레우스,20007985,2(2)
시데레우스,19004705,1
아랑가,20003573,3
아랑가,18018107,2
아랑가,15014971,1
이토록 보통의,21006842#,2
이토록 보통의,19011322,1
전설의 리틀 농구단,22006658,7
전설의 리틀 농구단,20003987#,6
전설의 리틀 농구단,19010752,5
전설의 리틀 농구단,18001132,4
차미,22002729#,2
차미,20002836,1
쿠로이 저택엔 누가 살고 있을까?,23004411,2
쿠로이 저택엔 누가 살고 있을까?,21010018,1
포미니츠,21011956,2
포미니츠,20009489,1
해적,23001691#,3
해적,21004224#,2
해적,19002260,1
