,Nouns
0,미리
3,사랑
5,오랬
7,기억
8,생각
9,크뤼
11,선생
13,월요일
19,어디가
23,헤엄
25,브라
28,연주
29,무대
30,현악기
31,기도
32,타악기
33,기도
34,피아노
36,거예
39,미니
41,연기
42,음악
43,연출
45,눈물
49,미니
53,라면
56,집중
58,수도
60,심혈
62,메세지
64,생각
72,별로
73,체적
74,스토리
75,연출
76,넘버
79,스토리
80,라인
81,연출
82,대박
85,담번
92,기약
95,여운
101,내용
104,최고
117,기억
122,무대
127,브라보
128,머리
133,피아노
134,연주
135,감상
136,관객
137,기분
141,변화
143,사람
144,만남
145,인상
147,변화
149,사람
150,만남
151,인상
153,변화
155,사람
156,만남
157,인상
159,크뤼
161,관계
165,거리
166,관계
168,관계성
171,내용
173,마음
175,과정
176,진행
178,마음
181,인물
182,장면
187,마음
188,과정
192,거리
193,관계
195,관계성
200,내용
202,변화
204,사람
205,만남
206,인상
207,피아노
208,무대
213,연주
217,인물
218,메시지
219,여성
226,넘버
227,눈물
231,크뤼
233,재아
240,인천
242,회상
244,친구
245,현재
249,무척
250,인상
251,정동극장
253,친구
257,호흡
258,소리
259,생기
261,열연
263,사랑
265,열연
266,인상
268,공보
270,서사
271,생각
272,촘촘했던
283,날자
286,생각
289,봣어
290,최고
292,최고
293,무대
295,최고
297,인천
299,한재
310,친구
311,감동
312,친구
314,추억
320,사람
324,가사
325,넘버
331,연기
332,소름
333,넘버
334,멜로디
336,멜로디
337,가사
342,멜로디
350,처음
353,완성
355,울림
358,에너지
360,미니
362,최고
364,미니
367,미니
369,사랑
371,체적
372,한재
373,연기
374,내용
377,요새
379,극들
380,차이
381,피아노
385,무작정
389,미니
391,평소
392,유튜브
393,통해
394,김경민
395,피아니스트
397,피아노
398,연주
399,최고
400,회상
403,변화
404,자주
407,연기
412,성량
413,최고
414,유튜브
416,미니
418,넘버
420,직접
422,최고
426,처음
431,비밀
433,재아
435,연기
436,넘버
437,성량
439,최고
441,대화
443,최고
444,사람
445,추천
448,만이
449,서울
452,인천
456,유튜브
457,넘버
459,재아
467,재아
473,힐링
475,미니
481,연주
482,퍼포먼스
483,다한
486,스탭들
489,애정
492,관객
496,사랑
505,인상
507,최고
516,상실
518,혐오
519,죄책감
523,결심
525,사람
527,군데군데
530,연출
531,존재
532,특정
534,비중
535,분배
536,아쉬움
537,남지
541,상쇄할
544,크뤼
546,연대
547,성장
548,메시지
551,부디
554,발전
556,감동
557,추천
559,감동
563,기억
565,전설
566,연기력
569,무대
576,무대
577,인사
579,선생님
583,서사
585,넘버
586,사랑
588,연기
589,구멍
596,두운
597,분위기
600,도의
601,조명
602,상구
603,조물
604,인상
605,포그
606,조명
611,무대
617,열연
623,예술가
624,연주
625,기억
630,예술
633,니사
634,정동극장
635,쩌렁쩌렁
636,성대
642,내용
644,고통
647,설명
648,생각
649,아버지
650,갈등
651,줄기
655,이해
657,이해
660,연기
662,연주
663,장면
664,충격
667,인상
672,재아
673,재니
675,빨리
677,짱짱
679,미니
684,연기
686,인천
690,최고
691,피아노
692,울림
696,프로그램
697,북도
698,사고
699,오스
708,생각
710,성경
711,달란트
714,소흘히
715,수도
717,사람
718,그것
720,생각
723,연주
724,장면
726,가치
734,의무
735,의미
737,최고
742,예정
744,감동
745,아픔
746,동시
748,연기
754,서초
758,거지
765,문제
769,감동
773,다반
781,현기증
783,담달
785,여운
787,만날
789,크뤼
791,목소리
792,피아노
793,오스카
795,쉼표
797,사람
799,브라
804,인사
805,기립
807,박수
810,무대
811,오른
813,김경민
814,피아니스트
815,진심
816,존경
827,서영이
828,봉련짱
831,정동
835,도시
837,최고
839,연기
840,넘버
842,최고
844,주연
846,연기
847,노래
853,심장
854,피아노
859,인생
861,최고
864,최고
879,신랑
885,긴장
886,기도
888,별로
889,마음
893,마음
895,시작
899,연기
900,피아노
901,연주
902,스토리
903,저절로
904,몰입
907,마음
908,노래
909,가사
910,선율
911,마음속
912,남아
914,준비
915,전율
917,피아노
920,회피
921,일부러
922,사랑
923,마음
924,기저
928,장면
929,소름
931,가야크뤼거
941,참고
944,순간
945,응원
949,시작
953,눈물
955,관통
956,주제
958,공감
959,생각
964,주연
969,감사
970,박수
972,사이사이
973,솔로
975,사이
976,박수
981,저림
983,강추
985,제목
990,연기
991,노래
992,몸짓
1000,체구
1002,소리
1004,감탄
1006,이제야
1013,등장
1015,존경
1018,미니
1025,처음
1026,정동극장
1030,힐링
1032,크뤼
1034,관계성
1036,힐링
1038,구원
1041,감동
1042,넘버
1046,납득
1050,나머지
1052,울면
1056,소정
1060,분도
1061,특정
1064,예상
1067,몰입
1068,음극
1069,분위기
1071,절망
1074,와중
1075,위로
1076,희망
1077,노래
1079,데뮈체
1080,입장
1081,이해
1089,감동
1090,처음
1091,아무
1092,지식
1093,응뭘
1095,몰입
1097,전하
1098,메세지
1102,감동
1103,사람
1106,콩쿨
1107,피아노
1108,장면
1110,후회
1117,최고
1118,소정
1119,크뤼
1121,재아
1123,동수
1124,뮈체인트
1125,연출
1126,깜놀
1130,몰입
1134,공감
1135,여운
1137,주연
1139,이소정
1142,실력
1143,습량
1144,박수
1145,조명
1146,무대
1147,치가
1150,다운
1151,연출
1152,연극
1158,인상
1160,연기
1161,소름
1162,피아노
1163,연주
1164,호기심
1167,열연
1169,스토리
1170,기립박수
1172,피아노
1173,소리
1175,목소리
1177,귓가
1178,인간
1179,욕구
1181,티어
1182,탑인
1183,자아
1184,실현
1185,욕구
1186,만족
1190,보시
1191,렛잇고
1192,지리
1194,미니
1197,예술
1198,재아
1208,최고
1209,디비디
1212,에너지
1213,연기
1214,노래
1215,안무
1217,피아노
1218,연주가
1219,마음
1220,깊이
1224,연출
1225,앞줄관
1226,최고
1228,무대
1229,연출
1231,연기
1232,감동
1233,장면
1236,연기
1237,최고
1240,불구
1243,최고
1244,소정
1246,영제
1247,뮈체꼭
1252,피아노
1253,중심
1254,인물
1256,스스로
1257,표현
1258,도구
1260,피아노
1261,무대
1266,연주
1270,인물
1271,메시지
1272,선생님
1273,제자
1274,여정
1275,연장
1277,눈물
1283,재미
1286,재니
1288,미니
1294,연출
1296,유적
1299,연출
1300,나름
1301,장점
1302,재능
1306,참복
1308,마음
1310,다스
1311,승과
1312,제자
1313,감동
1314,유대
1315,유대
1317,질투
1318,교도관
1319,마음
1320,피아노
1322,스토리
1324,연기
1327,차도
1328,넘버
1329,각색
1330,원작
1331,흐름
1333,답시고
1334,전시
1335,전개
1336,방식
1337,택하
1338,바람
1340,얼개
1341,대사도
1342,설득
1343,공감
1345,상황
1346,유추
1347,이해
1348,따름
1349,디렉
1350,감정
1351,연기
1356,대본
1357,각색
1358,실패
1359,감정
1360,고조
1361,감동
1362,아픔
1364,사람
1366,마음
1367,세계
1370,객석
1372,서너
1374,목적
1377,마음
1383,짱짱
1385,취향
1386,중독
1387,요구
1392,세상
1394,절망
1396,어차피
1397,세상
1401,성량
1405,들개
1406,굴다
1408,반려견
1410,사람
1411,세상
1412,마주
1416,죽음
1417,시작
1418,음악
1419,보우
1420,스키
1421,청소쏭
1422,되르테
1424,절콩쿨
1425,예선
1426,본선
1428,피아니스트
1431,수용
1434,결승
1438,이어진
1439,브라
1443,마음
1444,장면
1446,인천
1447,고민
1449,열연
1451,이소정
1452,재아
1456,연기
1457,도기
1464,미니
1472,미니
1474,타임세일
1476,구매
1479,내용
1480,마음
1483,열연
1484,집중
1487,피아노
1488,연주
1491,체고
1492,이소정
1499,성공
1501,퀄리티
1502,넘버
1504,조명
1506,생각
1510,연기
1515,수하
1516,환희
1524,연기
1525,시작
1528,아무
1529,상관
1537,두운
1544,눈물
1546,연기
1549,가까이
1550,시점
1554,아쉬움
1559,종일
1562,연달
1563,법도
1564,어째
1569,던데
1571,아인슈타인
1576,감동
1578,우리나라
1580,영광
1582,슈타인
1583,웨이
1584,친구
1586,고생
1589,전이
1591,미니
1596,쨰보
1600,세수
1601,양치
1602,설거지
1603,청소기
1604,돌담
1606,눈물
1608,노래
1609,어쩜그리
1610,연기
1611,어쩜
1612,펑펑
1614,최고
1618,영화로
1621,무대
1623,기대
1624,입체
1625,무대
1626,구성
1627,무척
1628,인상
1629,요크
1630,뤼거
1631,선생님
1633,탤런트
1634,이봉
1635,련씨
1636,깜짝
1637,조기
1638,한지
1639,무대
1640,가까이
1642,확보
1644,굿굿
1647,주변
1648,정동
1650,나들이
1652,내용
1655,미니
1659,연출
1660,연기
1662,피아노
1663,연주가
1665,최고
1668,관계도
1670,충격
1676,스킵
1677,불구
1678,몰입
1680,미니
1683,공전
1687,예정
1690,예술
1691,연출
1693,대박
1697,사람
1700,생각
1701,계기
1702,피아노
1703,퍼포먼스
1704,인생
1705,읖조리
1707,이소정
1710,감동
1714,연기
1715,노래
1716,피아니스트
1717,분도
1720,차곡차곡
1722,트리
1725,한재
1727,연장
1729,연장
1731,연장
1733,연장
1736,빌드업
1737,통해
1739,인물
1741,대사
1742,행동
1744,설명
1746,넘버
1747,마찬가지
1749,노래
1751,몰입도
1754,소리
1758,피아노
1759,소리
1760,연출
1762,흠뻑
1763,몰입
1765,구성
1766,피아니스트
1767,피아노
1768,연주
1771,연기
1773,보이스
1774,매력
1778,서사
1780,넘버
1782,무대
1785,몰입
1789,연주
1792,최고
1793,무대
1794,연출
1795,박해
1798,멱살
1799,잡고
1800,캐리
1801,연기력
1802,가창력
1811,우세
1814,재아
1816,처음
1820,연기
1821,노래
1825,열연
1826,무대
1827,내용
1829,취향
1830,정동
1833,무대
1834,중앙
1835,피아노
1836,연주
1837,연극
1839,정동극장
1842,인상
1848,생각
1851,방향
1853,잡지
1857,뤼거
1860,집중
1863,상세
1864,폭력
1867,서영이
1870,연기
1871,노래
1873,최고
1874,김경민
1875,피아니스트
1883,연기
1884,노래
1885,신체
1886,혹사
1887,심해
1890,호흡
1892,생각
1899,미니
1903,인상
1908,발견
1909,노래
1910,연기
1917,연출
1918,조명
1919,영상
1920,무대
1928,지인
1929,데리
1930,여운
1931,장난
1933,몰입
1935,장난
1936,처음
1938,집중
1939,최상
1940,유지
1943,불칠
1945,한전
1956,연출
1957,충격
1958,기억
1964,아포
1965,미니
1967,사랑
1969,피아노
1970,연기
1971,넘버
1978,달리
1979,수정
1983,여운
1987,여름
1992,열연
1993,감동
1994,후회
1995,선택
1997,넘버
1999,흐름
2001,최고
2004,불구
2005,이유
2008,파격
2009,퍼포먼스
2010,열정
2011,연기
2013,무대
2016,무대
2017,연기자
2021,비교
2022,연출
2025,생략
2026,넘버
2027,소정
2032,자막
2033,지원
2035,생각
2036,단체
2037,넘버
2038,피아노
2039,중심
2041,가사
2042,알기
2044,정동
2045,시야
2046,추천
2051,존재
2052,스토리
2053,설명
2054,몰입
2056,후루룩
2057,오진
2058,무대
2059,연출
2061,연기
2062,피날레
2067,워낙
2073,최고
2074,연기
2075,노래
2076,신체
2077,조건
2079,최고
2083,듭니
2084,무대
2085,영상
2089,순위
2090,아래
2094,이해
2095,최소
2098,사랑
2100,미니
2103,방구
2104,서사
2109,사랑
2110,구원
2111,감동
2113,귀뚜라미
2115,전광판
2117,세상
2119,마음
2120,가득
2121,덕수궁
2122,돌담
2125,길이
2127,설명
2134,관계성
2135,감동
2137,정점
2138,사제
2139,간의
2140,사랑
2141,최고
2145,솔로
2150,오스카
2151,이후
2153,마음
2154,솔로
2157,여름
2158,최고
2160,중반
2162,내용
2163,전개
2175,생각
2176,드라마
2177,전개
2180,연출
2181,연출
2182,소정
2183,크뤼커
2184,크뤼커
2187,위로
2189,현실
2191,사람
2196,정리
2203,크뤼커
2204,피아노
2206,활용
2208,처음
2209,넘버
2210,요귀
2211,가사
2214,개월
2219,가사
2220,추상
2221,공감
2224,작곡
2225,면서
2227,한국어
2228,번역
2230,가사
2231,한국어
2232,한국어
2234,가사
2237,앙상블
2238,노래
2239,화음
2241,요한
2245,사리
2246,처음
2249,어깨
2252,중반
2254,불구
2255,최후
2256,연주
2258,과거
2259,회상씬
2260,현재
2261,실험
2262,시도
2267,고생
2268,좀처럼
2269,악평
2270,어제
2273,창작
2275,가격
2276,퀄리티
2277,라면
2280,나은
2281,버전
2283,숨소리
2284,손끝
2286,감동
2288,정동
2289,분위기
2291,배경
2294,하루
2296,여운
2297,강력
2298,추천
2299,일부러
2300,내용
2304,봣는데
2305,극일
2309,몰입
2318,한재
2320,반전
2321,매력
2324,장면
2328,존재
2329,크뤼
2331,감상
2336,시작
2337,넘버
2342,재관
2344,전개
2346,원작
2348,존재
2351,사람
2354,이해
2360,짐작
2361,전개
2363,흡입
2364,장난
2365,처음
2366,시작
2369,아우라
2371,분출
2374,전개
2379,내용
2380,전개
2383,의자
2389,처음
2390,경연
2391,접수
2395,살인자
2398,무대
2399,퍼포먼스
2400,노래
2405,노래
2408,거리
2410,노래
2412,스토리
2413,전개
2415,서사
2416,집중
2418,이해
2419,노래
2421,아빠
2422,검사
2424,과거
2425,얘기
2426,인형
2427,퍼포먼스
2429,노래
2432,처음
2435,피아니스트
2437,등장
2441,연기
2443,피아니스트
2445,시선
2446,분산
2449,처음
2450,시작
2451,장면
2456,자극
2457,수도
2458,요크
2459,뤼거
2460,집무
2461,세팅
2463,이해
2464,돕기
2466,표현
2467,반대편
2468,소장
2469,사무실
2471,무대
2472,균형
2474,소장
2475,책임
2476,표현
2477,사무실
2479,억지로
2483,원작
2485,이해
2487,대사
2488,행동
2489,굳이
2491,필요
2494,상징
2497,포기
2498,수도
2499,실화
2500,바탕
2501,내용
2503,제반
2504,사항
2507,이해
2510,무대
2518,상상
2524,감정이입
2525,재미
2526,요소
2530,아쉬움
2534,나은
2540,추가
2543,완성
2544,도도
2545,생각
2547,거지
2549,뮈체서사
2551,서사
2553,생각
2559,전초
2560,연포
2561,미니
2568,불구
2571,처음
2572,지인
2574,내용
2575,요안
2578,과거
2580,상실
2582,장면
2584,관련
2587,덕인
2589,단박
2590,이해
2592,초면
2594,사람
2596,하수
2597,피아노
2598,무대
2600,스테이지
2601,이동
2604,피아노
2606,등장
2610,진행
2611,방해
2613,추가
2615,넘버
2617,필요성
2618,크게
2620,처음
2621,시작
2622,장면
2623,대사
2625,크게
2626,불만족
2628,좌우
2629,위치
2630,교도소
2631,방과
2632,크뤼
2636,연출
2637,연출가
2640,이해
2642,전작
2643,쇼맨
2644,연출
2646,아쉬움
2648,편곡
2649,추가
2652,넘버
2654,그것
2655,불호
2659,선생님
2660,재아
2662,연기
2663,마이크
2666,음역
2667,노래
2681,부호
2684,관객
2685,대화
2686,재밋
2689,넘버
2690,소정
2691,크뤼
2693,재아
2696,감동
2697,여성
2698,서사
2700,세상
2702,넘버
2705,넘버
2707,집중
2708,역할
2710,요크
2711,뤼거
2713,서사
2714,이해
2715,무리
2717,스토리
2720,호흡
2721,노래
2723,표현
2724,내기
2726,여정
2727,응원
2728,피아노
2729,소재
2733,마음
2734,과정
2735,재아
2737,이소정
2741,매력
2742,관대
2743,무대
2746,인상
2747,폭력
2748,자극
2749,장면
2750,처음
2751,보시
2753,유의
2756,두우
2757,서도
2758,인간
2762,타입
2763,여성
2767,관계
2771,설명
2773,굳이
2777,필요
2781,설명
2782,관객
2783,이해
2792,마음
2793,얘기
2794,넘버
2796,무척
2799,분위기
2801,갑자기
2805,성격
2807,그것
2811,인물
2814,관계
2815,변화
2818,정동극장
2819,시야
2820,몰입
2824,연기
2825,넘버
2826,뇌리
2828,오슷
2830,경민
2831,피아니스트
2835,사랑
2836,해애
2837,스토리
2838,자극
2839,요소
2841,미리
2843,추천
2846,연출
2848,생각
2858,엔딩
2859,하나로
2861,장면
2862,압도
2863,피아노
2864,율과
2869,추천
2870,피아니스트
2873,상처
2874,영혼
2877,여주
2878,인생
2879,전사
2880,내용
2883,원작
2885,관객
2888,사건
2889,소재
2890,주제
2891,로서
2892,어쨌든
2895,워낙
2896,악명
2901,자둘
2903,연출
2904,매력
2910,목소리
2911,극락
2919,생각
2921,소문
2922,타고
2923,마음
2927,추가
2928,넘버
2931,사람
2932,엔딩
2933,만난
2940,여정
2941,동참
2943,노래
2947,무대
2948,연출
2952,무대
2953,연출
2954,연기
2956,마을
2957,차차차
2958,감칠맛
2959,연기
2963,연기
2967,호흡
2968,환상
2971,관객
2973,스탭제지
2974,본인
2976,소리
2977,고함
2980,어머니
2981,덩달아
2982,관객
2983,사람
2984,정동극장
2985,스탭
2987,관객
2988,사람
2989,머리
2990,대신
2991,사과
2993,관객
2996,관객
2997,기본
2998,예절
2999,피아노
3000,연주
3002,노래
3003,연기
3006,차기작
3007,기대
3008,원작
3009,기대
3014,구현
3015,감동
3017,서영이
3020,노래
3021,연기
3022,눈물
3023,줄줄
3029,사랑
3031,언닝
3036,미니
3038,처음
3040,음악
3041,생각
3045,넘버
3046,가사
3048,시작
3052,드라마
3053,마구
3057,노래
3058,가사
3059,대사
3061,연극
3063,감정
3064,여운
3065,가시
3079,호선
3080,연착
3082,도착
3083,바람
3086,관계자
3087,배려
3088,주신
3090,로비
3093,욕심
3095,목소리
3097,꾀꼬리
3098,연기
3099,터프
3100,매력
3101,짱짱
3103,이효리
3104,텐미니츠이
3107,저스트
3109,미니츠
3115,생각
3116,한재
3120,하트
3125,감사
3130,연기
3131,넘버
3142,넘버
3143,넘버
3145,명곡
3146,연출
3148,미로
3151,번만
3155,미니
3157,사랑
3159,졸작
3161,대박
3164,열연
3165,최고
3170,순식간
3171,이소정
3172,재아
3173,비롯
3176,흡입
3178,관계
3180,해법
3181,제시
3183,생각
3188,캐스팅
3195,원작
3197,연출
3200,최고
3201,문자
3203,브라보
3206,최고
3208,결말
3209,요소
3210,굳이
3211,노래
3213,피아노
3217,분과
3218,연주자
3220,찬사
3221,사랑
3227,변화
3230,페어
3233,음악
3234,이면
3237,음악
3238,이면
3241,음악
3243,라면
3244,지지마
3247,음악
3251,음표
3253,사이
3255,한숨
3258,쉼표
3260,미니
3263,재아
3265,입덕
3267,연기
3268,김경민
3269,피아니스트
3271,음악
3273,악보
3275,넘버
3276,폭력
3277,묘사
3281,생각
3282,피아니스트
3283,무대
3285,연기
3287,연기
3288,노래
3290,굳이
3291,요소
3292,생각
3293,드네
3296,상황
3301,생각
3303,열연
3305,감동
3307,피아노
3308,연주
3310,최고
3312,연출
3315,배경
3316,힌트
3322,생각
3326,한재
3328,목소리
3329,최고
3332,내용
3333,처음
3338,래서
3340,장면
3342,크뤼거랑제
3343,감정
3344,폭발
3345,넘버
3346,살짝
3347,다크
3356,직접
3357,연주
3359,던데
3361,피날레
3364,감상
3366,브라
3367,바하
3369,눈물
3370,커튼
3373,눈물
3376,박수
3377,요큐
3378,화가
3379,작곡가
3382,탄생
3383,배경
3384,스토리
3387,감명
3388,감상
3391,크뤼
3394,차곡차곡
3395,피날레
3396,연주가
3398,극적
3406,박수
3413,미니
3415,이소정
3416,크루
3418,열연
3420,힐링
3423,생각
3424,스토리
3425,전개
3426,반복
3427,플롯
3431,개연
3433,무대
3435,활용
3436,연출
3437,한국어
3439,차원
3442,가사
3443,세상
3445,불행
3448,여자
3451,부의
3453,신파
3454,음향
3457,스피커
3458,잡고
3459,반성
3461,이후
3462,음향
3464,밸런스
3466,오프닝
3467,듣기
3468,음악
3469,목소리
3470,향연
3471,뤼거
3472,오토튠
3473,소리
3475,드러머
3476,박자
3478,피아니스트
3479,연주가
3480,드럼
3481,박자
3482,집중
3484,스토리
3486,한국인
3487,외국
3488,감성
3490,세계대전
3491,아픔
3492,상처
3493,사람
3495,한국
3496,창작
3499,하나로
3500,정의
3501,욕심
3502,전쟁
3503,아픔
3505,사람
3506,트라우마
3507,강간
3508,유산
3510,동성애
3511,참고
3513,크뤼
3515,키스
3520,장면
3521,넣기
3524,전락
3527,갈등
3528,해소
3531,시계
3532,러닝
3533,타임
3534,남아
3535,경악
3536,금치
3541,고문
3544,스핏
3545,파이어
3546,그릴
3547,하모니
3549,해갈
3551,풀림
3552,희망
3553,해갈
3555,풀림
3556,희망
3557,반복
3558,나락
3559,죄수
3563,설명
3565,아버지
3567,새끼
3571,해안
3572,갑자기
3575,자수
3578,갑자기
3579,애비
3580,행동
3582,겨웠어
3583,글자
3585,댓글
3588,예정
3589,여운
3591,순삭
3594,재아
3598,연기
3599,몰입
3604,사람
3605,넘버
3606,연출
3608,압도
3611,관계
3612,서사
3614,표현
3623,아빠
3628,말로
3629,후루룩
3631,고통
3633,공감
3635,교도소
3637,사무실
3638,크뤼
3640,방이
3642,감정
3643,연기
3645,구석
3650,크뤼
3652,관계
3659,기존
3660,경계
3661,이미지
3665,감정
3668,성격
3669,인물
3670,피아노
3671,하나로
3673,변화
3675,크뤼거둘
3676,관계
3677,재미
3679,크뤼
3681,변화
3683,피아노
3686,인물
3687,감정
3688,생각
3689,재미
3697,피아노
3700,감정
3704,트라우마
3705,이자
3706,트라우마
3707,표현
3708,수단
3709,음악
3710,활용
3712,제목
3713,이자
3714,결말
3715,연주
3716,충격
3717,아마
3718,사전
3720,내용
3722,이해도
3726,설명
3728,집중
3730,교도관
3731,옵뽜
3732,선생님
3734,동기
3736,나중
3737,동기
3741,필요
3743,이해
3745,런가
3749,마디
3753,마련
3756,춤선
3757,에또
3758,율동
3763,나니
3769,흠흠
3772,기복
3775,야생
3776,연기
3782,자고
3783,간지
3784,수마
3785,와중
3789,피아니스트
3790,주보
3791,재미
3795,연기
3798,페어
3802,기교
3803,과시
3804,독주
3806,협업
3808,요나
3812,열연
3813,별개
3814,설정
3816,이동수
3820,연기
3823,루즈
3825,피아노
3826,선율
3829,순간
3830,집중
3831,표현
3834,응원
3837,연기
3838,몰입
3841,소름
3842,대박
3843,정동극장
3844,처음
3845,무대
3847,간만
3848,회전
3850,넘버
3853,퍼포먼스
3854,할인
3855,종도
3858,가격
3862,강력
3863,추천
3867,발매
3868,예정
3870,고등학생
3871,데리
3873,무대
3875,실력
3876,몰입
3877,정동극장
3878,시야
3879,조명
3880,연출
3881,피아노
3882,주제
3884,음악
3887,연기
3889,구성
3892,장면
3894,무대
3895,넘버
3897,장면
3903,장면
3906,기간
3908,무대
3909,장악
3910,리드
3912,플레어
3913,연기
3917,몰입
3918,연기
3919,파도
3920,대사
3923,임팩트
3924,보이지
3926,피아노
3927,연주
3929,여분
3931,연주
3940,스텝
3946,비중
3948,크뤼
3950,서사
3954,장면
3956,장면
3958,추가
3959,넘버
3961,크뤼
3963,관계성
3967,수정
3969,방향
3970,대체로
3971,재미
3978,수도
3980,생각
3981,기대
3983,제목
3985,연주
3986,독창
3987,연주
3988,천재
3990,인정
3992,연주
3993,환상
3994,피아노
3995,건반
3996,악기
3997,특성
3998,현악기
3999,타악기
4000,로서
4001,확장
4002,성과
4003,폭발
4004,에너지
4006,연주가
4009,인사
4011,장면
4012,그간
4013,갈등
4015,해소
4017,이해
4020,음향
4021,문제
4022,몇몇
4024,가사
4028,뭉개지
4029,행간
4030,내기
4035,통해
4036,변화
4037,과정
4038,온갖
4039,역경
4041,바다로
4042,헤엄
4045,이유
4046,생각
4048,연출
4052,연주
4053,장면
4054,남아
4058,미니
4062,고민
4065,표정
4066,연주
4067,장면
4068,클로즈업
4071,연주
4072,교차
4073,활용
4076,기법
4077,무대
4078,특징
4080,흐름
4084,직접
4085,피아노
4086,연주
4088,에너지
4089,장면
4092,선택
4094,관계
4095,공감
4099,선택
4100,공감
4101,기억
4105,피아노
4106,신동
4107,소리
4108,가족
4109,사랑
4110,사람
4113,상처
4114,감옥
4117,그녀
4120,포함
4124,멋대로
4125,기간
4126,재소
4128,피아노
4132,재능
4136,이유
4138,재능
4141,열정
4144,가운데
4146,이용
4147,교도소
4148,사람
4150,탈출
4152,멋대로
4155,가운
4157,서도
4159,사랑
4160,피아노
4162,인정
4163,크뤼
4165,영향
4166,변화
4168,우여곡절
4169,피아노
4170,대회
4172,창의성
4176,자유
4177,로움
4178,격정
4179,조명
4180,영상
4182,사용
4183,분위기
4184,연출
4186,간의
4187,호흡
4188,편이
4190,대중
4191,이지
4192,인상
4193,피아노
4194,연주
4197,감정
4198,선택
4200,설명
4203,상처
4211,오스카
4212,이유나
4213,남자친구
4215,이유
4216,막판
4217,자포자기
4218,심정
4219,감옥
4220,불분명
4222,잘못
4224,과거
4225,기록
4226,남아
4229,폭격
4231,병원
4232,이해
4234,간수
4237,코지
4241,관계
4242,질투
4243,거나
4244,피아노
4245,열정
4247,선택
4248,기도
4251,감상
4252,의미
4253,표현
4254,몇몇
4255,장면
4258,무대
4259,각색
4262,에너지
4264,일부
4268,특징
4269,표현
4270,방식
4272,희롱
4273,생각
4274,사랑
4276,표현
4277,방식
4281,아픔
4283,아버지
4288,동의
4290,상처
4291,치유
4292,판타지
4293,반기
4295,보이
4297,파격
4298,연주
4300,기도
4301,세상
4302,모순
4303,용기
4304,내기
4305,순간
4309,그것
4311,재능
4312,발휘
4314,브라보
4315,브라
4317,기회
4319,의미
4321,스스로
4322,부족함
4324,인정
4330,기회
4334,관계
4335,변화
4339,반영
4343,서사
4346,집중
4347,생각
4348,요크
4349,뤼거
4350,선생님
4351,넘버
4353,한자
4354,한자
4355,집중
4362,눈물
4374,봉련홍서영류제윤
4375,이승재
4377,지원
4378,노지연
4379,김하연
4381,현아
4383,병영
4384,김경민
4385,넘버
4386,넘버
4391,집중
4392,피아니스트
4393,연출
4398,연주
4400,커튼
4402,연주회
4411,사전
4412,내용
4415,생각
4417,나가야
4419,크리
4423,야망
4424,내비
4427,피아니스트
4428,협연
4430,여성
4431,투톱
4435,넘버
4440,터치
4442,아빠
4443,뒷쪽
4444,아빠
4445,직접
4446,얘기
4447,뜬금
4450,학대
4451,얘기
4452,넘버
4458,이유
4459,평면
4460,서서
4462,용띠
4466,배역
4470,려고
4472,얘기
4473,중심
4475,재아
4479,연기
4480,설득
4484,감동
4486,생각
4487,물음표
4493,장면
4495,최고
4497,장면
4502,소감
4504,연출
4507,흐름
4508,연출
4513,비교
4514,재미
4518,여운
4521,소름
4530,피아니스트
4535,몰입
4537,피아니스트
4538,연주
4539,감상
4542,포인트
4544,스승
4545,제자
4546,간의
4548,무척
4549,편입
4552,세대
4553,세대
4554,연결
4560,스승
4562,가르침
4563,무너
4565,제자
4568,경지
4571,제지
4577,세상
4579,믿음
4584,관계
4585,마찬가지
4586,제지
4588,대체
4589,관계
4590,지점
4591,매력
4593,면서
4596,상황
4599,재능
4601,해도
4604,태도
4605,보고서
4608,상처
4610,상처
4612,사람
4613,입장
4614,생각
4616,능력
4617,주기도
4620,상처
4621,이유
4622,세상
4624,사람
4626,사람
4629,사람
4632,상처
4633,애초
4634,감옥
4636,재소
4638,음악
4639,생각
4644,음악
4646,영영
4648,음악
4651,사람
4652,본인
4653,본인
4654,재능
4657,아마
4661,피아노
4669,재소
4671,앙상블
4677,분도
4678,목소리
4680,꼴꾀
4682,우시
4690,연기력
4693,필요
4694,자의
4695,죄책감
4698,찰떡
4703,연기
4709,배신
4710,생각
4712,연기
4713,인상
4715,생각
4718,폭주
4721,엔딩
4722,이후
4724,사람
4726,오래오래
4727,결론
4729,사람
4730,앞날
4733,나은
4735,진심
4737,사람
4740,집시
4746,미니
4749,전달
4750,메시지
4751,방식
4752,연출
4754,전쟁
4755,노인
4756,곧음
4758,이소정
4760,연기
4767,역도
4768,인상
4769,기억
4770,남아
4776,박수
4777,이동수
4780,처음
4781,피아노
4783,행복
4784,즐거움
4785,이후
4786,분노
4787,부러
4789,시기
4790,질투
4794,감정
4795,이해
4796,기억
4799,원작
4801,관심
4808,이틀
4817,마무리
4818,연기
4822,무대
4824,처음
4825,심지
4827,한재
4829,맑은
4830,목소리
4833,내면
4834,수정구
4839,체력
4844,이소정
4848,중심
4851,노래
4852,연기
4855,김경민
4856,피아니스트
4857,환상
4858,연주
4859,귀가
4862,부적
4863,재능
4864,포미니츠일까
4867,피아노
4868,예술
4869,퍼포먼스
4870,도구
4871,타악기
4872,현악기
4875,건반
4876,악기
4878,국한
4881,피아노
4885,영상
4887,눈길
4889,음악
4890,귀로
4894,음표
4896,생동감
4898,액자
4900,무대
4901,연주
4902,김경민
4903,피아니스트
4904,무대
4911,감탄사
4912,절로
4913,드레스
4914,피아노
4915,연주
4916,피아니스트
4918,무대
4921,분신
4923,체감
4924,감동
4926,그림자
4927,이용
4928,무대
4931,연출
4933,가운데
4934,회전무대
4935,피아노
4938,입체
4942,캐스팅
4943,연기
4944,노래
4951,연기
4952,최고
4953,피아노
4955,강추
4956,드림
4958,내용
4960,인물
4962,두운
4966,인물
4969,목소리
4970,피아노
4971,선율
4972,소리
4975,세계대전
4976,이후
4978,여성
4979,죄수
4980,피아노
4982,크뤼
4984,선생님
4985,천재
4986,피아노
4987,재능
4988,살인죄
4989,복역
4990,중인
4992,중심
4996,희망
4997,연주
4999,감동
5000,실화
5001,바탕
5003,극적
5005,최수
5006,자원봉사자
5007,간의
5008,상호
5009,교감
5011,성장
5013,시대
5017,사람
5018,사랑
5020,사람
5021,인정
5024,사람과
5025,공간
5028,사람
5029,재능
5030,피아노
5031,크뤼
5033,재능
5034,이유
5036,방황
5040,피아노
5041,음악
5042,외면
5048,사람
5049,관계
5051,연주
5052,여운
5054,피아노
5055,가운데
5056,연주
5062,미니
5074,노력
5076,랍니
5079,지인
5081,기대
5085,미니
5087,이벤트
5090,응모
5091,이벤트
5092,도전
5093,이벤트
5094,응모
5096,이벤트
5097,기간
5098,당첨
5100,에너지
5101,소요
5102,이벤트
5103,도전
5105,응모
5108,클릭
5109,아마
5115,글릭
5118,경쟁자
5121,알람
5122,설정
5124,클릭
5125,머리
5126,종소리
5127,나중
5130,결과
5134,응모
5140,저랍니
5144,당첨
5155,멘탈
5158,기억
5164,연속
5165,연속
5171,번은
5172,컬쳐
5173,블룸
5174,리뷰
5177,무대
5181,무대
5182,피아노
5188,연주
5190,의미
5194,하자
5195,카피
5196,문구
5198,미니
5200,실화
5201,바탕
5203,영화로
5204,개봉
5206,미니
5207,츠란
5208,실화
5209,영화로
5211,생각
5217,정동극장
5218,처음
5219,나름
5220,객석
5221,높이
5222,차도
5223,무대
5224,하단
5226,피아노
5228,포함
5229,감동
5231,처음
5234,열정
5238,방이
5242,시작
5243,분노
5248,부정
5250,기분
5251,아무
5252,잘못
5256,벌이
5257,가해
5259,인생
5260,목적
5262,희망이
5263,보이지
5264,홀로
5266,방안
5268,교도소
5269,눈빛
5270,그녀
5272,다누
5274,남자친구
5276,교도소
5278,전쟁
5280,피아노
5281,재능
5282,연인
5284,마음
5285,상처
5286,피아노
5288,매개
5291,소통
5293,마음속
5294,분노
5295,피아노
5296,격정
5297,연주
5299,사랑
5300,연인
5302,피아노
5303,연주
5304,레슨
5305,아픔
5306,치유
5307,과거
5308,과거
5310,과거
5311,생각
5312,변화
5314,계기
5315,마련
5322,시작
5325,청소년
5326,대의
5327,노년
5328,제자
5329,스승
5330,관계
5331,피아노
5333,소통
5334,천재
5335,피아니스트
5337,피아노
5338,축복
5339,이자
5340,저주
5341,천재
5342,타이틀
5344,그녀
5346,피아노
5347,연주
5348,실수
5349,불안감
5351,천재
5352,피아니스트
5353,피아노
5355,서기
5358,마음
5360,불안감
5365,이해
5366,이해
5368,세상
5369,사랑
5370,사람
5372,후회
5375,포기
5377,피아노
5378,연주
5379,그것
5380,크뤼거자신
5385,인생
5387,인생
5389,살인
5390,수로
5391,복역
5394,천재
5395,피아니스트
5398,세계대전
5399,상처
5401,안고
5403,여성
5404,재소
5406,피아노
5410,이해
5411,상처
5412,치유
5414,린다
5417,연주
5420,함축
5421,크뤼
5423,현재
5424,시작
5425,관객
5426,감각
5427,동명
5428,독일
5430,원작
5431,독일
5432,아카데미
5433,시상식
5434,최우수
5436,상과
5437,여우주연상
5438,수상한
5444,양준
5446,직접
5447,원작
5448,저작권
5449,획득
5453,사제
5454,강남
5455,작가
5456,연극
5457,오만
5458,편견
5459,렁스
5460,박소영
5461,연출
5463,스토리
5464,구성은
5465,남자친구
5467,교도소
5472,배속
5475,세상
5477,격리
5478,전쟁
5480,피아노
5481,재능
5482,연인
5485,참회
5488,재소
5490,피아노
5492,다스
5493,토리
5494,라인
5495,무대
5497,김경민
5498,피아니스트
5499,연주가
5500,트뤼거역
5504,연기
5505,다차
5506,보이
5509,사랑
5510,연기
5516,연기
5517,세상
5518,분노
5519,가득
5520,언어
5521,행동
5522,보이
5523,피아노
5525,천재
5527,재능
5528,연기
5530,격정
5531,연기
5532,다단
5535,커튼
5537,사진
5538,촬영
5539,제한
5541,추억
5543,상처
5544,치유
5546,여성
5548,그녀
5550,피아노
5551,연주
5554,진심
5555,추천
5556,하늘
5557,구멍
5560,폭우
5562,정동극장
5565,길이
5566,의치
5568,애정
5572,출연
5574,대감
5575,안고
5576,발걸음
5577,정감
5579,정동극장
5582,극한
5586,미니
5591,이전
5592,동명
5593,영화로
5594,제작
5598,정동극장
5599,제작
5600,앞서
5605,진행
5608,내부
5609,사진
5610,촬영
5611,금지
5612,무대
5613,사진
5615,커튼
5617,사진
5620,무대
5621,중앙
5623,가려진
5624,피아노
5625,대가
5626,피아노
5633,매개
5634,다크
5635,뤼거
5636,노년
5637,여성
5638,루카
5640,도의
5641,재소
5643,피아노
5644,교육
5645,담당
5646,인물
5648,살인
5649,루카
5650,교도소
5651,복역
5652,중인
5653,재소
5654,재능
5655,소유
5656,피아노
5658,다크
5659,뤼거
5661,부적
5662,재능
5663,한눈
5664,청소년
5665,콩쿠르
5666,참가
5668,권고
5670,세상
5671,등지
5672,저주
5674,기세
5675,폭력
5677,출하
5678,야수
5680,도의
5682,재소
5684,지속
5685,마찰
5686,교도소
5687,눈엣
5688,가시
5689,존재
5690,나이
5692,재능
5693,전도
5694,유망
5697,지경
5698,추락
5699,나락
5700,죄수
5701,전락
5702,절망
5703,구렁텅이
5705,스스로
5709,크뤼
5711,감정
5712,동요
5713,세상
5714,살이
5717,그녀
5719,평생
5721,치유
5723,상처
5724,인물
5725,사랑
5726,여자
5727,피아노
5729,부적
5730,재능
5732,피우지
5734,동료
5735,이자
5736,연인
5739,그리움
5740,죄책감
5741,생기
5742,눈동자
5743,영혼
5748,상기
5749,인물
5751,개시
5754,재능
5756,절망
5760,지도
5761,절망
5764,인물
5765,피아노
5766,매개
5768,상처
5769,치유
5771,우여곡절
5773,콩쿠르
5774,참가
5778,고통
5781,세상
5782,마주
5783,마법
5785,공간
5786,피아노
5787,선율
5789,상처
5790,어루
5792,영혼
5793,격정
5794,선율
5797,살풀이
5799,지나
5802,광기
5803,역사
5804,피아노
5805,통해
5806,서술
5808,절망
5809,광기
5810,재능
5811,스스로
5813,감옥
5814,증발
5816,의미
5817,액화
5818,전율
5820,의지
5821,출발
5822,태동
5823,심장
5826,상처
5827,고통
5828,근원
5830,내막
5831,정동극장
5832,직접
5833,확인
5835,연기
5836,노래
5844,그녀
5846,대사
5848,외치
5850,노래
5851,넘버
5852,피아노
5853,연주
5859,여성
5860,상처
5861,치유
5862,전율
5863,기립
5864,저절로
5867,기대
5869,피아노
5872,연주
5874,명의
5875,니슈
5876,피아노
5877,콘체르토
5880,직접
5881,연주
5887,피아노
5889,그녀
5890,그랜드
5891,피아노
5893,튕기
5896,리듬
5897,악기
5898,역할
5899,온몸
5900,연주
5903,메인
5904,퍼스트
5905,재즈
5906,러스
5907,피아노
5908,연주
5911,듣기
5914,퍼포먼스
5916,정동극장
5917,최근
5921,최고
5922,넘버
5923,가사
5925,은유
5931,최고
5932,프리뷰
5933,회차
5938,형무소
5939,한정
5940,공간
5941,무대
5942,변화
5943,극적
5945,무대
5946,연출
5947,피아노
5948,아래
5950,독방
5953,표현
5954,요크
5956,거역
5957,이소정
5958,대의
5959,크뤼거역
5960,찰떡
5961,소화
5962,내신
5967,안보
5968,스타일
5969,친구
5985,내용
5986,메시지
5990,문제점
5991,장점
5997,연기
6000,피아니스트
6002,오르락
6003,내리락
6005,블라인드
6007,몰입
6008,방해
6009,애정
6013,보완
6017,마이크
6019,사고
6020,었으
6024,기준
6025,서사
6028,최소한
6030,만족도
6032,안전판
6033,보험
6034,요소
6036,스탭
6038,유인
6039,마련
6042,완성
6044,개연
6045,생각
6046,다오
6048,원작
6050,인상
6053,서사
6054,측면
6056,안심
6057,천재
6058,인생
6059,멘토
6060,만남
6064,장르
6065,치트키
6067,카메라
6068,편집
6069,절대
6070,무기
6073,무대
6075,손실
6079,우려
6080,요소
6086,정면
6087,돌파
6091,소식
6093,김수하
6095,캐스팅
6100,한재
6103,아쉬움
6104,난이
6105,넘버
6106,소화
6108,이전
6111,어쩌면
6112,해피엔딩
6113,인사
6115,윌리엄
6118,구현
6122,명인
6127,수능
6129,한재
6133,용한
6134,다작
6135,앙상블
6136,퍼포먼스
6138,차례
6141,나름
6142,재미
6145,그림자극
6146,요소
6147,삽입
6149,다채롭
6150,굳이
6152,인극
6157,사람
6158,관계
6159,변화
6160,집중
6162,생각
6165,제목
6167,미니
6169,인지
6170,설명
6172,콩쿨
6173,결선
6174,연주
6175,장면
6176,압권
6177,편집
6179,감흥
6182,피아
6183,니스
6185,연주
6187,한재
6189,퍼포먼스
6191,무대
6192,농축
6193,에너지
6194,발산
6195,장면
6196,재아
6200,마음
6201,구속
6203,경계
6204,연주
6206,의지
6207,통해
6208,그간
6209,절망
6212,슬픔
6213,분노
6214,일순간
6215,처음
6217,선생님
6220,최선
6221,존경
6223,불구
6228,크뤼
6230,절절
6231,응원
6232,대답
6233,감동
6234,순간
6236,장면
6242,가치
6245,노래
6246,실력
6247,가사
6250,퍼포먼스
6252,압도
6255,퍼포먼스
6256,무대
6258,피아니스트
6259,연주가
6261,가득
6262,채운
6263,커튼
6266,모차르트
6267,피아노
6268,소나타
6270,장조
6271,피아니스트
6272,연주
6274,눈물
6276,폭력
6277,욕설
6278,난무
6279,내용
6280,살짝
6281,호불호
6288,제목
6290,미니츠
6292,피날레
6294,장면
6296,피아니스트
6297,손가락
6298,보이지
6301,연주
6302,직접
6304,설명
6307,명장
6308,랍니
6310,장면
6314,기분
6317,연기
6318,노래
6319,무대
6320,연출
6325,위력
6326,피아노
6327,콘서트
6331,연출
6332,정동극장
6333,선물
6334,하루
6335,실화
6336,바탕
6338,일도
6339,세상
6340,천재
6341,발굴
6342,스승
6345,생각
6347,연관
6350,온몸
6351,영광
6354,무대
6355,한가운데
6356,피아노
6357,자리
6358,잡고
6362,공간
6364,장소
6365,왼쪽
6366,교도소
6367,사무실
6368,오른쪽
6369,크뤼
6371,선생님
6372,집저
6373,오른쪽
6377,피아노
6380,크뤼
6381,거제
6383,왼쪽
6384,얼굴
6385,안보
6386,세상
6388,고조
6391,크뤼
6393,선생님
6398,열정
6399,연기
6401,한재
6408,손톱
6409,행동
6410,연기
6414,깜빡
6415,거리
6416,기도
6418,장면
6420,네모
6421,공간
6422,배경
6423,시작
6426,소리
6429,살짝
6432,장면
6437,정리
6438,크뤼
6439,거세
6441,대전
6443,여성
6444,재소
6446,피아노
6450,피아노
6451,천재
6456,교도소
6457,인물
6459,뮈체입니
6460,처음
6461,장면
6463,크뤼
6465,선생님
6466,몹시
6467,애정
6469,피아노
6470,콩쿨
6473,교도소
6475,피아노
6476,본인
6478,보탰다
6487,부의
6490,생각
6492,반면
6493,교도소
6494,수감자
6496,칭하거
6497,가치
6498,반감
6500,적개심
6501,이유
6502,문장
6503,순간
6505,프랭키
6506,아이즈
6507,되르테
6508,삼총사
6509,표정
6510,압권
6513,표정
6519,껌쫙쫙퉤
6524,노래
6525,깜짝
6526,노래
6528,어우
6529,얼굴
6530,머리
6531,안경
6532,무표정
6533,표정
6534,덤덤
6535,티비
6537,이미지
6538,연기
6542,극도
6547,매력
6551,취향
6558,생각
6563,대감
6566,감상
6568,가공
6569,안정감
6572,표현
6575,인터파크
6578,비중
6580,내용
6582,작성
6585,내용
6586,수렴
6592,원작
6593,스토리
6595,흐름
6596,완성
6600,비중
6605,시작
6606,파격
6608,일부
6609,퍼포먼스
6611,노래
6612,통째
6614,기존
6615,장면
6616,표현
6617,장면
6618,연출
6620,생각
6637,연기
6638,해주시
6639,노래
6640,감정
6641,크게
6643,전달
6645,간의
6646,호흡
6649,기대
6651,아쉬움
6658,생각
6662,생각
6664,리허설
6665,체크
6667,처음
6668,사전
6669,달이
6671,집중
6673,됫는데
6675,감정
6676,몰입
6679,전달
6681,봣어
6683,위로
6684,기분
6690,응원
6692,쉼표
6695,이유
6699,넘버
6700,연기
6703,재아
6707,노래
6708,연기
6709,최고
6711,응원
6713,열정
6718,나머지
6721,결코
6725,넘버
6727,구성
6730,안정
6731,연기
6736,어햎
6737,재아
6743,추천
6747,물고기
6751,헤엄
6755,최고
6757,두려움
6763,가끔
6764,실수
6765,마음
6766,공감
6770,피아노
6771,관련
6773,연주가
6774,필수
6775,무대
6777,피아니스트
6778,직접
6779,연주
6782,위로
6783,희망
6785,연출
6786,생각
6788,교도소
6789,수감자
6790,대상
6791,피아노
6794,감정
6795,선생님
6798,그녀
6799,과거
6800,그녀
6801,과거
6802,관객
6803,궁금증
6804,수감자
6805,대부분
6807,피아노
6812,언뜻
6813,듣기
6814,재능
6817,사람
6819,교도관
6822,공격
6823,크뤼
6825,관심
6826,이제니
6832,사건
6833,가해자
6834,그녀
6839,호기심
6840,몰입
6841,역사
6846,하루하루
6851,최악
6852,선택
6858,사람
6859,자리
6861,매개
6862,피아노
6864,연극
6866,피아니스트
6867,무대
6869,피아노
6870,연주
6871,피아노
6872,소리
6874,격정
6875,분노
6876,슬픔
6877,절망
6878,피아노
6879,연주
6880,표현
6882,피아노
6883,연주
6884,피아니스트
6885,피아노
6886,연주가
6887,자연
6888,대사
6889,감정
6890,전달
6895,한재
6897,격정
6898,소름
6899,미장센
6900,연기
6901,디즈니
6902,목소리
6903,생각
6904,가창력
6906,연극
6910,다크
6912,거역
6916,연기
6917,감정
6919,크뤼거역
6920,프로보
6922,중반
6923,툭툭
6924,과거
6925,사건
6926,전개
6927,편이
6928,마무리
6931,백미
6935,감정
6936,폭우
6938,제목
6940,무대
6942,매듭
6943,감정
6944,무대
6945,위로
6949,백미
6952,연못
6953,보신
6959,보신
6963,객석
6965,오프닝
6966,넘버
6968,순간
6970,전율
6972,왼쪽
6974,조명
6976,무대
6978,연주
6979,피아니스트
6981,연주
6982,음악
6984,명의
6987,넘버
6988,안무
6989,연출
6990,무대
6995,미니
6997,안무
6999,최고
7001,마음
7002,웅장
7003,무대
7004,의자
7005,우산
7006,신문
7008,사용
7009,안무
7011,말로
7012,설명
7018,순간
7019,심장
7020,살인자
7021,넘버
7023,명의
7025,음악
7027,옥죄
7028,안무
7030,눈물
7032,지지마
7033,넘버
7035,스크린
7039,영상
7041,무대
7044,조명
7045,대고
7047,안무
7054,디테일
7055,찾기
7061,전문
7063,넘버
7065,넘버
7067,넘버
7068,간호병
7070,음악
7071,사람
7072,죽음
7076,눈물
7077,주륵주
7079,박제
7081,사랑
7083,딤프
7085,회차
7099,전문
7102,다짐
7105,친구
7106,친구
7111,딤프
7113,소식
7115,매일
7117,미니
7123,마음
7126,기억
7127,줄줄
7128,결론
7131,온라인
7132,중계로
7136,속닥
7137,속닥
7143,데리
7144,최고
7146,여운
7148,공한
7149,주가
7151,넘버
7152,연출
7155,최고
7157,내주
7159,생각
7162,넘버
7166,인생
7170,최고
7172,제목
7175,연주
7181,무대
7184,노력
7186,취향
7187,생각
7188,스토리
7195,서사
7198,집중
7200,아쉬움
7202,메시지
7203,음악
7204,가능성
7214,만날
7216,세상
7218,행운
7219,생각
7220,화요일
7221,정동
7222,마포
7223,미니
7227,번만
7230,미니
7233,수만
7235,사랑
7236,기억
7242,회전
7244,연장
7248,영업
7250,미니
7251,츠지
7254,용기
7255,덕후
7257,바보
7258,오타쿠
7259,하루하루
7261,미니
7264,하루
7267,하제니
7268,마포
7269,미니
7271,선생님
7274,역할
7275,만날
7277,의미
7280,열연
7281,최고
7288,딤프
7289,고민
7290,중임
7294,열연
7295,인상
7296,각색
7297,연출
7298,빛내
7302,기억
7309,연주
7310,피아노
7311,대회
7313,최고
7315,최고
7317,퍼포먼스
7319,압도
7321,흐름
7326,기대
7330,연기
7331,노래
7334,최고
7343,연기
7350,피아니스트
7351,조합
7352,최고
7353,김수하
7354,사랑
7355,김수하
7357,연기
7360,최고
7362,현수
7364,아빠
7368,내일
7370,내일
7371,오늘이
7376,연주
7377,스타인웨이
7378,소년
7381,연주
7385,울림
7386,내일
7387,연주
7388,내일
7389,오늘이
7393,가까이
7395,후회
7396,연출
7398,생각
7399,인상
7405,생각
7408,넘버
7409,건전
7411,김수하
7413,사랑
7415,연기
7416,노래
7419,창작
7422,개선
7425,열연
7430,만날
7433,김수하
7435,연기
7437,생각
7440,케미
7441,피아노
7442,선율
7443,감동
7446,기대
7450,눈빛
7451,표정
7453,오늘이
7460,한계
7461,메시지
7465,여지
7467,수도
7468,관객
7469,의견
7471,정독
7476,병풍
7478,조명
7481,제목
7488,노래
7489,음악
7491,연기
7494,자리
7496,감동
7502,피아노
7503,연주
7509,피아노
7510,연주
7514,노래
7515,음악
7517,연기
7519,남자
7521,연출
7523,재고
7526,여배우
7527,연기
7528,압권
7530,연출
7532,엄지
7535,연기
7536,피아노
7537,극작
7539,수정
7545,연기
7546,피아니스트
7548,연주가
7552,소름
7554,어간
7558,화남
7559,극본
7560,음악가
7562,별로
7564,문제
7565,극본
7568,여성
7569,주연
7571,원작
7572,남성
7574,서사
7575,착즙
7576,모자라
7577,창조
7579,음악
7581,넘버
7585,고생
7587,유치
7588,원색
7589,적임
7594,재능
7595,크뤼
7597,선생님
7598,심정
7602,재능
7603,몰입
7604,끝남
7606,성장
7607,스토리
7608,정동극장
7609,처음
7610,기대
7612,공사
7620,사람
7622,시야
7623,방해
7627,트리
7630,내용
7631,피아노
7632,연주가
7634,회차
7640,크뤼
7643,통해
7647,분량
7648,배분
7649,시작
7651,아쉬움
7654,인물
7655,사가
7657,교도
7659,정작
7662,서사
7664,최선
7665,최고
7667,넘버
7668,해주시
7669,수하
7673,내일
7679,위로
7680,예술
7681,구원
7682,생각
7684,포기
7687,남아
7688,생각
7691,희망
7697,어딘가
7698,존재
7707,마음
7708,참가
7710,사람
7712,질투
7713,인정
7714,욕구
7719,마음
7720,환경
7722,이후
7723,인물
7727,생각
7728,편이
7733,사건
7734,속수무책
7736,홀로
7742,이후
7745,모순
7746,자의
7748,이기
7750,후회
7755,용기
7756,넘버
7759,격렬
7760,감정
7761,넘버
7767,과거
7771,환의
7772,감정
7773,넘버
7782,하제니
7790,과거
7793,매력
7795,빌딩
7799,예측
7800,시나리오
7804,미니
7806,강력
7807,추천
7809,연기
7810,노래
7812,분량
7817,분량
7821,미니
7823,할인
7824,권종
7825,증빙
7827,용법
7829,안내
7830,사항
7832,공지
7834,확인
7837,공식
7838,얘기
7841,얘기
7842,조합
7843,상황
7844,인지
7846,한계
7847,환희
7849,하제니
7857,감탄
7858,감탄
7860,지인
7861,영업
7862,성공
7863,자첫
7864,자둘
7869,공주
7873,는가
7874,선영
7876,페어
7878,모태
7882,고소
7883,사랑
7884,내년
7885,포기
7886,마시기
7892,페어
7893,전관
7895,오시
7897,영수
7899,번만
7902,미니
7905,수만
7907,사랑
7908,기억
7910,오슷
7911,넘버
7912,영상
7913,박제
7914,하제니
7916,넘버
7919,제작사
7920,관계자
7924,박제
7925,주시
7931,소름
7933,피아노
7934,시체
7935,장면
7937,인생
7938,묘사
7939,방식
7941,불호
7943,피아노
7944,장면
7947,극본
7948,주제
7952,연기
7955,여왕님
7962,연기
7963,연주
7964,감탄
7966,서사
7967,왤케
7969,서사
7970,왤케
7971,노래
7972,구림
7978,예술
7987,전율
7989,피아니스트
7992,오른쪽
7994,프레임
7995,온몸
7996,전율
7997,브라
7998,보크
7999,뤼거
8000,힘껏
8001,외치
8002,맘껏
8003,환호
8006,크뤼거제
8009,미니
8013,미니
8017,미니
8021,미니
8025,미니
8029,미니
8033,미니
8037,미니
8041,미니
8045,미니
8049,미니
8051,김수하
8054,에너지
8055,무대
8056,존재
8061,안정감
8062,존재
8067,무대
8068,조연
8069,집중
8070,무대
8071,주어
8073,소름
8074,오소
8080,디오
8083,충격
8084,연출
8085,감동
8086,스토리
8087,예상
8088,빗겨
8090,감명
8096,수고
8097,각색
8099,대사
8104,위로
8105,자아
8106,성찰
8108,연주
8113,환희
8115,천재
8119,재능
8120,사람
8121,이유
8123,연주
8128,심취
8129,연기
8131,김수하
8133,피아니스트
8135,연주가
8139,연주
8140,압도
8143,연주
8148,심취
8149,연기
8151,김수하
8153,피아니스트
8155,연주가
8159,연주
8160,압도
8164,열연
8165,노래
8166,실력
8168,원작
8169,상태
8171,등장인물
8172,관계
8173,전개
8174,이해
8175,안감
8176,음향
8177,인지
8178,사전
8179,달력
8182,크루
8184,과거
8187,음극
8189,김수하
8191,쩐다
8193,원작
8198,전율
8199,하진
8202,사람
8203,겸상
8204,세상
8207,전과
8212,세계
8213,인구
8217,인간
8220,죄인
8223,본집
8224,대본
8225,집도
8228,추억
8231,넘버
8232,피아노
8240,조재철
8241,피아니스트
8242,김수하
8244,케미
8246,연기
8248,연출
8249,연출
8256,분량
8263,초점
8268,무대
8270,표현
8272,최고
8273,장면
8274,생각
8276,무대
8278,표현
8280,스토리
8281,이해
8285,겸사
8286,겸사
8290,연주
8297,로렌
8299,알바
8300,아멜리아
8302,깜찍
8304,역할
8305,주로
8307,생각
8314,사회
8316,적응
8317,피아노
8318,천재
8320,연기
8325,소름
8326,연륜
8327,연기
8330,술병
8331,관객
8335,브라
8340,말로
8343,콩쿠르
8344,연주회
8345,관객
8346,연극
8349,관객
8350,박수
8352,브라
8355,연극
8358,거가
8361,순간
8367,걸음
8371,미니
8375,천재
8380,위로
8382,피아노
8383,연주
8384,장면
8386,충격
8387,퍼포먼스
8388,피아노
8389,연주
8390,협연
8391,방식
8398,가치
8399,재능
8401,해도
8408,김수하
8409,여성
8411,위주
8412,진행
8418,가까이
8420,연기
8423,연기
8424,노래
8425,앙상블
8428,서사
8430,이해
8433,스토리
8434,편이
8435,연출
8441,스트
8444,순식간
8446,생각
8448,가격
8451,무대
8453,배치
8454,피아노
8456,웅장
8457,분위기
8458,영상
8459,조명
8461,분위기
8463,희망
8469,음악
8473,결선
8474,피아노
8475,연주
8477,피아니스트
8478,하모니
8483,스토리
8486,아쉬움
8487,뤼거
8489,사이
8500,연기
8507,스토리
8510,아쉬움
8511,뤼거
8513,사이
8524,연기
8527,사랑
8529,연기
8530,피아니스트
8531,연주
8534,뮈체였나
8536,공감
8539,재능
8540,사람인
8541,지라
8542,동병상련
8547,스포트라이트
8551,연주
8553,최고
8558,내용
8560,관계
8561,흐름
8562,이해
8563,문제
8565,요소
8569,연기
8570,내용
8573,관계
8574,감정
8577,아쉬움
8578,생각
8580,고생
8581,열연
8582,중인
8585,원작
8587,보시
8588,원작
8590,전하
8591,고자
8593,차이
8594,발생
8595,의도
8599,내용
8602,최고
8603,그동안
8605,일인
8606,대레
8608,갱신
8612,페어
8614,페어
8615,자주
8616,기합
8617,처음
8620,분량
8621,생각
8622,요새
8628,무대
8631,순간
8635,얼굴
8636,표정
8637,몸짓
8643,감정
8647,피아니스트
8649,조명
8650,중앙
8653,두운
8654,조명
8655,연출
8657,극에집
8658,중하
8660,방해
8662,연기
8666,크뤼거그
8667,사이
8668,이해
8670,작가
8671,풀이
8672,아쉬움
8675,크뤼거그
8676,사이
8677,이해
8679,아쉬움
8682,연주
8684,소름
8687,처음
8688,등장
8689,대사
8690,존재
8693,음부
8694,소름
8695,연기
8696,넘버
8698,미니
8700,에너지
8703,피아노
8704,연주
8706,소름
8711,피아노
8718,조명
8719,연출
8721,인상
8723,연주
8724,기억
8725,스토리
8727,주요
8728,인물
8729,얘기
8730,집중
8733,사람
8738,물음
8739,나름
8740,해석
8745,거제
8748,집중
8750,연기
8751,피아노
8752,연주
8754,장면
8756,해도
8757,과언
8758,추천
8764,위로
8765,용기
8768,크뤼
8770,브라
8772,시작
8773,생각
8774,응원
8776,포인트
8777,마넌
8778,무대
8783,연기
8787,별로
8788,매력
8790,죽음
8794,라그
8795,래서
8799,고생
8800,열연
8804,공인
8806,관계자
8808,박제
8809,하이라이트
8811,김수하
8814,입덕
8816,넘버
8817,김수하
8819,천재
8821,음악
8822,성과
8824,고정
8833,매일
8835,캐스팅
8836,미쳣네요어케
8837,수하
8838,환희
8839,더블
8840,캐스팅
8841,생각
8843,지오
8846,새끼
8847,사랑
8849,열연
8850,피아노
8851,소리
8852,매력
8858,미니
8862,이지
8867,연출
8870,불호
8873,피아노
8874,연주
8875,하나로
8876,전율
8877,기립박수
8880,철피
8882,대박
8886,해도
8889,중심
8891,먼저
8895,추천
8902,소름
8904,김수환
8907,피아니스트
8908,피아노
8910,흠뻑
8914,말로
8915,표현
8917,박력
8918,연주
8924,주인
8925,사랑
8928,재능
8932,생각
8936,피아노
8937,연주
8939,연주
8941,감동
8942,인상
8944,열등감
8947,크뤼
8951,위로
8958,아무
8959,의미
8961,피아노
8962,연주
8963,피아노
8964,대박
8966,연기
8969,눈알
8972,설정
8973,대사
8975,넘버
8977,피아니스트
8978,연주가
8980,피아노
8981,연주
8982,장면
8983,최고
8986,연기
8987,피아노
8988,연주
8989,최고
8990,연기력
8993,처음
8995,조합
8996,리기
9001,생각
9003,재능
9004,정이
9006,재능
9007,열정
9015,표현
9018,피아노
9019,연주
9027,연기력
9029,최고
9031,영화로
9038,극적
9040,얘기
9041,내용
9043,정작
9044,집중
9045,내용
9050,개연
9051,성도
9053,연기
9055,몰입
9060,김수하
9062,케미
9065,재능
9067,생각
9069,재능
9070,열정
9075,줄거리
9076,매몰
9077,의미
9078,장면
9079,억지로
9081,음악
9083,인간
9084,인생
9085,지점
9087,줄거리
9092,편의
9096,연기
9097,장난
9099,미니
9102,직접
9103,자극
9104,장면
9106,분위기
9108,역할
9113,처음
9114,인상
9115,넘버
9117,꾸밈
9118,마음
9120,귀가
9122,심장
9123,노래
9126,노래
9127,순간
9128,연기
9129,순간
9130,감상
9134,분량
9140,숨죽
9146,중반
9148,서사
9150,넘버
9152,앤딩
9154,피아노
9155,연주
9157,인상
9159,군무
9160,앙상블
9161,동선
9164,추천
9169,연기
9170,피아
9171,스티
9172,연주
9180,인상
9186,미니
9189,사람
9191,장인
9192,페어
9193,별로
9194,재미
9196,꿀맛
9203,순간
9208,숨죽
9210,가끔
9211,나크
9212,뤼거
9213,서사
9215,미니
9217,생각
9220,미니
9224,최고
9226,김수하
9231,배유
9232,생각
9235,제목
9237,피아노
9238,회의
9241,생각
9242,기도
9245,과정
9247,제시
9251,가족
9253,사랑
9255,질문
9259,자막
9268,내일
9274,위로
9275,예술
9276,구원
9277,생각
9279,포기
9282,남아
9283,생각
9286,희망
9292,어딘가
9293,존재
9302,마음
9303,참가
9305,사람
9307,질투
9308,인정
9309,욕구
9314,마음
9315,환경
9317,이후
9318,인물
9322,생각
9323,편이
9328,사건
9329,속수무책
9331,홀로
9337,이후
9340,모순
9341,자의
9343,이기
9345,후회
9350,용기
9351,넘버
9354,격렬
9355,감정
9356,넘버
9362,과거
9366,환의
9367,감정
9368,넘버
9377,하제니
9385,과거
9388,매력
9390,빌딩
9394,예측
9395,시나리오
9397,수하
9400,에너지
9401,변기
9406,창공
9410,자유
9412,동성
9415,연주
9417,분출
9418,연기
9419,연출
9424,연기
9425,피아노
9426,연주
9428,불호
9433,생각
9435,음악
9436,방위
9437,예술
9442,서사
9446,서사
9447,비중
9448,캐스팅
9449,미스캐스팅
9453,열연
9454,피아노
9455,선율
9457,오지
9458,연기
9460,연출
9462,연기
9463,피아노
9464,연주
9465,연출
9469,취향
9477,이주
9478,안남
9481,사랑
9485,오묜
9486,불법
9487,신고
9490,김수하
9495,연기
9496,피아노
9497,선율
9498,무대
9500,제목
9503,연기
9504,감탄
9505,정신
9508,깜빡
9511,크뤼거역
9513,대박
9514,한순간
9515,긴장
9520,연기
9522,피아니스트
9524,피아노
9525,연주가
9526,제목
9528,미니
9530,유가
9531,인상
9533,연기
9534,피아노
9535,연주
9536,최고
9538,보호
9540,잔뜩
9542,세운
9543,천재
9546,침묵
9547,사람
9549,사람
9550,사이
9551,교류
9552,김수하
9554,연기
9555,진심
9556,충격
9559,듯이
9561,잡고
9562,연기
9563,천재
9564,노래
9565,천재
9566,세상
9568,세상
9569,사람
9571,김수하
9573,번만
9577,스스로
9581,무조건
9582,넘버
9584,생각
9590,흐지부지
9592,커튼
9594,인사
9595,연극
9599,미니
9604,환희
9606,천재
9608,선경
9611,연기
9612,노래
9617,연주
9623,가사
9624,무대
9626,피아노
9627,피아니스트
9628,재능
9630,생각
9633,재능
9634,주신
9636,비밀
9637,간직
9638,피아노
9639,선생님
9641,교도소
9642,처음
9643,만난
9646,살인죄
9647,감옥
9648,천재
9649,피아니스트
9651,피아노
9654,상처
9655,야수
9657,루드
9659,실존
9660,인물
9662,영화로
9663,독일
9664,크리스
9665,라우스
9666,감독
9668,무대
9669,무대
9671,그랜드
9672,피아노
9674,감옥
9678,한세상
9684,김수하
9686,연기
9687,불안전
9689,상처
9691,영혼
9692,연대
9693,변화
9695,감정
9696,격정
9697,장면
9699,목소리
9700,연기
9701,노래
9704,교도소
9706,수뮈체
9709,노래
9710,인상
9712,영상
9714,피아노
9715,천재
9717,무대
9718,측면
9719,그랜드
9720,피아노
9723,피아니스트
9725,우대신
9726,연주
9730,클라이맥스
9733,장면
9738,폭발
9742,감안
9747,주위
9748,추천
9751,연기
9757,두운
9758,스토리
9760,연주
9763,환희
9765,연기
9766,피아니스트
9767,분연
9768,기도
9770,인상
9771,여운
9775,피아노
9777,이해
9778,치유
9779,관계성
9782,콩쿨
9783,무언가
9785,억압
9787,피아노
9788,순간
9789,장면
9790,인상
9793,연기
9796,회더
9798,연기
9801,시작
9803,과정
9805,영광
9812,소장
9813,아빠
9816,집중
9819,감동
9820,원작
9824,도안
9825,얘기
9826,선택
9827,집중
9830,열연
9831,연출
9832,인상
9833,김수하
9834,가창력
9835,피아노
9836,퍼포먼스
9840,감동
9842,피아노
9843,대만
9845,무대
9846,연출
9848,경험
9853,연기
9854,최고
9861,열연
9863,생각
9864,라면
9865,그땐
9868,관객
9869,지점
9872,집중
9874,집중
9875,시선
9877,재능
9878,인정
9880,남캐징
9881,징돈
9884,창작
9887,재능
9889,실력
9890,작가
9891,욕심
9892,연출
9893,악역
9896,박살
9897,서사
9904,절망
9906,난국
9909,연기
9910,노래
9913,인상
9915,장면
9922,연출
9924,연기
9925,노래
9926,훌룡했
9929,뮈체서사
9931,비중
9934,서사
9937,서사
9938,감정
9944,만족
9951,두운
9952,내용
9954,치가
9955,엄마
9956,신문
9958,미니
9960,기사
9963,의사
9964,우선주
9967,출연
9971,열정
9972,임팩트
9973,연기
9974,몰입도
9975,감정
9976,표현
9977,전달
9979,엄마
9980,눈물
9981,노래
9982,실력
9984,몰입도
9988,피아노
9989,연주가
9991,상치
9993,방식
9994,열정
9995,집중
9997,연주
9998,파트
9999,임팩트
10002,흐름
10005,실력
10006,열정
10011,배경
10014,분위기
10019,인지
10020,크게
10021,후회
10024,김수하
10026,연기
10028,피아니스트
10032,연주
10035,크뤼거서사
10044,상상
10055,사람
10057,헤엄
10061,피아노
10062,각색
10063,무대
10064,퀄리티
10065,실망
10069,보신
10071,의문
10072,드네
10073,원작
10074,상태
10079,비중
10082,네이버
10084,소개
10086,바탕
10089,관계성
10093,배경
10095,히스토리
10098,해당
10101,사감
10102,생강
10104,비중
10107,연출
10111,상상
10115,피아노
10116,형태
10117,조명
10118,처리
10120,장면
10122,연주
10123,장면
10124,김수하
10127,처음
10128,에너지
10129,압도
10133,필모
10137,앙상블
10139,가사
10143,음향
10144,장비
10147,문제
10148,해당
10149,작가
10150,여성
10151,홍보
10159,작가
10162,주목
10166,남자
10169,경험
10170,누굴
10171,조명
10172,작가
10173,마음
10180,처음
10181,남자
10183,사랑
10189,김수하
10193,예상
10195,상치
10197,아이즈
10198,역할
10199,김하연
10205,란주
10207,마음
10210,무대
10214,인사
10216,마음
10220,열연
10224,진행
10226,전이
10227,흐름
10230,장면
10233,연출
10235,엔딩
10236,기억
10237,작곡가
10238,차기작
10239,넘버
10243,최고
10244,최고
10245,넘버
10246,추천
10251,수정
10253,소재
10258,대본
10262,뤼거
10263,최고
10264,피아니스트
10266,협연
10267,피아노
10270,현악
10271,피치
10272,카토
10275,소리
10276,표현
10278,소름
10281,피아노
10282,연주
10283,황홀경
10290,사람
10293,마음
10295,의지
10296,과정
10298,뤼거
10300,어쩌면
10303,의지
10304,위로
10305,생각
10306,피아노
10307,조명
10312,해도
10313,손색
10317,통해
10318,피아노
10321,한참
10322,미소
10323,사람
10328,주제
10329,생각
10330,상처
10333,피아노
10334,통해
10337,이유
10338,위태로웠던
10340,사람
10342,사랑
10346,깊이
10349,절반
10352,피아노
10353,연주가
10356,서사
10360,선경
10362,환희
10364,나사
10367,최고
10371,음역
10372,대도
10373,듯이
10374,소화
10376,수하
10377,김수하
10378,바릭
10379,기자
10381,스틸
10383,이동수
10385,스토리
10386,연출
10391,전율
10392,직접
10395,수하
10397,천재
10403,깊이
10404,이해
10405,감동
10409,연기
10410,몰입
10411,처음
10415,극같아
10416,김수하
10417,사랑
10418,피아니스트
10419,최고
10420,작가
10421,대본
10427,불호
10429,생각
10432,굳이
10433,원작
10435,비교
10437,해도
10438,피아노
10439,연주
10441,찌릿
10443,연기
10444,나름
10445,만족
10447,평점
10448,주신
10449,이유
10450,이해
10452,연기
10455,노력
10456,희망이
10460,매력
10462,연기
10463,대체로
10464,감동
10467,넘버
10470,스토리
10471,살짝
10475,스스로
10476,합리화
10477,스토리
10479,불만
10483,김수하
10486,원작
10488,기대
10489,원작
10491,자극
10496,대사도
10497,원색
10501,피아니스트
10502,분과
10503,퍼포밍하
10506,연기
10507,노랜
10509,나치
10510,얘기
10511,살인자
10514,절대
10515,보이지
10516,피아노
10517,천재
10520,뤼거
10521,사제
10522,관계
10523,우정
10524,사랑
10526,초점
10529,크뤼거둘
10538,사람
10540,의미
10541,내용
10542,굳이
10544,문제
10548,라면
10549,아무
10550,공감
10554,사람
10557,서사
10560,마음
10567,넘버
10568,넘버
10570,음향
10572,넘버
10573,사도
10580,크뤼
10582,선생님
10583,서사
10586,뚝쭉
10592,전개
10595,신문
10596,기사
10597,자료
10598,크게
10599,구체
10600,필요
10604,아버
10608,이유
10609,보이지
10610,공감
10614,무대
10615,장치
10623,억지로
10630,각색
10631,최악
10633,미니
10636,강남
10637,작곡
10638,맹성
10640,연출
10641,박소영
10642,음악감독
10643,박재현
10644,안무
10646,유선
10648,디자인
10649,최영은
10650,조명
10651,디자인
10652,임재덕
10653,음향
10654,디자인
10655,문규영
10656,디자인
10657,이수경
10658,의상
10659,디자인
10660,안현주
10661,분장
10662,디자인
10665,소품
10666,디자인
10667,소정
10668,출연
10670,김수하
10675,현수
10676,김늘봄
10677,노지연
10678,김하연
10680,현아
10681,이동수
10682,피아니스트
10683,조재철
10684,작정
10687,국립
10688,정동극장
10690,점원
10692,발표
10693,독일
10696,스토리
10697,예상
10700,여자
10701,중심
10703,뜬금
10704,교도관
10705,얘기
10708,과거
10711,하이라이트
10713,연주
10714,피아노
10716,퍼포먼스
10720,얘기
10721,크뤼거역
10724,인생
10727,전작
10733,안정
10734,노래
10735,연기
10740,선택
10741,스웨
10742,에이지
10743,조선
10744,김수하
10746,전작
10750,애정
10752,노래
10754,호소
10756,넘버
10757,오스카
10759,아쉬움
10760,감동
10763,원작
10764,오케이
10768,의문
10770,제작
10772,남캐
10773,얘기
10777,캐둘
10779,박살
10780,내지
10781,피아노
10782,지루함
10784,서사
10785,극작
10786,무대
10788,영상
10789,연출
10790,별로
10792,생각
10798,서사
10800,속마음
10814,드르르
10815,륵드르
10818,휘릭
10819,휘릭
10820,고생
10821,거보
10823,집중
10825,원작
10826,처음
10827,스토리
10828,옴니버스
10829,전개
10830,형식
10831,중심
10832,인물
10833,비중
10834,연출
10835,대사
10837,창작
10839,전작
10841,기대
10843,자아도취
10844,매너리즘
10845,극치
10847,연주
10848,최고
10851,환희
10852,사랑
10854,레전
10855,환희
10858,프랭키
10862,청소
10864,환희
10866,천재
10868,원작
10869,생각
10870,참고
10875,남캐
10877,연민
10882,피땀
10883,눈물
10885,거듭
10887,디테일
10888,감동
10891,지하
10894,토막
10895,서사
10896,아쉬움
10897,교도소
10898,수감자
10901,폭력
10904,연주
10905,연주
10906,연주
10907,비어
10908,각본
10909,연출
10912,통해
10916,일지
10917,생각
10919,김수하
10920,페어
10924,후회
10927,지옥
10934,등장
10937,여왕님
10944,연주
10947,피아노
10948,연주
10952,원작
10953,설정
10955,수준
10957,서사
10958,원작
10959,기능
10960,이용
10961,남성
10964,주연
10965,발생
10968,완결
10969,서사
10972,주변
10973,부의
10975,시도
10976,이유
10977,기득권
10978,타자
10979,시선
10980,사건
10981,입체
10984,만들기
10991,재능
10994,로서
10995,재능
10997,대척점
10998,모양
10999,재능
11000,권력
11003,임뮈체
11005,관계
11006,남성
11007,간수
11008,여성
11009,청소년
11010,죄수
11012,생각
11016,질투
11018,그것
11023,크리
11026,원작
11028,의미
11029,요소
11031,제거
11032,자극
11033,요소
11034,멋대로
11036,조립
11040,크뤼
11043,중점
11044,원작
11046,인물
11049,정신
11050,대사도
11054,문제
11055,상대
11056,신경
11059,하이라이트
11063,기술
11064,인상
11065,사적
11066,여분
11069,크뤼
11071,관계성
11072,표현
11075,연주가
11078,인사
11080,마무리
11086,여운
11092,인물
11097,전달
11099,불구
11100,이유
11101,불분
11102,명함
11103,작가
11104,원작
11107,오스카
11108,발견
11110,건가
11114,오스카
11119,피아노
11121,납득
11123,불구
11124,피아노
11125,욕망
11126,납득
11129,오스카
11130,피아노
11134,장치
11138,이유
11139,화난
11142,오스카
11143,뢰벤
11147,장면
11148,대사
11149,장면
11150,과대
11151,추가
11152,실망
11155,아쉬움
11156,이지
11158,연주
11159,최고
11160,크게
11161,기대
11167,추천
11168,실망
11170,실화
11171,바탕
11174,스토리
11175,라인
11177,무리
11180,피아노
11181,연주
11182,집중
11184,아쉬움
11187,스토리
11191,최고
11193,피아니스트
11195,최고
11198,피아노
11199,음향
11201,가사
11213,사람
11214,감정
11216,돌이
11223,감사
11225,고생
11228,열연
11229,스토리
11230,지루
11234,기억
11238,처음
11239,경험
11243,연주
11245,김수하
11247,연기
11248,감탄
11250,피아노
11256,인물
11257,감정
11258,선도
11259,이해
11263,장면
11264,하나로
11267,피아니스트
11272,여왕님
11273,수하
11276,사랑
11281,여자
11282,여성
11287,남캐
11289,서사
11291,서사
11293,처음
11299,질투
11300,절절
11301,내용
11303,천재
11305,재능
11309,아버지
11313,원작
11314,극도
11315,대본
11318,넘버
11320,한국
11321,창작
11323,현실
11324,한계
11325,여실히
11327,뤼거
11330,능력
11332,미니
11334,주연
11336,생각
11341,처음
11342,시작
11344,자극
11345,시체
11346,연출
11347,무대
11349,감정
11351,열연
11352,감동
11353,에스티
11354,피아노
11355,연주
11358,피아노
11359,음악
11360,물결
11362,음향
11364,가사
11366,무대
11367,영상
11369,결말
11371,에너지
11375,장면
11376,처음
11379,멀티
11382,해주시
11383,비중
11384,역할
11391,사분
11392,전율
11394,극도
11395,관객
11396,분위기
11398,나름
11399,열연
11401,수고
11402,피아노
11403,연주자
11407,마무리
11409,장면
11410,최고
11412,최고
11414,서사
11421,연기
11422,감정
11424,가사
11425,내용
11427,생각
11428,수하
11430,연기
11431,감정
11432,노래
11433,최고
11435,연기
11436,피아노
11437,연주가
11438,최고
11439,무대
11441,평점
11444,이해
11446,처음
11448,몰입
11449,감쩔
11451,긴장감
11453,꼼짝
11455,순간
11458,원작
11461,제목
11463,뮈미니츠
11464,비아
11465,거릴
11468,집중
11470,더없이
11472,집중
11476,집중
11478,꼼지락
11479,관객
11480,어깨
11481,박수
11482,흥분
11483,쉬이
11484,진정
11489,여인
11490,마음
11492,과정
11494,아픔
11495,공유
11496,장면
11498,무대
11500,드레스
11501,환복씬
11508,드라마
11512,대사
11513,외치
11515,라바
11516,피아노
11517,선율
11520,연주
11521,장면
11523,연기
11529,부디
11531,포뮈
11532,니체
11536,주변인
11537,시선
11540,의미
11543,주변인
11544,약자
11545,거나
11546,소외
11547,존재
11551,관심
11553,의미
11555,사람
11556,수두
11557,남자
11559,연민
11560,얘기
11561,원작
11562,의미
11563,이유
11564,여성
11567,크뤼
11569,쌍방
11570,구원
11571,과정
11572,감정
11573,관계
11578,통해
11582,뤼거
11583,얘기
11584,싹둑
11586,갑자기
11587,남캐비
11588,중이
11591,얘기
11595,남캐
11598,안보
11599,사가
11602,크뤼
11604,감정
11605,이해
11607,수준
11609,뤼거
11611,연기
11614,포함
11615,피아노
11616,장면
11621,김수하
11626,크뤼
11631,얘기
11633,애비
11634,검사
11635,넘버
11636,영상
11637,끝내
11639,심정은
11641,넘버
11643,짐작
11645,사건
11648,변명
11649,설명
11652,요크
11653,뤼거
11654,기억
11658,관계
11659,역할
11660,서사
11664,재능
11666,선생
11667,되어버
11668,린듯뮈체너
11669,재능
11672,상처
11673,살리에르
11675,심정은
11676,절절
11678,표현
11679,음향
11682,선전
11683,장면
11687,마이크
11690,소리
11692,갑자기
11696,다행
11697,불구
11703,마력
11707,헤엄
11708,삼중창
11709,넘버
11712,솔로
11713,넘버
11714,이유
11715,생각
11716,감동
11723,불허
11726,연기
11727,노래
11728,피아노
11729,연주
11731,강추
11737,추천
11739,연기
11740,피아노
11741,연주가
11742,연출
11743,스토리
11749,만들기
11750,청소
11752,넘나씐나
11755,주연
11759,김수하
11763,연기
11764,노래
11765,감탄
11769,열연
11772,김수하
11776,무대
11777,압도
11781,공감
11783,임팩트
11784,최고
11789,넘버
11798,하이라이트
11799,넘버
11801,감동
11802,스토리
11805,측면
11812,매력
11813,폭발
11817,의미
11818,재미
11820,생각
11823,노래
11824,넘버
11825,조음
11826,스토리
11827,넘버
11828,피아노
11829,예술
11833,패키지
11834,구매
11836,홍보
11837,노출
11838,감옥
11839,만난
11841,사제
11842,피아노
11843,통해
11844,관계
11845,티저
11846,포스터
11847,손겹
11850,생각
11851,등장인물
11853,정신
11856,집중
11858,스토리
11860,잡지
11863,인물
11865,물가
11871,이입
11874,도서
11875,사도
11877,노래
11878,연기
11879,그것
11881,납득
11882,몰입
11883,서사
11884,대사
11885,감동
11886,거지
11888,기능
11890,무대
11898,초딩
11900,대사
11903,상황
11905,어조
11906,어휘
11908,대사
11910,대사
11911,피아노
11915,대사
11916,필요
11918,마디
11920,서사
11921,간수
11922,역할
11923,서사
11924,반복
11926,노래
11927,대사
11928,통해
11929,강요
11932,입안
11933,이입
11938,연기
11939,그거
11943,우리나라
11944,창작
11945,수준
11950,비중
11951,기능
11952,존재
11954,이유
11956,행동
11957,이유
11958,서사
11960,정작
11961,주역
11964,비중
11966,죽도
11969,최악
11972,선택
11975,소비
11976,관객
11979,파악
11983,하나요
11985,대본
11987,대본
11990,별로
11991,프로그램
11993,실어
11998,실패
11999,요인
12001,칭찬
12007,장면
12013,원작
12021,기대
12028,인상
12029,넘버
12030,살짝
12034,열연
12039,마음
12042,원작
12045,전개
12047,아쉬움
12055,매력
12057,고민
12058,노력
12061,관객
12064,연기
12065,인상
12068,순식간
12069,목소리
12070,자세
12071,변화
12072,세월
12073,과거
12074,현재
12076,표현
12077,내시
12081,피아노
12083,애증
12085,점차
12086,변화
12090,다해
12091,집중
12092,표현
12095,연기
12097,감동
12099,빈틈
12100,연기
12101,음악
12102,피아노
12103,하나로
12104,무대
12106,연출
12107,감상
12108,재미
12109,금방
12114,연주
12115,장면
12118,연주
12119,장면
12120,인상
12122,열연
12129,인상
12135,목소리
12138,무게
12140,비중
12141,목소리
12143,의문
12146,연기
12147,피아노
12148,연주
12154,인상
12155,연기
12156,몰입
12157,서울
12158,창작
12162,연기
12163,노래
12169,아쉬움
12171,알바
12173,발음
12175,아버지
12176,얘기
12178,이해
12182,온몸
12183,소름
12185,미니
12187,구나
12188,극본
12189,음악
12190,별로
12193,한국
12194,그간
12196,스타일
12197,방식
12198,매력
12202,무대
12203,연출
12206,피아노
12207,연기
12210,무대
12217,생각
12219,원작
12221,환희
12223,최고
12224,뮈제
12231,별로
12232,피아노
12233,연주
12234,대박
12237,서사
12238,표현
12239,방식
12240,불만
12243,미니
12247,여운
12249,얘기
12250,왤케
12253,서사
12254,사람
12257,집중
12260,원작
12263,실망
12264,뤼거
12266,대화
12267,서사
12269,배역
12273,내용
12274,포함
12275,한참
12276,등장
12277,스타인웨이
12278,피아노
12279,등장
12281,강조
12282,정작
12283,크뤼거랑제
12284,피아노
12286,여성
12287,사극
12288,서사
12297,작가
12300,작가
12301,취향
12308,연습
12313,피아노
12314,연주
12318,연주
12319,피아니스트
12321,찬사
12328,역할
12329,생각
12330,커서
12331,나머지
12333,서사
12334,집중
12336,피아노
12337,연주
12338,기대
12339,아쉬움
12340,크게
12343,연기
12344,연주
12345,최고
12347,서사
12352,서사
12359,연기
12360,내용
12361,뒤죽박죽
12362,피아노
12365,만족
12367,장면
12369,장면
12370,연기
12371,정신
12374,피아니스트
12375,연주
12377,연주가
12378,최고
12379,피아노
12380,열정
12381,인생
12382,인상
12385,연기
12388,제목
12391,강렬
12394,개연
12398,서사
12399,참고
12400,하제니
12401,은철
12402,피아니스트
12407,대감
12410,막상
12412,나니
12416,여성
12417,투탑
12422,상처
12423,이해
12425,교감
12426,성장
12435,비중
12436,피아니스트
12438,무대
12439,존재
12442,퇴장
12443,원작
12447,서사
12449,연출
12451,싱크로
12452,율도
12453,생각
12454,피아니스트
12455,연주
12457,연주
12461,해도
12462,과언
12463,압도
12468,뤼거
12475,아쉬움
12476,남지
12477,불구
12480,압도
12484,필요
12485,상징
12489,서사
12493,마케팅
12495,생각
12496,원작
12499,무대
12504,아무
12505,원한
12507,평소
12508,애정
12513,광어
12515,광어
12516,연어
12517,참치
12518,뱃살
12520,종류
12521,양으로
12523,광어
12524,광어
12525,판다
12527,문제
12530,별로
12534,생선
12536,먹음
12537,참치
12541,사기
12542,당한
12543,기분
12547,서사
12549,인기
12554,환희
12556,무대
12558,연주가
12562,서사
12567,결승
12570,최고
12572,피아노
12573,연주
12575,순간
12578,스토리
12579,라인
12580,방향
12582,극뮈체
12583,서사
12584,투머
12585,치인
12588,크리
12591,크리
12594,얘기
12596,상상
12597,피아니스트
12599,최고
12602,대사도
12603,음악
12604,연출
12605,역할
12606,배분
12607,소문
12617,등장
12618,의미
12632,활용
12634,인물
12636,노래
12637,의미
12639,캐스트
12640,보드
12643,처음
12645,원작
12648,수준
12649,대본
12650,강남
12651,작가
12654,페이
12656,완성
12658,창작
12661,대본
12664,가치
12665,판단
12666,대본
12667,완성
12669,불구
12670,광고
12671,재능
12672,자만
12675,애초
12676,재능
12677,광고
12678,독일
12679,독재정
12680,포르노
12681,사용
12682,창작
12684,개념
12686,거도
12691,검사
12693,아빠
12694,관리소
12695,가치관
12697,객석
12698,사람
12701,아빠
12702,관리소
12705,창작
12708,보시
12710,리도
12712,생각
12716,연보
12719,본인
12720,직업
12723,고민
12726,정동극장
12729,대본
12732,결정
12734,정동극장
12736,라인업
12739,반년
12743,수준
12745,최고
12746,사람
12750,생각
12751,연주
12754,지루
12757,자둘
12761,연기
12762,노래
12763,넘버
12764,가사
12766,만해
12774,포함
12783,영수
12784,연기
12785,노래
12787,능력
12788,실물
12789,신분증
12791,수령
12792,양도
12796,열정
12797,연기력
12799,연주
12800,장면
12802,인상
12803,내용
12808,피아노
12809,연주
12810,피아니스트
12814,우연
12816,리뷰
12818,각색
12821,의견
12822,살짝
12823,걱정
12825,주연
12829,연기
12832,결론
12833,창작
12835,불구
12838,스토리
12839,관통
12840,의식
12843,혼란
12844,장면
12845,전개
12847,생각
12850,연출
12851,각색
12856,보안
12860,체감
12861,무대
12862,활용
12864,이해
12867,도움
12869,역할
12870,과도
12871,나머지
12872,매력
12874,혼란
12875,야기
12877,생각
12878,넘버
12881,크뤼거제
12883,중창
12884,크뤼
12886,독창
12888,제외
12889,크게
12890,넘버
12891,연기
12893,주연
12895,연기
12897,생각
12900,집중
12903,생각
12908,만날
12911,인상
12914,작두
12919,무언가
12921,포기
12922,거나
12927,가면
12930,이전
12931,부가
12934,하나로
12938,연기
12942,연기
12945,미니
12947,연주가
12948,압도
12950,피아니스트
12952,합주
12954,인상
12956,인상
12958,인상
12959,청소
12960,넘버
12961,각색
12962,연출
12964,주연
12966,연기
12967,노래
12970,코러스
12971,연기
12972,과잉
12973,원작
12975,사람
12980,전개
12981,원작
12984,전달
12985,장점
12986,단순화
12987,관습
12989,별로
12991,연출
12992,각색
12994,크리
12999,부각
13000,하나요
13001,원작
13004,워낙
13005,스토리
13009,제외
13010,몰입
13012,워낙
13013,실력
13015,무대
13016,가득
13022,생각
13024,하이라이트
13025,영상
13026,무대
13027,한참
13030,여왕
13032,러블
13033,리제
13035,페어
13036,출연
13039,무조건
13040,페어
13041,내용
13042,명의
13043,메인
13044,여배우
13045,교도
13049,중심
13054,역할
13055,분량
13057,서사
13058,중심
13062,주조
13063,앙상블
13066,열연
13068,인상
13070,여배우
13071,호연
13072,관계성
13074,생각
13076,역할
13077,비중
13081,주역
13082,서사
13084,설득
13085,과정
13086,방해
13088,결말
13090,연출
13093,주변
13094,서사
13098,사람
13099,집중
13103,집착
13104,음악
13105,동기
13106,과거
13108,사이
13111,밀도
13112,서사
13113,생각
13114,듭니
13115,앙상블
13117,활용
13118,방식
13119,시야
13120,방해
13121,동선
13124,굳이
13125,앙상블
13128,무대
13130,남아
13131,이유
13132,처음
13133,연주
13138,눈물
13139,추스리느
13140,미적
13141,미적
13142,환자
13146,사람
13148,보약
13149,효과
13150,능가
13154,인상
13155,장면
13156,각색
13157,퇴색
13158,내용
13166,삼중창
13169,왼쪽
13170,고정
13171,요크
13172,뤼거
13173,요크
13174,뤼거
13175,오른쪽
13176,앞쪽
13178,왼쪽
13179,뒷쪽
13187,넘버
13189,중심
13192,대체
13194,무대
13195,중심
13199,움직
13200,집중
13202,부의
13204,넘버
13206,피아니스트
13208,연주가
13212,서사
13214,이해
13215,감동
13218,경우
13219,시절
13223,피아노
13225,교도소
13226,기부
13229,콩쿨
13231,방해
13234,심경
13235,변화
13238,이해
13242,마음
13243,치유
13244,과정
13245,감정
13246,서사
13249,관계
13252,퀀텀
13253,점프
13254,듯이
13255,급변
13256,감정
13260,넘버
13263,힐링
13265,연주
13267,기립박수
13268,절로
13270,아쉬움
13276,집중
13279,원작
13282,이해
13285,원작
13290,부각
13296,열연
13297,노래
13298,인상
13300,프리뷰
13301,회차
13304,기대
13306,실망
13313,교도소
13315,분량
13317,뤼거
13319,크뤼거서사
13320,부족함
13321,인물
13322,감정
13324,아마뮈체
13327,서사
13328,부여
13330,당황
13337,노래
13341,감정
13344,눈물
13352,생각
13354,천재
13358,분량
13359,필요
13361,우산
13362,스타인웨이
13366,설명
13367,표현
13370,교도소
13371,압박
13372,묘사
13374,수감자
13375,청소
13376,넘버
13377,굳이
13382,중심
13385,미니
13390,괸장히
13394,소재
13396,활용
13397,방식
13399,임팩트
13400,해도
13401,그것
13403,스토리
13409,뜬금
13411,교도소
13413,조연
13415,활약
13416,하나요
13420,넘버
13423,부디
13425,비중
13429,크뤼
13430,거두
13431,사람
13432,집중
13433,극들
13434,후방
13437,극도
13438,처음
13439,커튼
13442,처음
13443,프리뷰
13446,열기
13448,노력
13450,실력
13452,무대
13453,넘버
13455,연기
13456,기억
13459,전율
13463,연기
13464,원작
13468,원작
13470,분량
13473,원작
13476,가면
13477,서사
13480,가야
13486,순간
13489,놨음닉값
13491,천재
13492,다사
13495,원작
13496,가기
13502,가사
13503,가사
13505,연기
13506,연주
13508,생각
13509,공감
13511,순간
13512,순간
13513,감정
13515,전달
13517,선영
13519,연기
13520,엔딩
13521,장면
13522,다한
13525,주연서
13526,사가
13529,엔딩
13531,가치
13532,생각
13537,추천
13539,인상
13541,크뤼
13543,서사
13546,서사
13547,반복
13549,불구
13550,열연
13553,귓가
13555,넘버
13564,캐스트
13572,연작
13574,감상
13579,필요
13580,생각
13582,가기
13584,감상
13587,살짝
13592,후회
13596,폭력
13597,행동
13598,말투
13599,충격
13601,필요
13603,스포일러
13604,포함
13607,이해
13608,세상
13610,혈육
13612,혈육
13614,생명
13615,위협
13616,자그
13617,생명
13619,살인자
13620,누명
13621,불구
13623,생명
13628,설득
13629,별빛
13630,아래
13633,선생님
13636,장면
13637,눈물
13646,인상
13650,주연
13651,서사
13654,하드캐리
13656,원작
13660,비중
13661,생각
13662,생각
13667,분량
13670,라면
13674,간다
13677,러닝
13678,타임
13679,크게
13682,서사
13684,생략
13688,감동
13689,크기
13694,피아니스트
13695,분연
13696,주도
13699,점도
13700,프리뷰
13701,기간
13704,생각
13705,무대
13707,연기
13713,내용
13714,이해
13718,관객
13721,내용
13723,생각
13724,뤼거
13727,중점
13728,텐데
13729,아쉬움
13730,수하
13732,연기
13734,집중
13735,수하
13737,최고
13738,연출
13739,폭력
13741,별로
13743,연기
13746,피아니스트
13747,호흡
13748,연기
13750,이제껏
13751,피아노
13752,연주
13756,최고
13759,연기
13760,피아노
13762,연주
13763,최고
13764,진심
13766,환희
13769,광기
13773,아멜리아
13774,말입
13778,환희
13780,연기
13781,항적
13782,눈빛
13783,목소리
13786,한시
13789,제목
13791,콩쿨씬
13795,머리
13796,검정
13797,드레스
13799,이질
13801,피아노
13802,건반
13804,튕기
13805,몸체
13807,연주
13808,연기
13810,환희
13815,환희
13816,피아노
13821,필모
13823,피아니스트
13826,피아노
13829,피아노
13830,반주
13835,분도
13836,고개
13839,고개
13841,위치
13842,불호
13844,피아노
13845,호호
13848,오피
13850,왼블
13852,오블
13854,피아니스트
13857,가도
13860,연기
13861,구멍
13862,아예
13865,넘버
13873,스토리
13874,연출
13876,주연
13879,연기
13880,원작
13882,내용
13883,홍보
13885,여성
13886,주연
13887,사극
13888,기대
13893,남성
13896,질투
13897,선망
13900,존재
13901,인지
13905,연기
13906,퍼포먼스
13909,김수하
13912,연기
13914,압도
13916,도달
13917,서사
13918,전개
13919,도약
13922,사이
13923,감정
13924,교류
13926,분노
13927,이해
13929,당황
13930,지경
13931,다작
13932,인터뷰
13933,역할
13934,조명
13937,줄거리
13939,범재
13940,조명
13942,스토리
13943,라인
13947,연기
13948,노래
13950,원작
13953,분량
13957,서사
13963,서사
13966,존재
13969,우려
13972,전율
13973,순간
13975,피아니스트
13976,연주
13977,퍼포먼스
13979,시공간
13980,마주
13981,브라
13983,박수
13984,정제
13987,뿜어져
13988,생명력
13989,에너지
13990,사람
13991,김수하
13993,에너지
13999,열연
14000,각본
14001,연출
14004,관점
14005,집중
14007,이해
14010,유대
14011,과정
14013,서사
14019,가면극
14020,이해
14024,가면
14025,내용
14028,당황
14032,주연
14035,열연
14036,찬사
14038,엔딩
14039,피아니스트
14041,피아노
14042,건반
14044,사용
14046,전쟁
14048,크뤼
14050,재능
14053,재능
14055,스스로
14056,붙이
14057,하루하루
14058,어간
14061,재능
14064,달리
14068,재능
14069,저주
14070,세상
14071,저주
14072,하루하루
14074,어딘가
14078,사람
14080,위로
14082,첫걸음
14083,연주가
14084,시작
14085,스토리
14086,라인
14089,스토리
14090,라인
14094,연기
14097,이해
14099,포기
14100,도달
14103,전율
14104,엔딩
14105,장면
14108,피아노
14109,연주
14110,시작
14113,시작
14116,피아노
14118,존재
14121,스크린
14122,그림자
14123,이용
14124,연출
14125,종일
14130,장면
14132,이유
14135,장면
14136,환희
14138,피아니스트
14140,연주가
14141,음악
14142,미술
14143,종합예술
14145,피아니스트
14146,호흡
14147,추천
14151,장면
14155,연기
14157,피아노
14158,소리
14160,기억
14161,남아
14164,가세
14169,피아노
14170,연주
14172,예술
14178,시놉
14180,감동
14181,극일
14183,장면
14184,고창
14186,잔잔
14187,인상
14188,청각
14189,자극
14192,열연
14193,피아니스트
14195,열연
14200,최고
14201,기억
14204,넘버
14212,딕션
14217,창시
14218,음향
14220,가사
14223,물고기
14226,넘버
14228,스스로
14231,헤엄
14233,제목
14237,연기
14240,관계
14243,관계
14246,피아니스트
14249,연주
14250,피아니스트
14254,조명
14256,크뤼
14258,서사
14259,기도
14262,수정
14263,바램
14265,연주
14267,제외
14269,조명
14270,연주
14271,악보
14273,조명
14274,이면
14277,분량
14281,크뤼
14283,과거
14285,까뮈
14287,선생님
14288,인정
14291,스스로
14296,생각
14298,아빠
14299,통해
14302,생각
14303,음향
14304,연출
14306,연기
14307,가득
14309,사만
14314,아쉬움
14316,여자
14319,자주
14321,오프닝
14322,박수
14324,기합
14327,피아니스트
14328,흐름
14330,피아니스트
14332,피아니스트
14336,영혼
14339,하제니
14340,사랑
14342,아멜리아
14344,환희
14346,최고
14348,연주
14349,충격
14352,피아니스트
14354,호흡
14359,피아노
14360,피아노
14362,연주
14364,브라보
14365,외치
14368,엔딩
14370,제목
14375,몰입도
14376,최상
14378,군데군데
14379,듬성
14381,서사
14388,의사
14393,공존
14400,최후
14401,무대
14404,장면
14405,가치
14406,박수
14408,타이밍
14410,엔딩
14412,무척
14413,매력
14414,긴장
14415,분위기
14417,구현
14420,분량
14421,개빡쳣구
14425,기만
14426,해도
14428,한숨
14432,미니
14433,츤데
14435,뤼거
14438,서사
14441,나안
14444,아빠
14445,교도소
14446,넘버
14450,사나
14458,뤼거
14462,작가
14468,실망
14471,요하
14473,뤼거
14475,거예
14481,소름
14483,연기
14485,스펙
14489,크뤼
14491,김수하
14494,연기
14495,감탄
14497,퀄리티
14498,영상
14500,뢰벤
14503,크뤼
14505,서사
14508,건물
14509,시도
14510,갑자기
14512,크리
14514,무릎
14515,장면
14516,갑자기
14517,관계
14518,발전
14519,당황
14520,금치
14522,보완
14527,재능
14528,이유
14532,재능
14533,이유
14534,내면
14536,어딘가
14539,주위
14541,인물
14542,욕망
14543,피아노
14544,피아노
14545,피아노
14546,심플
14547,무대
14549,에너지
14550,폭발
14553,연주
14555,소름
14558,연기
14560,최고
14564,제목
14570,연주
14572,서사
14581,대사
14582,치실
14584,노래
14586,소름
14588,눈물
14591,전작
14596,기대
14597,안고
14599,상상
14600,상이
14604,가도
14605,백퍼센트
14611,인상
14614,열연
14615,무척
14616,기억
14617,남아
14621,로딩
14623,무척
14624,기대
14625,회전
14627,피아노
14628,엔딩
14630,최고
14632,연기
14633,조명도
14634,무대
14637,비중
14638,커서
14641,이유
14643,피아노
14646,인물
14648,임팩트
14649,연결
14650,성도
14654,감정
14655,이해
14656,장애물
14663,준비
14668,연기
14671,관객
14672,몰입
14679,비중
14683,무대
14685,흐름
14686,통일
14687,영상
14688,앙상블
14689,활용
14690,원작
14693,크뤼
14695,서사
14698,비중
14700,몰입
14701,방해
14704,대조
14706,강박
14707,강조
14708,재능
14710,워드
14711,겨울
14713,개성
14714,뭉갭
14715,소재
14717,열연
14718,형편
14719,극작
14720,대작
14723,아쉬움
14728,크뤼
14730,상처
14731,자가
14733,사람
14734,상처
14735,발견
14736,위로
14742,김수하
14747,연기
14748,노래
14749,퍼포먼스
14750,연출
14757,기대
14759,걱정
14761,걱정
14768,노래
14769,연기
14776,수하
14778,와일드
14779,연기
14781,등장
14782,눈빛
14784,연주
14785,압도
14786,전율
14787,무대
14790,기립박수
14797,재미
14798,처음
14799,노력
14801,시대
14802,감성
14803,대사
14806,대사
14807,전달
14810,감정
14811,과잉
14812,이해
14814,형상
14817,퍼포먼스
14818,의자
14820,노력
14822,재미
14823,반감
14825,일반
14832,제작자
14835,관객
14836,입장
14839,불만족
14842,노래
14843,연기
14844,피아니스트
14845,연주
14850,서사
14851,보완
14855,크루
14857,스토리
14861,갑자기
14863,별개
14864,김수하
14867,최고
14868,노래
14869,연기
14870,감정
14872,최고
14877,스토리
14878,라인
14879,개연
14880,성과
14881,흡인
14882,열정
14883,연주
14885,미니
14887,내용
14894,카페
14895,양준
14900,인사
14902,참고
14906,모니터링
14909,인사
14915,전용
14917,가시
14920,음향
14922,대사
14925,열연
14927,감정
14928,전달
14929,조연
14931,피아니스트
14936,코로
14938,커튼
14941,소리
14942,기립박수
14946,내세
14948,한계
14949,행위
14950,예술
14951,경지
14952,발매
14955,오슷
14956,발매
14957,예정
14959,정동극장
14961,돌팔매
14964,말씀
14967,퀄리티
14969,결제
14977,남아
14979,과거
14981,피아노
14982,포기
14986,포기
14987,피아노
14989,감정
14991,연출
14995,기억
14997,연출
15000,각본
15001,연출
15004,크루
15006,서사
15007,보이지
15009,존재
15011,가득
15013,연출
15014,프리뷰
15015,기간
15016,나중
15017,수정
15020,장소
15021,전환
15022,스토리
15023,흐름
15025,캐치
15028,내용
15029,이해
15030,원작
15033,메인
15035,서사
15038,디테일
15042,공감
15045,몇몇
15047,감정
15052,김수하
15054,노래
15055,연기
15057,딕션
15059,대부분
15060,대사
15061,김수하
15063,실황
15065,미스
15066,사이공
15067,앙상블
15069,연기
15070,노래
15073,국내
15075,출연
15080,피아노
15081,연기
15083,자연
15084,커튼
15085,콜로
15088,연기
15089,예술
15091,재능
15094,콩쿨
15096,인상
15098,서사
15100,직접
15101,무대
15103,직접
15104,아빠
15108,이전
15109,성격
15112,성격
15114,원인
15115,사랑
15116,남자에게
15117,배신
15119,어서
15120,연속
15121,선상
15125,본인
15127,하나요
15128,관객
15129,상상
15130,설명
15131,아빠
15132,가정폭력
15134,변명
15135,넘버
15139,서사
15142,나크뤼거
15144,관계
15145,설명
15151,사랑
15152,본인
15153,결핍
15156,사랑
15160,의미
15164,생각
15165,교도소
15166,장면
15168,서사
15177,크뤼
15178,거사
15179,이의
15180,관계도
15183,신뢰
15185,의미
15188,과정
15192,언어
15193,행동
15197,관계
15200,노래
15202,암시
15204,감정
15205,넘버
15211,서사
15214,애초
15216,홍보
15217,서사
15221,가사
15223,힐링
15227,서사
15228,공감
15233,서사
15235,혼신
15237,다해
15238,감정
15239,전달
15241,퍼센트
15242,전달
15246,허락
15247,영역
15248,관객
15255,파악
15256,납득
15259,분량
15261,교도소
15264,관객
15265,불구
15267,기립
15268,박수
15272,열연
15274,점도
15277,연기
15283,방향
15285,자주
15290,깜짝
15296,잘못
15300,연인
15302,넘버
15304,주연
15306,크뢰거
15308,넘버
15309,분량
15315,확인
15320,분량
15322,창작
15326,무척
15327,이입
15331,분량
15336,서사
15339,어요
15340,주연
15342,서사
15345,얘기
15346,나오니
15347,가면
15348,갈수록
15351,마음
15354,분량
15356,수정
15358,스타인웨이
15359,피아노
15360,넘버
15361,삭제
15363,처음
15366,체크
15368,거제
15369,삼중창
15370,분량
15372,우산
15373,허밍
15374,선생님
15375,인정이
15377,대사
15380,대사
15383,주기
15386,과거
15388,신문
15389,넘버
15390,삼중창
15394,넘버
15395,대사
15396,이해
15400,넘버
15401,내용
15403,삼중창
15404,이후
15405,여야
15408,분량
15411,집안
15413,동생
15416,선생님
15417,피아노
15418,내용
15419,뤼거
15424,탈옥
15425,장면
15426,크뢰거
15427,서사
15429,장면
15432,도움
15434,실망
15437,서사
15443,현대
15444,내용
15445,각색
15450,분량
15452,불행
15453,포르노
15454,연출
15456,눈살
15461,굳이
15462,자극
15463,사용
15464,장면
15466,크뢰거
15470,사랑
15476,서사
15478,과거
15479,로맨틱
15480,마음
15481,내용
15482,크뢰거
15483,충격
15484,방식
15485,소비
15487,내용
15489,도움
15491,자극
15492,이기만
15495,아빠
15496,가정폭력
15497,학대
15500,자주
15501,등장
15503,넘버
15505,등장
15508,기분
15509,가해자
15510,변명
15514,방식
15515,생각
15519,상상
15520,시대
15521,변화
15523,감수성
15527,비밀
15528,아빠
15530,음으로
15531,관객
15533,이해
15534,거나
15536,이입
15542,아빠
15545,대사
15548,적극
15549,가해자
15550,목소리
15551,주시
15554,당황
15555,기자
15557,취재
15558,장면
15559,플래시
15563,불규칙
15564,결구
15566,장면
15569,셔터
15570,소리
15571,거나
15573,카메라
15575,플래시
15577,크뢰거
15581,연기
15582,노래
15586,넘버
15587,주연
15590,서사
15592,연결
15593,분량
15595,사랑
15598,감방
15599,동기
15600,역할
15602,세분
15603,멀티
15604,역할
15606,크뢰거
15608,연주
15609,객석
15610,브라보
15611,외침
15612,관객
15613,연주회장
15614,관람객
15616,인상
15619,수정
15623,내부
15624,연주가
15625,건가
15626,이입
15628,안정
15630,무대
15631,스타인웨이
15632,피아노
15634,피아니스트
15635,가치
15636,피아노
15642,우의
15643,열연
15644,기회
15648,정동극장
15649,홈페이지
15654,무대
15655,스타인웨이
15656,피아노
15658,피아니스트
15659,가치
15660,피아노
15666,우의
15667,열연
15668,기회
15672,정동극장
15673,홈페이지
15679,피아노
15680,장면
15681,압도
15690,불행
15691,포르노
15696,검사
15697,소장
15698,초점
15700,자고
15703,정이
15704,작부
15707,감탄
15708,피아노
15709,소리
15710,생으로
15713,감동
15714,긴박
15716,전개
15720,무대
15721,교도소
15723,설정
15729,크뤼
15730,거역
15734,개그우먼
15736,연상
15738,착각
15739,사운드
15742,무대
15744,리트
15745,무대
15747,피아노
15748,피아노
15749,피아노
